sounding,N,rho_ohm_m,h_m,z_top_m,err_percent
A (1),1,1105.38,1.02132,0,13.3
A (1),2,1637.98,7.07909,1.02132,13.3
A (1),3,47.2819,,8.10041,13.3
B (2),1,1193.06,8.28105,0,26.8
B (2),2,49.9655,,8.28105,26.8
