{"type":"FeatureCollection","name":"sl_admin_geoboundaries","description":"Boundaries from geoBoundaries (www.geoboundaries.org), CC BY 4.0 (Runfola et al. 2020, PLoS ONE 15(4): e0231866). The district set predates the 2017 creation of Karene and Falaba (14 districts).","features":[{"type":"Feature","properties":{"level":"ADM0","name":"Republic of Sierra Leone"},"geometry":{"type":"MultiPolygon","coordinates":[[[[-12.56262,7.37628],[-12.56091,7.37774],[-12.56202,7.37929],[-12.56202,7.37796],[-12.56292,7.37699],[-12.56262,7.37628]]],[[[-12.56864,7.40014],[-12.56923,7.40029],[-12.56943,7.39957],[-12.57029,7.4002],[-12.56987,7.39543],[-12.57076,7.39418],[-12.57048,7.3929],[-12.56844,7.39175],[-12.56809,7.39236],[-12.56874,7.39272],[-12.56919,7.39591],[-12.56857,7.39734],[-12.56864,7.40014]]],[[[-12.56983,7.40093],[-12.56949,7.40168],[-12.57018,7.40359],[-12.57352,7.40905],[-12.57188,7.4113],[-12.57291,7.41137],[-12.57454,7.41007],[-12.57448,7.40707],[-12.57297,7.40557],[-12.57086,7.40086],[-12.56983,7.40093]]],[[[-12.56724,7.42038],[-12.56963,7.41697],[-12.56956,7.41478],[-12.56697,7.41779],[-12.56697,7.41867],[-12.56519,7.42004],[-12.56642,7.41977],[-12.56724,7.42038]]],[[[-12.44085,7.41046],[-12.43458,7.41156],[-12.42735,7.41619],[-12.42644,7.41887],[-12.43352,7.42095],[-12.43829,7.41879],[-12.44311,7.41842],[-12.44809,7.41646],[-12.44951,7.41512],[-12.44834,7.41338],[-12.44793,7.41038],[-12.44085,7.41046]]],[[[-12.50083,7.42878],[-12.50035,7.43144],[-12.5024,7.43471],[-12.50308,7.43458],[-12.50431,7.43362],[-12.50452,7.43192],[-12.5039,7.43028],[-12.50206,7.42762],[-12.50151,7.42741],[-12.50083,7.42878]]],[[[-12.48138,7.43082],[-12.4794,7.43273],[-12.47912,7.43417],[-12.48124,7.43676],[-12.48377,7.43226],[-12.48267,7.43076],[-12.48138,7.43082]]],[[[-12.48288,7.44134],[-12.48363,7.44352],[-12.48895,7.44468],[-12.48506,7.44099],[-12.48329,7.44031],[-12.48288,7.44134]]],[[[-12.48465,7.43171],[-12.4824,7.43785],[-12.4839,7.43826],[-12.48854,7.44181],[-12.49284,7.44796],[-12.49585,7.44263],[-12.49585,7.44161],[-12.49005,7.4339],[-12.48936,7.43178],[-12.48738,7.43062],[-12.48534,7.43055],[-12.48465,7.43171]]],[[[-12.49639,7.44734],[-12.49469,7.45362],[-12.49733,7.45237],[-12.49933,7.44843],[-12.49919,7.44652],[-12.49748,7.44618],[-12.49639,7.44734]]],[[[-12.51912,7.45369],[-12.51939,7.45478],[-12.52055,7.45362],[-12.52001,7.45314],[-12.51912,7.45369]]],[[[-12.4973,7.46907],[-12.49916,7.46906],[-12.50114,7.46815],[-12.50148,7.46703],[-12.50048,7.46535],[-12.49994,7.46516],[-12.4982,7.46675],[-12.4973,7.46907]]],[[[-12.50929,7.46952],[-12.51067,7.47011],[-12.5125,7.46917],[-12.513,7.46986],[-12.51514,7.46996],[-12.51621,7.46764],[-12.51632,7.46557],[-12.51482,7.46461],[-12.51339,7.46488],[-12.5097,7.46741],[-12.50888,7.46884],[-12.50929,7.46952]]],[[[-12.47266,7.51327],[-12.47208,7.51519],[-12.47233,7.5181],[-12.47444,7.52274],[-12.47539,7.52328],[-12.47666,7.51935],[-12.47691,7.51502],[-12.47774,7.51385],[-12.47741,7.51252],[-12.47266,7.51327]]],[[[-12.48327,7.52109],[-12.48294,7.52284],[-12.48432,7.52751],[-12.48712,7.53117],[-12.48924,7.53551],[-12.49231,7.52936],[-12.4866,7.52413],[-12.4847,7.52122],[-12.48327,7.52109]]],[[[-12.49517,7.53199],[-12.49457,7.53384],[-12.4924,7.53617],[-12.49186,7.53761],[-12.49228,7.5419],[-12.4969,7.54192],[-12.49773,7.53667],[-12.49758,7.53333],[-12.49716,7.5322],[-12.49517,7.53199]]],[[[-12.46767,7.52152],[-12.46658,7.5251],[-12.46134,7.52768],[-12.46109,7.53326],[-12.45909,7.53467],[-12.45885,7.53767],[-12.45942,7.54067],[-12.46217,7.54242],[-12.469,7.54467],[-12.47041,7.54434],[-12.47091,7.54342],[-12.47741,7.53993],[-12.47771,7.53833],[-12.47549,7.53118],[-12.47265,7.5256],[-12.46908,7.52152],[-12.46767,7.52152]]],[[[-12.49375,7.5425],[-12.49248,7.54508],[-12.49282,7.54713],[-12.49373,7.54758],[-12.49656,7.54523],[-12.4964,7.54425],[-12.49375,7.5425]]],[[[-12.47266,7.54569],[-12.4805,7.55046],[-12.48266,7.55108],[-12.48316,7.55008],[-12.48316,7.54792],[-12.48181,7.54392],[-12.48068,7.54291],[-12.47933,7.54242],[-12.47749,7.54442],[-12.47308,7.5445],[-12.47266,7.54569]]],[[[-12.97197,7.56367],[-12.9725,7.56415],[-12.97298,7.56362],[-12.974,7.56378],[-12.97341,7.56137],[-12.97197,7.56367]]],[[[-12.98892,7.58223],[-12.98968,7.58628],[-12.98855,7.58882],[-12.99043,7.59033],[-12.99128,7.5892],[-12.99128,7.58646],[-12.99231,7.5842],[-12.99062,7.58091],[-12.98921,7.58006],[-12.98892,7.58223]]],[[[-12.9244,7.58486],[-12.92082,7.58731],[-12.92232,7.58769],[-12.92336,7.59042],[-12.92487,7.5923],[-12.92826,7.58976],[-12.92948,7.58665],[-12.92694,7.58401],[-12.9244,7.58486]]],[[[-12.98043,7.59152],[-12.979,7.59259],[-12.97904,7.59348],[-12.98143,7.5917],[-12.98122,7.59113],[-12.98043,7.59152]]],[[[-12.98082,7.58854],[-12.98271,7.5892],[-12.98685,7.59372],[-12.98836,7.594],[-12.98939,7.59325],[-12.99015,7.59127],[-12.98982,7.59045],[-12.98798,7.58986],[-12.98871,7.58635],[-12.98381,7.57996],[-12.9811,7.57836],[-12.97828,7.57714],[-12.97498,7.57761],[-12.97168,7.57676],[-12.97065,7.57554],[-12.97065,7.57431],[-12.97225,7.57346],[-12.97272,7.57092],[-12.97432,7.57045],[-12.9747,7.57102],[-12.97423,7.57224],[-12.97131,7.57507],[-12.97234,7.57563],[-12.97574,7.5746],[-12.97856,7.57102],[-12.97979,7.5713],[-12.98478,7.57346],[-12.98327,7.57507],[-12.98214,7.5745],[-12.98044,7.57516],[-12.9795,7.57648],[-12.98318,7.57554],[-12.98233,7.57686],[-12.98289,7.57742],[-12.98525,7.57752],[-12.98497,7.57893],[-12.98619,7.57827],[-12.991,7.57921],[-12.9957,7.58364],[-12.99467,7.58062],[-12.9958,7.58157],[-12.99721,7.58364],[-12.99721,7.58515],[-12.99627,7.58835],[-12.99401,7.58967],[-12.99335,7.5908],[-12.99712,7.59033],[-12.99815,7.59127],[-12.99985,7.58618],[-13.00107,7.58505],[-13.0046,7.58425],[-13.00535,7.58317],[-12.99943,7.57908],[-12.99392,7.57761],[-12.98577,7.57259],[-12.97545,7.56772],[-12.97347,7.56555],[-12.97195,7.56709],[-12.9649,7.58128],[-12.96697,7.58185],[-12.96707,7.58505],[-12.96858,7.58816],[-12.9719,7.58917],[-12.97752,7.58872],[-12.97941,7.58769],[-12.98082,7.58854]]],[[[-13.00315,7.5908],[-13.00447,7.59372],[-13.00447,7.59513],[-13.00522,7.59447],[-13.00541,7.59202],[-13.00691,7.59164],[-13.01652,7.59042],[-13.01878,7.59221],[-13.01822,7.59061],[-13.01379,7.58646],[-13.00569,7.58835],[-13.00343,7.58948],[-13.00315,7.5908]]],[[[-12.47779,7.58495],[-12.47595,7.59036],[-12.48437,7.59694],[-12.48503,7.59086],[-12.48278,7.58819],[-12.48278,7.58661],[-12.48203,7.58553],[-12.48003,7.58461],[-12.47779,7.58495]]],[[[-13.01795,7.59515],[-13.01931,7.59775],[-13.01951,7.59618],[-13.01795,7.59515]]],[[[-12.47645,7.59352],[-12.4797,7.59794],[-12.48153,7.59885],[-12.48228,7.59777],[-12.48337,7.59769],[-12.48262,7.59594],[-12.48053,7.59461],[-12.4772,7.59319],[-12.47645,7.59352]]],[[[-13.01615,7.60254],[-13.01578,7.60363],[-13.01671,7.60361],[-13.01919,7.60192],[-13.0201,7.59975],[-13.01963,7.59928],[-13.01883,7.59974],[-13.01831,7.60201],[-13.0174,7.59546],[-13.01671,7.59598],[-13.01737,7.59833],[-13.01667,7.59913],[-13.01737,7.60041],[-13.01701,7.60189],[-13.01681,7.60041],[-13.01612,7.60039],[-13.01615,7.60254]]],[[[-13.01087,7.60427],[-13.01238,7.60436],[-13.01379,7.60342],[-13.01398,7.60116],[-13.01294,7.59786],[-13.0136,7.59617],[-13.01464,7.5956],[-13.01323,7.59287],[-13.01247,7.59296],[-13.01106,7.59513],[-13.01144,7.59786],[-13.00899,7.5972],[-13.00974,7.59475],[-13.00701,7.59409],[-13.00673,7.59617],[-13.00399,7.60116],[-13.00418,7.60201],[-13.00663,7.60389],[-13.00983,7.60323],[-13.01087,7.60427]]],[[[-12.94505,7.60839],[-12.94539,7.60783],[-12.9442,7.60658],[-12.93965,7.60627],[-12.93963,7.60705],[-12.94128,7.60674],[-12.94286,7.60791],[-12.94505,7.60839]]],[[[-12.49419,7.62092],[-12.49861,7.62067],[-12.50943,7.61834],[-12.5051,7.61643],[-12.49103,7.60668],[-12.48203,7.60402],[-12.47937,7.60452],[-12.47978,7.60901],[-12.48437,7.61676],[-12.4877,7.62001],[-12.49419,7.62092]]],[[[-13.01737,7.61651],[-13.01822,7.6199],[-13.0201,7.62122],[-13.02104,7.6249],[-13.02189,7.62461],[-13.0217,7.62198],[-13.01784,7.61538],[-13.01643,7.61444],[-13.01737,7.61651]]],[[[-12.5026,7.62659],[-12.50269,7.62717],[-12.50169,7.62767],[-12.50302,7.63133],[-12.5056,7.62767],[-12.50402,7.6265],[-12.5026,7.62659]]],[[[-12.95663,7.63046],[-12.95594,7.63156],[-12.95286,7.63223],[-12.95283,7.63281],[-12.95444,7.63356],[-12.95577,7.63323],[-12.95815,7.63081],[-12.95754,7.63006],[-12.95663,7.63046]]],[[[-12.55353,7.62954],[-12.55432,7.63167],[-12.55749,7.63575],[-12.56173,7.636],[-12.56053,7.63204],[-12.55911,7.63021],[-12.55678,7.62904],[-12.55386,7.62904],[-12.55353,7.62954]]],[[[-12.60449,7.63761],[-12.62573,7.64064],[-12.63682,7.63988],[-12.65848,7.63564],[-12.6629,7.63743],[-12.66827,7.63714],[-12.67195,7.6346],[-12.67355,7.63752],[-12.67864,7.63846],[-12.69238,7.63901],[-12.69995,7.63641],[-12.70284,7.63272],[-12.70633,7.63027],[-12.71182,7.62804],[-12.71763,7.62732],[-12.72344,7.62441],[-12.72671,7.62877],[-12.73397,7.62695],[-12.74341,7.62659],[-12.74636,7.62537],[-12.7604,7.62509],[-12.7653,7.62574],[-12.77086,7.62772],[-12.78357,7.62753],[-12.78935,7.62859],[-12.80351,7.62714],[-12.80823,7.62496],[-12.81077,7.61806],[-12.8144,7.61915],[-12.81622,7.62242],[-12.82102,7.62468],[-12.83009,7.62088],[-12.84045,7.61846],[-12.8439,7.61587],[-12.84719,7.61691],[-12.85168,7.61725],[-12.85522,7.61656],[-12.85738,7.61898],[-12.86049,7.61941],[-12.8627,7.61733],[-12.86669,7.61733],[-12.86998,7.61881],[-12.8725,7.61842],[-12.89131,7.61078],[-12.89956,7.60589],[-12.9047,7.60637],[-12.90824,7.60551],[-12.90988,7.60361],[-12.91446,7.60145],[-12.92266,7.5916],[-12.91878,7.59022],[-12.91714,7.58781],[-12.91239,7.58496],[-12.91074,7.58556],[-12.90833,7.58271],[-12.90435,7.58236],[-12.90028,7.58011],[-12.89796,7.57736],[-12.89629,7.57067],[-12.90101,7.57612],[-12.90392,7.57612],[-12.91154,7.57866],[-12.91735,7.57975],[-12.92171,7.57938],[-12.92643,7.57612],[-12.9395,7.57721],[-12.9435,7.57975],[-12.9487,7.58044],[-12.95392,7.57759],[-12.95567,7.57563],[-12.9573,7.57575],[-12.95869,7.5746],[-12.95887,7.5713],[-12.95699,7.56998],[-12.94168,7.57031],[-12.89883,7.56087],[-12.86565,7.55084],[-12.86326,7.55152],[-12.83868,7.54539],[-12.77876,7.52912],[-12.75183,7.52109],[-12.70928,7.50716],[-12.69649,7.50195],[-12.68047,7.49775],[-12.667,7.49345],[-12.61786,7.47311],[-12.59546,7.46146],[-12.58001,7.45157],[-12.57822,7.44922],[-12.57689,7.45298],[-12.57793,7.44927],[-12.56402,7.42978],[-12.56202,7.4227],[-12.56403,7.40803],[-12.56676,7.40386],[-12.56874,7.39485],[-12.5682,7.39287],[-12.56451,7.39008],[-12.55932,7.38816],[-12.54458,7.38892],[-12.53088,7.39131],[-12.52796,7.39247],[-12.52796,7.39489],[-12.52946,7.39564],[-12.52921,7.3973],[-12.53038,7.3998],[-12.52929,7.40347],[-12.53013,7.40771],[-12.53296,7.41088],[-12.53479,7.41629],[-12.5357,7.42614],[-12.53389,7.43377],[-12.53316,7.44648],[-12.53044,7.46845],[-12.52346,7.47734],[-12.51464,7.48416],[-12.50417,7.49055],[-12.5037,7.4917],[-12.5006,7.49458],[-12.50052,7.49748],[-12.49962,7.49769],[-12.49677,7.49633],[-12.49587,7.49693],[-12.49527,7.49786],[-12.49561,7.49868],[-12.49391,7.4994],[-12.49148,7.5029],[-12.49248,7.50667],[-12.48988,7.50629],[-12.48919,7.50902],[-12.48907,7.51136],[-12.49043,7.51409],[-12.49239,7.51618],[-12.49329,7.51439],[-12.49427,7.51431],[-12.49568,7.51909],[-12.49768,7.52019],[-12.50002,7.51956],[-12.49995,7.52577],[-12.5021,7.53376],[-12.50523,7.53704],[-12.50728,7.53781],[-12.50707,7.53832],[-12.50992,7.54041],[-12.5127,7.54412],[-12.51605,7.54973],[-12.51647,7.55362],[-12.51605,7.55612],[-12.51373,7.55596],[-12.51222,7.55129],[-12.51039,7.54887],[-12.50739,7.54937],[-12.50423,7.54713],[-12.4999,7.5532],[-12.4949,7.5642],[-12.4944,7.56944],[-12.49667,7.57448],[-12.50538,7.5861],[-12.51591,7.59191],[-12.53044,7.60281],[-12.55053,7.61039],[-12.55693,7.61199],[-12.56673,7.61331],[-12.57266,7.60973],[-12.57982,7.60825],[-12.58316,7.61164],[-12.58657,7.61167],[-12.58545,7.61533],[-12.57661,7.61931],[-12.57527,7.62065],[-12.57777,7.62489],[-12.58618,7.6353],[-12.5906,7.63722],[-12.60109,7.63689],[-12.60449,7.63761]]],[[[-12.99354,7.63319],[-12.99165,7.6362],[-12.99034,7.63714],[-12.99034,7.63827],[-12.99288,7.64063],[-12.99316,7.6427],[-12.99542,7.64223],[-12.9957,7.641],[-13.00399,7.6345],[-13.00409,7.6329],[-13.00296,7.63319],[-13.00051,7.63224],[-12.99354,7.63319]]],[[[-13.06875,7.65314],[-13.06964,7.65106],[-13.06843,7.65015],[-13.06854,7.65146],[-13.06768,7.65247],[-13.06782,7.65306],[-13.06875,7.65314]]],[[[-12.52334,7.625],[-12.52109,7.629],[-12.52284,7.63192],[-12.52251,7.63616],[-12.52401,7.63908],[-12.52651,7.64083],[-12.54033,7.64707],[-12.54349,7.65082],[-12.54533,7.65515],[-12.54741,7.65723],[-12.54941,7.65832],[-12.55091,7.65832],[-12.55482,7.65698],[-12.55565,7.6559],[-12.55503,7.65086],[-12.5522,7.64412],[-12.54795,7.63829],[-12.54016,7.62975],[-12.53816,7.62775],[-12.53225,7.6255],[-12.52417,7.62426],[-12.52334,7.625]]],[[[-13.04698,7.63863],[-13.0449,7.64061],[-13.04346,7.64523],[-13.03509,7.65106],[-13.03477,7.65207],[-13.02932,7.65442],[-13.0201,7.65721],[-13.02472,7.66079],[-13.03159,7.65834],[-13.03996,7.65322],[-13.05251,7.64072],[-13.05712,7.63856],[-13.05995,7.63921],[-13.05985,7.63827],[-13.05872,7.63743],[-13.05985,7.63695],[-13.06108,7.63827],[-13.06032,7.64006],[-13.06089,7.64129],[-13.05995,7.64129],[-13.05788,7.6395],[-13.0559,7.63959],[-13.05844,7.64166],[-13.06419,7.64289],[-13.06437,7.63912],[-13.06494,7.63856],[-13.06259,7.63281],[-13.06204,7.62764],[-13.06381,7.6232],[-13.06462,7.6233],[-13.06426,7.62613],[-13.06477,7.62632],[-13.06568,7.62541],[-13.06504,7.62187],[-13.06391,7.62166],[-13.06301,7.62228],[-13.0624,7.62339],[-13.06246,7.62627],[-13.06149,7.62726],[-13.05597,7.62779],[-13.04829,7.62613],[-13.04448,7.62436],[-13.04177,7.62122],[-13.04251,7.62055],[-13.04346,7.62191],[-13.04414,7.62193],[-13.04459,7.62122],[-13.0438,7.61977],[-13.04167,7.6183],[-13.03893,7.62073],[-13.03849,7.62196],[-13.04092,7.6233],[-13.04412,7.62831],[-13.04529,7.62828],[-13.0461,7.62998],[-13.04698,7.63863]]],[[[-13.07458,7.6533],[-13.08564,7.66417],[-13.08573,7.66299],[-13.08067,7.65787],[-13.07567,7.65341],[-13.07458,7.6533]]],[[[-13.07279,7.66783],[-13.0603,7.67151],[-13.05763,7.67167],[-13.05688,7.67231],[-13.05717,7.67314],[-13.05959,7.67392],[-13.06579,7.67407],[-13.06842,7.67316],[-13.07455,7.66933],[-13.07613,7.66772],[-13.07687,7.6654],[-13.07626,7.66538],[-13.07575,7.66679],[-13.07522,7.66655],[-13.07279,7.66783]]],[[[-12.68395,7.68076],[-12.69336,7.68218],[-12.69686,7.68143],[-12.69911,7.67418],[-12.70252,7.6716],[-12.70202,7.6706],[-12.70144,7.6701],[-12.69344,7.67143],[-12.68478,7.67543],[-12.68212,7.67735],[-12.68112,7.67735],[-12.67962,7.6786],[-12.68053,7.68068],[-12.68395,7.68076]]],[[[-12.51755,7.71566],[-12.51789,7.71657],[-12.53213,7.70958],[-12.54137,7.699],[-12.5417,7.69742],[-12.54079,7.694],[-12.53779,7.69242],[-12.53371,7.69217],[-12.52355,7.69409],[-12.51897,7.69634],[-12.51814,7.6985],[-12.51589,7.71499],[-12.51605,7.71557],[-12.51755,7.71566]]],[[[-12.99093,7.90855],[-12.99045,7.90917],[-12.99088,7.90936],[-12.99273,7.9086],[-12.9915,7.90807],[-12.99093,7.90855]]],[[[-12.95876,7.91492],[-12.96023,7.91469],[-12.95961,7.91388],[-12.95861,7.91426],[-12.95876,7.91492]]],[[[-12.98065,7.91216],[-12.98165,7.91359],[-12.98108,7.91526],[-12.98307,7.91231],[-12.98522,7.91074],[-12.98574,7.90902],[-12.98369,7.90983],[-12.98203,7.9085],[-12.97908,7.91036],[-12.97732,7.90983],[-12.97694,7.91155],[-12.9797,7.91159],[-12.98065,7.91216]]],[[[-13.24441,8.09522],[-13.24153,8.097],[-13.24152,8.09808],[-13.2445,8.10216],[-13.24571,8.10121],[-13.24536,8.09846],[-13.25017,8.09716],[-13.25137,8.09609],[-13.2509,8.09477],[-13.2491,8.09441],[-13.24574,8.09427],[-13.24441,8.09522]]],[[[-13.22131,8.10888],[-13.21962,8.11222],[-13.22129,8.11354],[-13.23102,8.11143],[-13.23464,8.10774],[-13.2362,8.10811],[-13.23764,8.10751],[-13.23814,8.10405],[-13.23909,8.10441],[-13.24162,8.10346],[-13.24282,8.10227],[-13.24211,8.1],[-13.24104,8.0982],[-13.23911,8.09975],[-13.23659,8.10057],[-13.23239,8.0996],[-13.22999,8.09995],[-13.22458,8.10267],[-13.22037,8.10385],[-13.22024,8.10744],[-13.22131,8.10888]]],[[[-13.19069,8.13937],[-13.19008,8.14116],[-13.19199,8.14284],[-13.19548,8.14214],[-13.19645,8.13915],[-13.19909,8.13916],[-13.19898,8.13629],[-13.20127,8.13427],[-13.2026,8.13416],[-13.2026,8.13224],[-13.20512,8.13225],[-13.20369,8.13117],[-13.20369,8.13045],[-13.20634,8.12963],[-13.20695,8.12664],[-13.20923,8.12593],[-13.21357,8.12248],[-13.21681,8.12178],[-13.21994,8.12],[-13.22032,8.1151],[-13.21961,8.11342],[-13.21397,8.11232],[-13.20929,8.11277],[-13.20712,8.11432],[-13.20843,8.11696],[-13.20818,8.12031],[-13.20721,8.12126],[-13.20672,8.12401],[-13.206,8.12424],[-13.20361,8.12292],[-13.20276,8.12327],[-13.2024,8.12447],[-13.20311,8.12662],[-13.20262,8.12818],[-13.20046,8.12912],[-13.19698,8.12935],[-13.19565,8.13078],[-13.19457,8.13101],[-13.1954,8.13341],[-13.19323,8.13459],[-13.19286,8.13746],[-13.19069,8.13937]]],[[[-13.16331,8.20237],[-13.16446,8.20665],[-13.16758,8.2055],[-13.1676,8.20122],[-13.16331,8.20237]]],[[[-13.13135,8.53712],[-13.13002,8.53845],[-13.1306,8.54028],[-13.13227,8.53945],[-13.13194,8.53704],[-13.13135,8.53712]]],[[[-13.12028,8.53895],[-13.11844,8.54345],[-13.11586,8.54728],[-13.11511,8.55028],[-13.11644,8.5502],[-13.12103,8.54695],[-13.12294,8.54686],[-13.12511,8.5457],[-13.12352,8.53854],[-13.12161,8.53779],[-13.12028,8.53895]]],[[[-12.93548,8.55549],[-12.9379,8.55649],[-12.94782,8.55527],[-12.94998,8.5561],[-12.95606,8.555],[-12.9589,8.55549],[-12.95924,8.55441],[-12.96208,8.55246],[-12.96266,8.55089],[-12.9612,8.54561],[-12.96054,8.54011],[-12.95746,8.5383],[-12.95521,8.53571],[-12.9491,8.53175],[-12.94406,8.5315],[-12.93875,8.53461],[-12.93218,8.53688],[-12.92929,8.53954],[-12.92951,8.54145],[-12.92893,8.54219],[-12.92707,8.5437],[-12.92471,8.54454],[-12.9234,8.54659],[-12.92404,8.5483],[-12.92741,8.55055],[-12.92878,8.5528],[-12.93122,8.55319],[-12.93548,8.55549]]],[[[-13.12152,8.55936],[-13.11978,8.55994],[-13.12019,8.5631],[-13.11969,8.56485],[-13.12269,8.56394],[-13.12327,8.56319],[-13.12227,8.55869],[-13.12152,8.55936]]],[[[-13.07518,8.56543],[-13.07923,8.56855],[-13.08262,8.56682],[-13.08412,8.56534],[-13.08493,8.56615],[-13.08845,8.5659],[-13.08833,8.56267],[-13.08606,8.55699],[-13.08542,8.5489],[-13.0868,8.54311],[-13.08668,8.54055],[-13.08777,8.53921],[-13.08656,8.53812],[-13.08236,8.5377],[-13.07218,8.54317],[-13.06797,8.54464],[-13.06052,8.54581],[-13.05997,8.54689],[-13.05753,8.54836],[-13.05739,8.54957],[-13.06184,8.5531],[-13.06278,8.55472],[-13.06221,8.56011],[-13.06002,8.5636],[-13.06042,8.56495],[-13.06395,8.56457],[-13.06489,8.56565],[-13.06719,8.56633],[-13.07085,8.56433],[-13.07518,8.56543]]],[[[-13.10637,8.56027],[-13.10512,8.56202],[-13.1057,8.56377],[-13.10512,8.56644],[-13.10628,8.5671],[-13.10678,8.56827],[-13.1102,8.56877],[-13.1137,8.56652],[-13.1132,8.56227],[-13.11211,8.56061],[-13.10928,8.56019],[-13.10762,8.55861],[-13.10637,8.56027]]],[[[-13.04024,8.56768],[-13.03949,8.56835],[-13.03866,8.57201],[-13.03966,8.57218],[-13.04116,8.5691],[-13.04099,8.56727],[-13.04024,8.56768]]],[[[-12.94862,8.57165],[-12.94895,8.57256],[-12.95388,8.57374],[-12.95579,8.57322],[-12.95665,8.57105],[-12.94889,8.56963],[-12.94826,8.5702],[-12.94862,8.57165]]],[[[-13.06739,8.5736],[-13.07106,8.58009],[-13.07389,8.57818],[-13.07106,8.57301],[-13.06856,8.57276],[-13.06739,8.5736]]],[[[-13.00043,8.58043],[-13.00418,8.58084],[-13.00993,8.57984],[-13.01301,8.58018],[-13.01451,8.57943],[-13.01026,8.57618],[-13.00685,8.57501],[-13.00227,8.57726],[-13.00043,8.58043]]],[[[-12.96429,8.57351],[-12.97004,8.57868],[-12.98086,8.58342],[-12.98319,8.58267],[-12.98728,8.57851],[-13.00277,8.57318],[-13.00935,8.57276],[-13.00951,8.57152],[-13.00935,8.57093],[-13.0061,8.57201],[-13.00068,8.57118],[-12.9956,8.57293],[-12.98969,8.57285],[-12.98394,8.57068],[-12.9827,8.56835],[-12.98145,8.56802],[-12.97895,8.56843],[-12.97662,8.56802],[-12.97587,8.56918],[-12.97295,8.57018],[-12.96204,8.56802],[-12.96079,8.56843],[-12.96079,8.56902],[-12.96429,8.57351]]],[[[-13.10454,8.58742],[-13.10687,8.59009],[-13.10745,8.59425],[-13.11003,8.59433],[-13.1122,8.59342],[-13.11253,8.59075],[-13.11532,8.58705],[-13.12015,8.57605],[-13.1249,8.56856],[-13.1244,8.56514],[-13.12373,8.56489],[-13.12165,8.56623],[-13.11678,8.56727],[-13.11595,8.56843],[-13.1097,8.57226],[-13.10329,8.58376],[-13.10262,8.58701],[-13.10454,8.58742]]],[[[-13.10928,8.59708],[-13.10795,8.59767],[-13.10762,8.59883],[-13.10753,8.59991],[-13.10845,8.60041],[-13.10928,8.59975],[-13.1102,8.59683],[-13.10928,8.59708]]],[[[-13.1509,8.85132],[-13.15098,8.85207],[-13.15506,8.85182],[-13.15173,8.84982],[-13.1509,8.85132]]],[[[-13.16389,8.85032],[-13.16606,8.85216],[-13.16756,8.85232],[-13.16631,8.85066],[-13.16389,8.85032]]],[[[-13.26358,8.85189],[-13.26383,8.85439],[-13.26625,8.85556],[-13.27091,8.85589],[-13.27266,8.85539],[-13.27016,8.85364],[-13.27116,8.85156],[-13.27341,8.85098],[-13.27332,8.84998],[-13.27249,8.85064],[-13.26491,8.85164],[-13.26725,8.84948],[-13.26658,8.84915],[-13.26358,8.85189]]],[[[-13.15032,8.85341],[-13.1499,8.85382],[-13.15282,8.85532],[-13.16064,8.85824],[-13.16081,8.85749],[-13.15865,8.8549],[-13.15606,8.85324],[-13.15032,8.85341]]],[[[-13.17122,8.86282],[-13.17222,8.86223],[-13.17364,8.86265],[-13.1738,8.86098],[-13.1713,8.85957],[-13.16956,8.85957],[-13.17122,8.86282]]],[[[-13.15948,8.8629],[-13.16039,8.86423],[-13.16114,8.86265],[-13.16214,8.86273],[-13.16398,8.86132],[-13.16131,8.85973],[-13.15257,8.85674],[-13.15456,8.85973],[-13.1579,8.8624],[-13.15948,8.8629]]],[[[-13.27324,8.87321],[-13.27466,8.87688],[-13.27599,8.87663],[-13.27616,8.87555],[-13.27907,8.87421],[-13.27899,8.87238],[-13.27666,8.87213],[-13.27666,8.86888],[-13.27524,8.86713],[-13.27616,8.86638],[-13.27907,8.86613],[-13.27874,8.86497],[-13.27724,8.8638],[-13.27149,8.86522],[-13.26974,8.8668],[-13.27324,8.87321]]],[[[-13.23726,8.88621],[-13.23693,8.8872],[-13.2401,8.88787],[-13.24051,8.8872],[-13.23985,8.88646],[-13.23726,8.88621]]],[[[-13.2346,8.88754],[-13.23452,8.88862],[-13.23527,8.88845],[-13.2351,8.88704],[-13.2346,8.88754]]],[[[-13.24459,8.88912],[-13.24468,8.88837],[-13.24276,8.88762],[-13.24168,8.8882],[-13.24459,8.88912]]],[[[-13.23418,8.88904],[-13.23385,8.8902],[-13.23651,8.8927],[-13.2371,8.89187],[-13.23502,8.88912],[-13.23418,8.88904]]],[[[-13.25725,8.89337],[-13.25908,8.89387],[-13.26067,8.89303],[-13.26067,8.8917],[-13.25767,8.8917],[-13.262,8.8902],[-13.26,8.88829],[-13.25983,8.8872],[-13.26117,8.88637],[-13.25892,8.88446],[-13.26,8.88279],[-13.25858,8.88088],[-13.25883,8.87946],[-13.25783,8.87804],[-13.25817,8.87588],[-13.25733,8.87255],[-13.2555,8.87221],[-13.254,8.87271],[-13.25259,8.87421],[-13.25184,8.87413],[-13.25517,8.87055],[-13.25042,8.8683],[-13.24667,8.86972],[-13.2386,8.87505],[-13.23576,8.88029],[-13.23943,8.88454],[-13.24043,8.88471],[-13.24076,8.88387],[-13.23901,8.88179],[-13.23993,8.88029],[-13.23843,8.87879],[-13.23901,8.87846],[-13.24334,8.87971],[-13.24526,8.87954],[-13.24626,8.87879],[-13.24926,8.88096],[-13.2535,8.8902],[-13.25725,8.89337]]],[[[-13.26683,8.89195],[-13.26625,8.89587],[-13.2665,8.89645],[-13.26833,8.89628],[-13.26991,8.89312],[-13.26899,8.8922],[-13.26683,8.89195]]],[[[-13.27291,8.89612],[-13.27266,8.89687],[-13.27416,8.89728],[-13.27474,8.89595],[-13.27341,8.89562],[-13.27291,8.89612]]],[[[-13.24509,8.8952],[-13.24593,8.89637],[-13.24534,8.89803],[-13.24593,8.89845],[-13.24776,8.89845],[-13.24842,8.8967],[-13.24576,8.89303],[-13.23893,8.88837],[-13.23818,8.88854],[-13.23826,8.88987],[-13.24201,8.89487],[-13.24509,8.8952]]],[[[-13.19504,8.89803],[-13.18763,8.9007],[-13.18588,8.9022],[-13.18613,8.90319],[-13.19379,8.90128],[-13.19621,8.89961],[-13.19729,8.89745],[-13.19504,8.89803]]],[[[-13.26958,8.90245],[-13.27366,8.90594],[-13.27799,8.90494],[-13.27641,8.90361],[-13.27682,8.9022],[-13.27599,8.90136],[-13.27382,8.90203],[-13.26983,8.9017],[-13.26958,8.90245]]],[[[-13.1569,8.90394],[-13.15648,8.90553],[-13.15706,8.90603],[-13.16015,8.90519],[-13.16323,8.90336],[-13.16498,8.90328],[-13.16356,8.90228],[-13.15973,8.90195],[-13.15731,8.90278],[-13.1569,8.90394]]],[[[-13.19587,8.90694],[-13.20329,8.91294],[-13.20645,8.91352],[-13.20279,8.90653],[-13.20045,8.90569],[-13.19587,8.90694]]],[[[-13.21536,8.9161],[-13.21578,8.91727],[-13.21694,8.91735],[-13.21686,8.91594],[-13.22019,8.91627],[-13.22277,8.91569],[-13.23027,8.91227],[-13.2311,8.91286],[-13.2311,8.91427],[-13.23185,8.91502],[-13.23343,8.91352],[-13.2341,8.90986],[-13.23468,8.91102],[-13.23402,8.9136],[-13.23543,8.91394],[-13.2361,8.91077],[-13.23751,8.90894],[-13.23835,8.90611],[-13.24026,8.90511],[-13.2396,8.89895],[-13.23127,8.88962],[-13.22685,8.88687],[-13.23127,8.88621],[-13.23343,8.88737],[-13.23318,8.88387],[-13.23518,8.88312],[-13.23343,8.88237],[-13.22902,8.88454],[-13.22227,8.88604],[-13.22211,8.88737],[-13.22052,8.88862],[-13.21245,8.89095],[-13.19821,8.8967],[-13.19796,8.9007],[-13.19962,8.90111],[-13.20653,8.90544],[-13.20862,8.90778],[-13.21195,8.91394],[-13.21353,8.91577],[-13.21536,8.9161]]],[[[-13.2276,8.92468],[-13.23185,8.92551],[-13.23393,8.9256],[-13.23468,8.92501],[-13.22835,8.92385],[-13.2276,8.92468]]],[[[-13.14366,8.8982],[-13.14066,8.89911],[-13.13799,8.90261],[-13.13699,8.90553],[-13.13466,8.90827],[-13.12184,8.91852],[-13.11751,8.92643],[-13.12042,8.92668],[-13.12817,8.9256],[-13.13649,8.9216],[-13.13766,8.91985],[-13.14157,8.90919],[-13.14757,8.90003],[-13.14849,8.89995],[-13.1484,8.89903],[-13.14582,8.89786],[-13.14366,8.8982]]],[[[-10.61494,8.53816],[-10.61459,8.54192],[-10.61186,8.54546],[-10.60938,8.54206],[-10.60739,8.54305],[-10.6047,8.54614],[-10.60062,8.54555],[-10.59612,8.54736],[-10.59346,8.55001],[-10.59262,8.5543],[-10.5895,8.56288],[-10.58488,8.57047],[-10.57917,8.57399],[-10.57684,8.57225],[-10.57409,8.57274],[-10.57434,8.57899],[-10.57291,8.58317],[-10.57368,8.58599],[-10.57301,8.58982],[-10.5748,8.59261],[-10.5757,8.59566],[-10.57525,8.59754],[-10.57224,8.59908],[-10.569,8.60237],[-10.56442,8.60103],[-10.56201,8.59929],[-10.56051,8.59879],[-10.55959,8.5992],[-10.55918,8.60378],[-10.55801,8.6042],[-10.55551,8.60328],[-10.55326,8.60462],[-10.55168,8.60678],[-10.55027,8.60736],[-10.54735,8.60695],[-10.54602,8.60745],[-10.54377,8.60903],[-10.54135,8.61494],[-10.53777,8.61619],[-10.53527,8.61652],[-10.53111,8.61494],[-10.52944,8.61528],[-10.52553,8.61669],[-10.5217,8.61961],[-10.51987,8.61994],[-10.51804,8.61869],[-10.5162,8.61561],[-10.51224,8.61433],[-10.51065,8.61614],[-10.50951,8.62061],[-10.4932,8.62549],[-10.49143,8.62726],[-10.49299,8.63017],[-10.49234,8.63224],[-10.49008,8.63484],[-10.47928,8.64045],[-10.47772,8.64534],[-10.47419,8.64638],[-10.47127,8.64903],[-10.47112,8.65069],[-10.47258,8.65318],[-10.47643,8.65677],[-10.47289,8.65993],[-10.47233,8.66116],[-10.47195,8.66232],[-10.47247,8.66762],[-10.46998,8.67136],[-10.46832,8.67261],[-10.46593,8.66991],[-10.46478,8.67219],[-10.46634,8.67406],[-10.46509,8.67701],[-10.46509,8.67909],[-10.46634,8.68059],[-10.46993,8.68284],[-10.47209,8.68684],[-10.47483,8.68367],[-10.477,8.68309],[-10.47541,8.689],[-10.47608,8.69267],[-10.47434,8.69433],[-10.47546,8.69571],[-10.47812,8.69487],[-10.47987,8.69562],[-10.48146,8.6997],[-10.4827,8.69954],[-10.48295,8.69887],[-10.4837,8.69912],[-10.48412,8.70245],[-10.48953,8.70728],[-10.49212,8.7062],[-10.49503,8.70595],[-10.495,8.70849],[-10.49378,8.70995],[-10.49345,8.71228],[-10.49786,8.71111],[-10.49944,8.71245],[-10.49969,8.71394],[-10.49878,8.71619],[-10.49661,8.71661],[-10.49636,8.71736],[-10.49586,8.72394],[-10.49745,8.72527],[-10.50086,8.72644],[-10.50186,8.72918],[-10.50419,8.73152],[-10.50586,8.73601],[-10.50427,8.73951],[-10.50094,8.74068],[-10.49736,8.73976],[-10.4957,8.74143],[-10.49711,8.74318],[-10.50053,8.74351],[-10.50452,8.74118],[-10.50636,8.74159],[-10.50777,8.74309],[-10.5099,8.74238],[-10.51073,8.74047],[-10.51177,8.74126],[-10.51152,8.74476],[-10.50994,8.74617],[-10.50985,8.74751],[-10.51085,8.74867],[-10.5121,8.75267],[-10.51244,8.75875],[-10.51464,8.76337],[-10.51598,8.76795],[-10.51943,8.78282],[-10.52193,8.78465],[-10.52393,8.78448],[-10.52476,8.78673],[-10.52843,8.78757],[-10.53222,8.7906],[-10.53255,8.79244],[-10.53346,8.79352],[-10.53471,8.79477],[-10.53605,8.7946],[-10.53713,8.79552],[-10.53671,8.79827],[-10.53963,8.79993],[-10.53971,8.8026],[-10.54063,8.80343],[-10.54396,8.80393],[-10.54529,8.80201],[-10.54871,8.80077],[-10.54871,8.79877],[-10.54929,8.79827],[-10.55004,8.7986],[-10.55137,8.8021],[-10.55503,8.80526],[-10.56003,8.80376],[-10.56078,8.80401],[-10.56086,8.8056],[-10.55895,8.80934],[-10.56176,8.81597],[-10.55816,8.81979],[-10.55749,8.82154],[-10.55874,8.82296],[-10.55757,8.82429],[-10.55907,8.82687],[-10.55832,8.82854],[-10.55916,8.82904],[-10.55966,8.83054],[-10.55891,8.83289],[-10.55966,8.83553],[-10.55891,8.83853],[-10.55966,8.84295],[-10.55891,8.84486],[-10.56157,8.84661],[-10.56116,8.84994],[-10.5617,8.85415],[-10.56368,8.85439],[-10.56307,8.85769],[-10.56365,8.85902],[-10.56532,8.8596],[-10.56607,8.86102],[-10.56757,8.8701],[-10.5694,8.87126],[-10.57115,8.87551],[-10.57007,8.87718],[-10.57032,8.87942],[-10.56932,8.87959],[-10.56923,8.88059],[-10.57036,8.88238],[-10.57136,8.88613],[-10.57227,8.88638],[-10.57277,8.88521],[-10.57452,8.88688],[-10.57361,8.89029],[-10.57585,8.89196],[-10.57511,8.89737],[-10.57594,8.89879],[-10.57411,8.90478],[-10.57452,8.90678],[-10.57327,8.90845],[-10.57548,8.91365],[-10.5749,8.91598],[-10.5754,8.92123],[-10.5779,8.92348],[-10.57823,8.92698],[-10.57723,8.92931],[-10.57952,8.93118],[-10.58202,8.93177],[-10.5811,8.93318],[-10.58302,8.93693],[-10.58277,8.93951],[-10.58435,8.94076],[-10.58252,8.94168],[-10.58377,8.94268],[-10.58335,8.94509],[-10.58535,8.95267],[-10.58801,8.95742],[-10.58943,8.957],[-10.5891,8.959],[-10.58535,8.95917],[-10.58531,8.96379],[-10.58597,8.96412],[-10.58781,8.96337],[-10.58872,8.96537],[-10.58897,8.96762],[-10.58806,8.96962],[-10.58922,8.97195],[-10.59022,8.97686],[-10.58964,8.98411],[-10.59155,8.98886],[-10.59139,8.99219],[-10.58972,8.99718],[-10.58864,8.99785],[-10.58881,8.9986],[-10.58772,9.00043],[-10.58614,9.00051],[-10.58597,9.00351],[-10.58831,9.00451],[-10.58918,9.00822],[-10.58772,9.01217],[-10.58472,9.01267],[-10.58248,9.01384],[-10.58323,9.01592],[-10.5801,9.01496],[-10.57952,9.01771],[-10.58127,9.02313],[-10.57977,9.02554],[-10.57994,9.02787],[-10.58127,9.02979],[-10.57777,9.03354],[-10.57777,9.03553],[-10.57694,9.03778],[-10.57536,9.0392],[-10.57511,9.0417],[-10.57344,9.04403],[-10.57344,9.04594],[-10.57844,9.04694],[-10.58503,9.04402],[-10.58741,9.04366],[-10.5802,9.04865],[-10.57892,9.0481],[-10.57856,9.05058],[-10.58213,9.05262],[-10.58341,9.05185],[-10.58928,9.05926],[-10.59336,9.06181],[-10.59617,9.06181],[-10.60281,9.0659],[-10.61276,9.06998],[-10.61736,9.07304],[-10.62144,9.07381],[-10.62732,9.07202],[-10.63344,9.07662],[-10.64468,9.083],[-10.65795,9.08275],[-10.66484,9.08019],[-10.6725,9.08402],[-10.67455,9.08249],[-10.67838,9.08479],[-10.68118,9.08555],[-10.68425,9.08351],[-10.68986,9.07534],[-10.69242,9.07534],[-10.69242,9.07738],[-10.6988,9.07764],[-10.6988,9.07432],[-10.70084,9.07279],[-10.70365,9.07407],[-10.70569,9.07381],[-10.70595,9.07049],[-10.70927,9.06615],[-10.71105,9.06181],[-10.7108,9.05747],[-10.71284,9.05441],[-10.71514,9.05288],[-10.7182,9.05211],[-10.72688,9.04828],[-10.73275,9.0516],[-10.74501,9.05568],[-10.7422,9.06258],[-10.73633,9.06973],[-10.73071,9.07304],[-10.7279,9.07815],[-10.72765,9.08632],[-10.72509,9.09296],[-10.72458,9.09602],[-10.72407,9.11287],[-10.72101,9.11695],[-10.71667,9.11951],[-10.71412,9.11925],[-10.71182,9.11823],[-10.7085,9.12129],[-10.70901,9.12487],[-10.71233,9.12563],[-10.7182,9.12538],[-10.71973,9.1287],[-10.71922,9.13457],[-10.71003,9.13431],[-10.70493,9.14963],[-10.69812,9.15911],[-10.69178,9.16061],[-10.6854,9.17031],[-10.67646,9.17669],[-10.67212,9.18078],[-10.66804,9.18614],[-10.66676,9.18895],[-10.66191,9.1915],[-10.65833,9.19482],[-10.65578,9.1989],[-10.65476,9.20248],[-10.65731,9.20886],[-10.65872,9.21626],[-10.65821,9.22086],[-10.65055,9.23592],[-10.65055,9.24103],[-10.64417,9.2469],[-10.64366,9.25047],[-10.64212,9.25354],[-10.64391,9.26349],[-10.64314,9.26707],[-10.64059,9.26988],[-10.63676,9.27013],[-10.63574,9.27677],[-10.64161,9.2806],[-10.64442,9.28111],[-10.64774,9.2829],[-10.64991,9.28596],[-10.65246,9.28775],[-10.65604,9.29311],[-10.65527,9.30051],[-10.65297,9.30434],[-10.65195,9.30919],[-10.66216,9.3194],[-10.67748,9.32834],[-10.6905,9.33472],[-10.69969,9.34136],[-10.70531,9.33574],[-10.71067,9.33983],[-10.71884,9.34161],[-10.72395,9.34136],[-10.72726,9.34212],[-10.73135,9.34442],[-10.73288,9.348],[-10.73186,9.35157],[-10.72777,9.35744],[-10.72178,9.37148],[-10.72509,9.37838],[-10.72994,9.38221],[-10.7348,9.38501],[-10.75088,9.38706],[-10.76543,9.39472],[-10.77054,9.39599],[-10.7879,9.40595],[-10.79351,9.41054],[-10.79862,9.41335],[-10.80296,9.41693],[-10.8073,9.41897],[-10.81419,9.42458],[-10.81981,9.4302],[-10.83091,9.43786],[-10.84062,9.44705],[-10.84444,9.4496],[-10.84572,9.45241],[-10.84444,9.46798],[-10.84521,9.47488],[-10.84904,9.48611],[-10.85415,9.48943],[-10.859,9.49454],[-10.85874,9.50066],[-10.85134,9.50373],[-10.84674,9.5073],[-10.84457,9.51011],[-10.84559,9.51649],[-10.84789,9.52083],[-10.85861,9.53053],[-10.8678,9.541],[-10.87317,9.54585],[-10.88133,9.55734],[-10.88567,9.56627],[-10.88185,9.57572],[-10.88082,9.58108],[-10.88759,9.58823],[-10.89295,9.58899],[-10.8978,9.59155],[-10.90163,9.59231],[-10.90699,9.59512],[-10.9098,9.59793],[-10.91363,9.60431],[-10.91644,9.61427],[-10.92282,9.62908],[-10.93201,9.63878],[-10.94248,9.64797],[-10.94554,9.65154],[-10.95409,9.65818],[-10.95767,9.66226],[-10.96941,9.67886],[-10.97452,9.68294],[-10.98013,9.68907],[-10.98396,9.69188],[-10.98907,9.69698],[-10.99162,9.69647],[-10.99264,9.69443],[-10.9952,9.69367],[-11.00081,9.69673],[-11.00337,9.69647],[-11.00464,9.69469],[-11.0072,9.69418],[-11.00822,9.6929],[-11.01179,9.69469],[-11.01383,9.69239],[-11.01588,9.69469],[-11.01741,9.69239],[-11.01996,9.69239],[-11.02175,9.69137],[-11.02404,9.6929],[-11.02941,9.69264],[-11.02838,9.69596],[-11.02915,9.69852],[-11.02571,9.71407],[-11.02111,9.71407],[-11.01996,9.71694],[-11.01882,9.72354],[-11.01709,9.72613],[-11.01566,9.73273],[-11.01135,9.73216],[-11.01192,9.73876],[-11.00905,9.74249],[-11.00618,9.74795],[-11.00991,9.75398],[-11.02427,9.7646],[-11.04437,9.78442],[-11.04782,9.79102],[-11.05072,9.79451],[-11.05608,9.80319],[-11.06183,9.80931],[-11.06515,9.81442],[-11.07306,9.82412],[-11.07842,9.82795],[-11.0848,9.83459],[-11.08812,9.8402],[-11.09808,9.84684],[-11.10344,9.84888],[-11.10982,9.84991],[-11.11595,9.85195],[-11.1208,9.85195],[-11.1282,9.85348],[-11.13867,9.85629],[-11.14174,9.86012],[-11.14429,9.86497],[-11.14863,9.86829],[-11.1545,9.87058],[-11.1568,9.87416],[-11.15565,9.88846],[-11.15565,9.90199],[-11.15795,9.91016],[-11.16127,9.91628],[-11.16229,9.92266],[-11.16127,9.93951],[-11.1605,9.94232],[-11.16075,9.94768],[-11.16229,9.9533],[-11.1665,9.95841],[-11.17033,9.96121],[-11.1762,9.96479],[-11.17875,9.96479],[-11.18488,9.96709],[-11.19739,9.97526],[-11.20147,9.98113],[-11.21118,9.98828],[-11.21603,9.99262],[-11.22049,9.99925],[-11.64556,9.99925],[-11.89549,9.99798],[-11.89782,9.99711],[-11.89802,9.99809],[-11.90229,9.99382],[-11.90656,9.98635],[-11.91671,9.9714],[-11.93112,9.96873],[-11.93753,9.96499],[-11.95701,9.95698],[-11.96128,9.95165],[-11.97783,9.93883],[-11.98211,9.93937],[-11.99545,9.93563],[-11.99972,9.93136],[-12.01307,9.92976],[-12.02055,9.92602],[-12.04831,9.9084],[-12.06699,9.90146],[-12.075,9.90093],[-12.08354,9.89132],[-12.10437,9.88598],[-12.10944,9.8801],[-12.12545,9.86889],[-12.12919,9.8753],[-12.13667,9.87103],[-12.13506,9.87637],[-12.14147,9.8737],[-12.14547,9.87744],[-12.14441,9.87103],[-12.15081,9.87477],[-12.15455,9.88064],[-12.15615,9.87957],[-12.15989,9.87957],[-12.16309,9.88491],[-12.16469,9.88224],[-12.16843,9.88277],[-12.17003,9.88705],[-12.1727,9.88811],[-12.17591,9.88598],[-12.18605,9.89292],[-12.18819,9.89238],[-12.19246,9.89559],[-12.19779,9.90199],[-12.20367,9.90039],[-12.21595,9.90947],[-12.21648,9.91854],[-12.21915,9.93082],[-12.23036,9.92655],[-12.24531,9.92388],[-12.25492,9.92068],[-12.26934,9.91694],[-12.28161,9.91214],[-12.29176,9.9068],[-12.30217,9.89986],[-12.31658,9.88705],[-12.3278,9.88224],[-12.34007,9.8785],[-12.34755,9.87904],[-12.35235,9.88438],[-12.36463,9.89452],[-12.37905,9.89666],[-12.39346,9.89719],[-12.41589,9.89666],[-12.42123,9.89559],[-12.42817,9.89078],[-12.43831,9.88544],[-12.45593,9.87263],[-12.47675,9.86035],[-12.48102,9.85448],[-12.48849,9.85074],[-12.49437,9.84594],[-12.49704,9.84167],[-12.49917,9.83579],[-12.4965,9.83206],[-12.4933,9.83099],[-12.4901,9.83366],[-12.48743,9.82992],[-12.48903,9.81177],[-12.4949,9.8139],[-12.4981,9.81177],[-12.50024,9.80483],[-12.4981,9.79682],[-12.50718,9.78187],[-12.50665,9.77493],[-12.50825,9.76799],[-12.51092,9.76318],[-12.51572,9.75891],[-12.51732,9.75411],[-12.51412,9.75411],[-12.50932,9.75624],[-12.50611,9.75251],[-12.50398,9.7461],[-12.50985,9.7429],[-12.51572,9.7445],[-12.52373,9.74503],[-12.52747,9.73702],[-12.52266,9.72421],[-12.51732,9.7162],[-12.51732,9.70873],[-12.52106,9.70606],[-12.52533,9.70819],[-12.5296,9.71247],[-12.5296,9.7162],[-12.52747,9.71994],[-12.53067,9.72474],[-12.53441,9.72208],[-12.53494,9.71567],[-12.53921,9.71407],[-12.54989,9.70713],[-12.56217,9.70446],[-12.56484,9.70019],[-12.56484,9.68417],[-12.56698,9.6767],[-12.57178,9.67029],[-12.57125,9.66175],[-12.57231,9.65641],[-12.57552,9.65748],[-12.57819,9.66228],[-12.58192,9.66548],[-12.58566,9.66495],[-12.5878,9.65961],[-12.5878,9.65427],[-12.58566,9.64947],[-12.58406,9.64146],[-12.58139,9.63505],[-12.58833,9.60943],[-12.58742,9.60083],[-12.59079,9.60019],[-12.59762,9.60019],[-12.60003,9.60252],[-12.6,9.60159],[-12.60012,9.60252],[-12.61219,9.6081],[-12.61702,9.60486],[-12.61684,9.60012],[-12.61786,9.59444],[-12.6221,9.5907],[-12.62539,9.57558],[-12.62747,9.57092],[-12.63297,9.56725],[-12.63339,9.56317],[-12.62906,9.55443],[-12.62772,9.54993],[-12.6307,9.54712],[-12.63297,9.54718],[-12.63489,9.54893],[-12.63963,9.55001],[-12.64781,9.54554],[-12.65213,9.54127],[-12.655,9.53673],[-12.65371,9.53227],[-12.64781,9.52711],[-12.64434,9.51982],[-12.6455,9.51116],[-12.65519,9.49687],[-12.65954,9.49172],[-12.66645,9.47964],[-12.67028,9.47656],[-12.66772,9.47032],[-12.66945,9.4674],[-12.67311,9.46548],[-12.67046,9.46287],[-12.6732,9.46548],[-12.67694,9.46165],[-12.67805,9.45188],[-12.67761,9.44899],[-12.67977,9.44683],[-12.68136,9.44316],[-12.67486,9.43767],[-12.67861,9.43434],[-12.68386,9.43092],[-12.67911,9.42068],[-12.68369,9.41826],[-12.68319,9.4106],[-12.6839,9.40851],[-12.6846,9.40744],[-12.6876,9.40977],[-12.68952,9.41393],[-12.69302,9.4176],[-12.69944,9.41648],[-12.70597,9.41131],[-12.70888,9.40673],[-12.70938,9.39882],[-12.70663,9.39399],[-12.70607,9.39141],[-12.70705,9.38932],[-12.71071,9.38974],[-12.71513,9.39449],[-12.71889,9.39589],[-12.7223,9.39657],[-12.72508,9.39486],[-12.73115,9.39436],[-12.7394,9.39978],[-12.74881,9.40027],[-12.7509,9.39486],[-12.75564,9.38903],[-12.75512,9.38108],[-12.75586,9.37371],[-12.75315,9.36879],[-12.75217,9.36525],[-12.75373,9.3638],[-12.7534,9.35922],[-12.75106,9.35705],[-12.74774,9.35658],[-12.74648,9.35389],[-12.74773,9.34456],[-12.75073,9.3414],[-12.76102,9.33831],[-12.76312,9.33947],[-12.77263,9.34231],[-12.77455,9.34123],[-12.77455,9.33881],[-12.77205,9.33698],[-12.77134,9.33167],[-12.77713,9.32307],[-12.77798,9.31987],[-12.78263,9.31566],[-12.78683,9.31323],[-12.78538,9.30875],[-12.78321,9.30542],[-12.78318,9.30314],[-12.78779,9.29851],[-12.79554,9.29767],[-12.80078,9.29617],[-12.80736,9.2876],[-12.80896,9.28447],[-12.82302,9.29376],[-12.83384,9.2876],[-12.83568,9.28893],[-12.83984,9.28884],[-12.84288,9.28742],[-12.84492,9.28418],[-12.84534,9.28027],[-12.84731,9.27783],[-12.84933,9.28268],[-12.85283,9.28551],[-12.8555,9.28926],[-12.86058,9.29226],[-12.86501,9.28742],[-12.87164,9.28816],[-12.87902,9.29184],[-12.88639,9.28447],[-12.8876,9.28122],[-12.88492,9.27857],[-12.88336,9.27348],[-12.88861,9.27046],[-12.89306,9.27136],[-12.89589,9.27119],[-12.89964,9.26861],[-12.90778,9.25866],[-12.90938,9.26444],[-12.91338,9.26394],[-12.91488,9.26719],[-12.91811,9.26898],[-12.91492,9.2694],[-12.91425,9.27248],[-12.91737,9.27709],[-12.92133,9.28172],[-12.92441,9.28131],[-12.93083,9.28614],[-12.94213,9.28885],[-12.94757,9.28356],[-12.95414,9.27931],[-12.95129,9.26972],[-12.94944,9.26563],[-12.94964,9.25754],[-12.95698,9.24658],[-12.96009,9.2393],[-12.95713,9.23795],[-12.96007,9.23928],[-12.96222,9.23429],[-12.95753,9.22633],[-12.95505,9.22047],[-12.95476,9.21453],[-12.95609,9.18417],[-12.95768,9.18222],[-12.95437,9.18058],[-12.9577,9.18222],[-12.97079,9.17349],[-12.97564,9.16735],[-12.98053,9.15804],[-12.99041,9.14168],[-12.99074,9.13835],[-12.98958,9.13443],[-12.99574,9.1281],[-12.99891,9.12327],[-13.01454,9.11358],[-13.03055,9.10154],[-13.04238,9.09419],[-13.05202,9.08544],[-13.05331,9.08487],[-13.06184,9.08487],[-13.07293,9.08288],[-13.08403,9.07719],[-13.09142,9.06225],[-13.09356,9.05482],[-13.09916,9.05068],[-13.10875,9.04994],[-13.12866,9.05215],[-13.1358,9.0513],[-13.14277,9.05216],[-13.1486,9.06183],[-13.15585,9.06894],[-13.16111,9.07207],[-13.16701,9.07723],[-13.17516,9.09354],[-13.17818,9.09795],[-13.18757,9.09724],[-13.19482,9.09582],[-13.1998,9.09767],[-13.20691,9.09383],[-13.22085,9.08771],[-13.23095,9.0843],[-13.24005,9.0796],[-13.24331,9.07873],[-13.25846,9.07207],[-13.27039,9.0678],[-13.28995,9.06193],[-13.29718,9.05714],[-13.30759,9.04748],[-13.30901,9.04465],[-13.30893,9.04298],[-13.3036,9.03524],[-13.29927,9.02724],[-13.29398,9.01512],[-13.29223,9.01238],[-13.29023,9.00613],[-13.28403,8.99535],[-13.28436,8.99468],[-13.28661,8.99659],[-13.28786,8.99643],[-13.29152,8.9896],[-13.29219,8.99002],[-13.29327,8.98943],[-13.2936,8.98585],[-13.29552,8.98194],[-13.29398,8.97923],[-13.29414,8.97756],[-13.29548,8.97673],[-13.29623,8.97473],[-13.29548,8.96674],[-13.29681,8.96307],[-13.29606,8.96124],[-13.29664,8.95874],[-13.29477,8.95379],[-13.29052,8.95146],[-13.28727,8.95279],[-13.28236,8.95162],[-13.27686,8.94929],[-13.27128,8.94812],[-13.26754,8.94896],[-13.262,8.95166],[-13.2605,8.95383],[-13.25942,8.95708],[-13.25838,8.97403],[-13.25663,8.97502],[-13.25554,8.97477],[-13.25429,8.97269],[-13.25313,8.96828],[-13.25396,8.95462],[-13.25296,8.95337],[-13.24971,8.95304],[-13.24863,8.95187],[-13.24563,8.95146],[-13.24505,8.95021],[-13.24513,8.94787],[-13.24976,8.94309],[-13.24926,8.9425],[-13.2391,8.94467],[-13.23793,8.94617],[-13.23793,8.95391],[-13.23518,8.96024],[-13.23435,8.96033],[-13.23268,8.95924],[-13.23177,8.95416],[-13.23202,8.95191],[-13.23077,8.94933],[-13.23077,8.94792],[-13.2271,8.94409],[-13.22544,8.94375],[-13.22102,8.93809],[-13.21553,8.93443],[-13.20458,8.92464],[-13.19666,8.91273],[-13.19258,8.91106],[-13.18992,8.91098],[-13.18267,8.90848],[-13.17097,8.90861],[-13.16114,8.90744],[-13.15756,8.90852],[-13.15273,8.91344],[-13.14849,8.91602],[-13.14682,8.91627],[-13.14103,8.92264],[-13.1407,8.92331],[-13.14137,8.92381],[-13.13753,8.92597],[-13.13645,8.9278],[-13.13121,8.9308],[-13.12521,8.93247],[-13.11981,8.93313],[-13.11731,8.931],[-13.1055,8.93125],[-13.09447,8.92987],[-13.08479,8.92773],[-13.08581,8.92419],[-13.09235,8.9241],[-13.09843,8.92493],[-13.10735,8.92835],[-13.10918,8.92801],[-13.11692,8.92168],[-13.12188,8.91431],[-13.12388,8.91248],[-13.12812,8.91065],[-13.13937,8.89741],[-13.14632,8.89378],[-13.14832,8.89212],[-13.15773,8.89145],[-13.15898,8.89228],[-13.16589,8.89412],[-13.17897,8.89603],[-13.17997,8.89553],[-13.1793,8.89104],[-13.1863,8.89287],[-13.19337,8.89312],[-13.19912,8.89104],[-13.19995,8.8897],[-13.19929,8.88829],[-13.19821,8.88687],[-13.19596,8.88554],[-13.18755,8.88421],[-13.18521,8.88321],[-13.16548,8.87188],[-13.14771,8.85453],[-13.15256,8.84686],[-13.15406,8.84334],[-13.1576,8.8432],[-13.16452,8.84562],[-13.16826,8.84862],[-13.17476,8.8502],[-13.17501,8.85186],[-13.17759,8.8532],[-13.18459,8.85261],[-13.193,8.85436],[-13.1965,8.85628],[-13.19908,8.85861],[-13.20607,8.86136],[-13.20591,8.86186],[-13.20483,8.86186],[-13.20483,8.86244],[-13.20824,8.86352],[-13.20866,8.86227],[-13.20766,8.85919],[-13.20549,8.85919],[-13.21224,8.85486],[-13.21528,8.85091],[-13.22052,8.84616],[-13.23035,8.84066],[-13.2321,8.83667],[-13.23235,8.83458],[-13.23451,8.83175],[-13.2433,8.82505],[-13.2443,8.82322],[-13.2453,8.81872],[-13.24701,8.80677],[-13.24909,8.80444],[-13.24867,8.79702],[-13.24667,8.78795],[-13.24605,8.78033],[-13.2463,8.77333],[-13.24459,8.75705],[-13.23993,8.74123],[-13.23814,8.72861],[-13.23814,8.72811],[-13.24018,8.7289],[-13.24234,8.72607],[-13.24476,8.71782],[-13.24548,8.71184],[-13.24577,8.70722],[-13.2428,8.69654],[-13.24557,8.68783],[-13.24636,8.67873],[-13.24518,8.66725],[-13.24161,8.65775],[-13.23172,8.64034],[-13.22765,8.63557],[-13.22662,8.63524],[-13.22222,8.63084],[-13.21866,8.6249],[-13.21193,8.61625],[-13.20243,8.59008],[-13.20065,8.5782],[-13.19788,8.57187],[-13.18641,8.55288],[-13.17849,8.54259],[-13.17154,8.53541],[-13.17104,8.53366],[-13.1722,8.533],[-13.1712,8.531],[-13.16945,8.53033],[-13.16762,8.52742],[-13.16712,8.53],[-13.16646,8.52992],[-13.16517,8.52807],[-13.16453,8.52571],[-13.15994,8.52374],[-13.15541,8.51991],[-13.14859,8.51725],[-13.14745,8.51756],[-13.14599,8.51945],[-13.14146,8.52288],[-13.13688,8.52943],[-13.13521,8.53499],[-13.13539,8.54141],[-13.13264,8.54716],[-13.13556,8.54716],[-13.13356,8.54874],[-13.13164,8.54907],[-13.1284,8.55315],[-13.1281,8.56061],[-13.12902,8.5661],[-13.1286,8.56927],[-13.12394,8.57768],[-13.11615,8.58838],[-13.11457,8.59363],[-13.10999,8.60079],[-13.10903,8.60333],[-13.1092,8.60533],[-13.10501,8.60708],[-13.09979,8.60533],[-13.09504,8.60458],[-13.09537,8.59883],[-13.09346,8.59708],[-13.09446,8.59717],[-13.09121,8.59267],[-13.09029,8.59042],[-13.09004,8.58409],[-13.0863,8.58467],[-13.08438,8.58359],[-13.0793,8.58401],[-13.07572,8.58326],[-13.07022,8.58342],[-13.06714,8.58126],[-13.06614,8.57926],[-13.06639,8.57693],[-13.06585,8.57597],[-13.06447,8.57536],[-13.0644,8.57282],[-13.05421,8.57418],[-13.04632,8.59044],[-13.04328,8.59246],[-13.03454,8.59463],[-13.02767,8.6],[-13.02259,8.60266],[-13.02134,8.60241],[-13.02142,8.59767],[-13.01767,8.59567],[-13.00501,8.59558],[-13.00243,8.59925],[-12.99777,8.60133],[-12.9944,8.60179],[-12.98673,8.60096],[-12.98049,8.59896],[-12.97108,8.59363],[-12.96716,8.59229],[-12.96021,8.59467],[-12.94724,8.59325],[-12.94663,8.58821],[-12.95676,8.58405],[-12.96047,8.58069],[-12.95946,8.57799],[-12.95003,8.57395],[-12.93253,8.55813],[-12.92647,8.5551],[-12.91637,8.55327],[-12.9131,8.54661],[-12.91633,8.54663],[-12.91945,8.54544],[-12.92128,8.54415],[-12.92171,8.54264],[-12.92311,8.54114],[-12.92709,8.53791],[-12.92666,8.53683],[-12.92989,8.53522],[-12.9318,8.53453],[-12.93206,8.53504],[-12.93871,8.53247],[-12.94076,8.53027],[-12.94205,8.53037],[-12.94409,8.5294],[-12.94474,8.52865],[-12.94087,8.52596],[-12.94011,8.52413],[-12.9399,8.52295],[-12.94076,8.52198],[-12.94248,8.52219],[-12.9414,8.52338],[-12.9414,8.52424],[-12.9427,8.52618],[-12.95184,8.52801],[-12.95238,8.52865],[-12.95217,8.53037],[-12.95518,8.53231],[-12.95647,8.53263],[-12.95959,8.53048],[-12.96099,8.5307],[-12.96336,8.53231],[-12.9639,8.53037],[-12.96411,8.53317],[-12.96777,8.53683],[-12.9681,8.53888],[-12.96724,8.53952],[-12.9665,8.54211],[-12.96828,8.54351],[-12.96767,8.5448],[-12.9681,8.54652],[-12.96713,8.54846],[-12.96788,8.55373],[-12.9732,8.55736],[-12.97512,8.55977],[-12.97545,8.5636],[-12.97595,8.56385],[-12.9772,8.56252],[-12.97811,8.55936],[-12.98694,8.55861],[-12.99094,8.56002],[-12.99202,8.55986],[-12.99469,8.55844],[-12.99827,8.55469],[-13.00318,8.55328],[-13.00785,8.55528],[-13.01093,8.55494],[-13.01343,8.55544],[-13.01505,8.55757],[-13.01938,8.56073],[-13.01971,8.56523],[-13.0223,8.56473],[-13.02663,8.55782],[-13.02704,8.55598],[-13.02471,8.55532],[-13.02796,8.54749],[-13.03537,8.53924],[-13.03912,8.53891],[-13.04178,8.53458],[-13.04178,8.5335],[-13.03833,8.53154],[-13.03333,8.52621],[-13.0285,8.52355],[-13.0235,8.51888],[-13.02242,8.51605],[-13.023,8.51538],[-13.03341,8.51971],[-13.04541,8.52696],[-13.0499,8.52763],[-13.05248,8.52446],[-13.0544,8.51955],[-13.05565,8.51105],[-13.05648,8.51064],[-13.05665,8.5128],[-13.05798,8.51222],[-13.06085,8.5031],[-13.06269,8.50077],[-13.06602,8.49852],[-13.06955,8.49817],[-13.07085,8.49866],[-13.0752,8.49787],[-13.07837,8.49589],[-13.08367,8.48669],[-13.08984,8.48761],[-13.09283,8.48494],[-13.09692,8.48511],[-13.09891,8.48628],[-13.10316,8.48719],[-13.10633,8.48569],[-13.10567,8.48322],[-13.10799,8.4752],[-13.10799,8.46862],[-13.10941,8.46671],[-13.11082,8.46581],[-13.1128,8.46779],[-13.11794,8.46462],[-13.11952,8.46106],[-13.12625,8.45789],[-13.12704,8.45552],[-13.13179,8.45552],[-13.13473,8.44863],[-13.13206,8.43697],[-13.1214,8.43139],[-13.11407,8.43023],[-13.10308,8.42523],[-13.09625,8.4234],[-13.08755,8.41861],[-13.08297,8.41886],[-13.07837,8.42109],[-13.07599,8.42386],[-13.0748,8.42821],[-13.07282,8.42426],[-13.07243,8.41871],[-13.06768,8.41674],[-13.0657,8.41278],[-13.07164,8.41397],[-13.07955,8.41357],[-13.08034,8.4112],[-13.0748,8.40209],[-13.0748,8.39655],[-13.07164,8.39259],[-13.06808,8.3918],[-13.06827,8.38547],[-13.06629,8.38231],[-13.06273,8.38112],[-13.05838,8.37835],[-13.05363,8.37835],[-13.04572,8.37716],[-13.04136,8.37637],[-13.04111,8.3757],[-13.04779,8.37487],[-13.06445,8.37447],[-13.06504,8.37169],[-13.06074,8.36563],[-13.06065,8.36439],[-13.05979,8.36342],[-13.06041,8.36261],[-13.06642,8.3699],[-13.06783,8.37497],[-13.07101,8.37685],[-13.07217,8.37825],[-13.07601,8.3799],[-13.079,8.38283],[-13.08084,8.37933],[-13.07984,8.38388],[-13.08029,8.38726],[-13.08449,8.3959],[-13.08889,8.40166],[-13.09212,8.41161],[-13.09352,8.41356],[-13.09745,8.41409],[-13.105,8.41286],[-13.10554,8.41223],[-13.10485,8.41091],[-13.10608,8.41101],[-13.10656,8.41013],[-13.10543,8.40481],[-13.10607,8.403],[-13.10788,8.40143],[-13.1084,8.40376],[-13.10744,8.40437],[-13.10751,8.40698],[-13.10865,8.41014],[-13.1108,8.41271],[-13.11535,8.41522],[-13.12013,8.41322],[-13.12525,8.41355],[-13.13042,8.41851],[-13.1338,8.41836],[-13.13379,8.4189],[-13.13224,8.41943],[-13.12798,8.41809],[-13.12625,8.4189],[-13.12678,8.42033],[-13.1288,8.42198],[-13.13076,8.42643],[-13.13163,8.4274],[-13.13261,8.42668],[-13.13279,8.42567],[-13.13325,8.42591],[-13.13509,8.42472],[-13.1392,8.42626],[-13.14021,8.42602],[-13.1411,8.42716],[-13.14305,8.4275],[-13.14283,8.42951],[-13.1475,8.43335],[-13.14955,8.43563],[-13.14998,8.43703],[-13.1506,8.43703],[-13.15038,8.43757],[-13.15145,8.43778],[-13.15053,8.43819],[-13.15317,8.44279],[-13.15323,8.44319],[-13.15265,8.44299],[-13.15294,8.44434],[-13.15438,8.44548],[-13.15477,8.44792],[-13.15565,8.44773],[-13.1554,8.44888],[-13.15801,8.45228],[-13.15869,8.45237],[-13.15886,8.4537],[-13.16232,8.45582],[-13.1644,8.45645],[-13.16589,8.45612],[-13.16733,8.45823],[-13.16905,8.45875],[-13.16933,8.46226],[-13.17137,8.4639],[-13.1709,8.4654],[-13.17202,8.46766],[-13.17929,8.47343],[-13.18205,8.47794],[-13.18305,8.47831],[-13.18605,8.47713],[-13.18499,8.48025],[-13.18552,8.48145],[-13.18755,8.4823],[-13.18979,8.4808],[-13.19143,8.4809],[-13.19386,8.48243],[-13.19544,8.48195],[-13.19544,8.48112],[-13.19653,8.48059],[-13.19939,8.4818],[-13.202,8.481],[-13.20331,8.48285],[-13.20239,8.48572],[-13.20538,8.48583],[-13.20612,8.48479],[-13.20725,8.48567],[-13.20662,8.4876],[-13.20399,8.48729],[-13.20284,8.48807],[-13.20286,8.49042],[-13.2058,8.49093],[-13.2096,8.49403],[-13.21621,8.49407],[-13.21631,8.492],[-13.21926,8.49071],[-13.2235,8.49064],[-13.22694,8.49196],[-13.22814,8.48985],[-13.22901,8.48961],[-13.23131,8.49129],[-13.23237,8.49312],[-13.23701,8.49072],[-13.23732,8.48963],[-13.23898,8.48875],[-13.23915,8.48737],[-13.24175,8.48793],[-13.24542,8.49311],[-13.24509,8.49245],[-13.24721,8.49376],[-13.24934,8.49336],[-13.25074,8.49279],[-13.25311,8.4892],[-13.2528,8.48699],[-13.25163,8.48672],[-13.25045,8.48502],[-13.25234,8.48517],[-13.25502,8.48424],[-13.25599,8.48433],[-13.25641,8.48546],[-13.25773,8.48594],[-13.25757,8.48803],[-13.25872,8.48702],[-13.26012,8.48793],[-13.25895,8.48992],[-13.2613,8.49396],[-13.26804,8.49713],[-13.27094,8.49467],[-13.27084,8.49363],[-13.27211,8.49271],[-13.27161,8.49038],[-13.27377,8.48791],[-13.27299,8.48598],[-13.2742,8.48578],[-13.27431,8.48253],[-13.27679,8.48214],[-13.276,8.47793],[-13.27872,8.47424],[-13.27934,8.47637],[-13.27795,8.47938],[-13.27862,8.48155],[-13.27943,8.48141],[-13.27962,8.48289],[-13.28057,8.48336],[-13.27984,8.48375],[-13.28028,8.48423],[-13.27959,8.48438],[-13.27964,8.48548],[-13.28072,8.48721],[-13.28178,8.48745],[-13.28303,8.48656],[-13.28307,8.48707],[-13.28124,8.49022],[-13.27932,8.49204],[-13.27507,8.49181],[-13.27398,8.49302],[-13.27322,8.49292],[-13.27493,8.49422],[-13.2791,8.49456],[-13.2808,8.49648],[-13.28403,8.49621],[-13.28712,8.49972],[-13.29022,8.49933],[-13.29089,8.49762],[-13.29211,8.49698],[-13.29375,8.49707],[-13.29582,8.49915],[-13.29708,8.49936],[-13.2975,8.49676],[-13.29886,8.49408],[-13.29585,8.49175],[-13.29316,8.49178],[-13.29024,8.48774],[-13.28492,8.47743],[-13.28275,8.47179],[-13.27927,8.46053],[-13.27839,8.45501],[-13.2777,8.45434],[-13.27941,8.45293],[-13.27996,8.45342],[-13.28078,8.45291],[-13.28003,8.45089],[-13.27959,8.44439],[-13.28022,8.44045],[-13.28171,8.43708],[-13.28245,8.43759],[-13.283,8.43691],[-13.28359,8.43734],[-13.28475,8.436],[-13.28672,8.43638],[-13.28722,8.43494],[-13.2891,8.43536],[-13.29169,8.43703],[-13.29357,8.43657],[-13.29045,8.4312],[-13.28975,8.42638],[-13.29416,8.42332],[-13.29129,8.42091],[-13.28961,8.42081],[-13.28786,8.41982],[-13.28367,8.41951],[-13.27938,8.41488],[-13.27288,8.40547],[-13.27059,8.39762],[-13.26813,8.39611],[-13.26443,8.39012],[-13.26361,8.38688],[-13.26481,8.38725],[-13.26494,8.38498],[-13.26147,8.38197],[-13.26171,8.38137],[-13.26016,8.37945],[-13.25824,8.37932],[-13.25705,8.37669],[-13.24445,8.36006],[-13.23764,8.35238],[-13.23406,8.34578],[-13.22963,8.34433],[-13.22483,8.34407],[-13.21931,8.34273],[-13.21715,8.34188],[-13.21236,8.33767],[-13.2078,8.33717],[-13.20529,8.33537],[-13.20458,8.33381],[-13.20241,8.33428],[-13.19701,8.32008],[-13.19597,8.31182],[-13.19215,8.30642],[-13.19067,8.30324],[-13.19223,8.30193],[-13.1944,8.30182],[-13.19488,8.30075],[-13.1932,8.30098],[-13.19308,8.30038],[-13.19428,8.29979],[-13.19273,8.29751],[-13.19526,8.2968],[-13.19442,8.29584],[-13.18866,8.29546],[-13.18796,8.29223],[-13.1864,8.29162],[-13.18414,8.28611],[-13.18427,8.28503],[-13.18655,8.28385],[-13.1868,8.28301],[-13.18608,8.28241],[-13.18415,8.28407],[-13.17983,8.28286],[-13.17659,8.28296],[-13.17623,8.28212],[-13.17504,8.28176],[-13.17478,8.28415],[-13.17287,8.28319],[-13.1713,8.28533],[-13.16746,8.28496],[-13.16553,8.28674],[-13.15952,8.28635],[-13.16554,8.28315],[-13.17035,8.28162],[-13.17186,8.28001],[-13.16852,8.27533],[-13.16782,8.2721],[-13.16952,8.2678],[-13.1712,8.26637],[-13.17325,8.26626],[-13.17326,8.2622],[-13.17507,8.26149],[-13.17592,8.25946],[-13.17281,8.25669],[-13.17089,8.25644],[-13.16766,8.25475],[-13.16611,8.25152],[-13.16583,8.24595],[-13.16431,8.23781],[-13.16156,8.23481],[-13.15966,8.23049],[-13.15756,8.21757],[-13.15705,8.21216],[-13.16189,8.20317],[-13.16262,8.2003],[-13.16228,8.19719],[-13.16336,8.196],[-13.16434,8.19326],[-13.16257,8.18679],[-13.16454,8.1746],[-13.16419,8.17268],[-13.16251,8.17184],[-13.1612,8.17123],[-13.15963,8.17158],[-13.14391,8.18389],[-13.13945,8.18854],[-13.13499,8.19139],[-13.12933,8.19722],[-13.1274,8.19793],[-13.12188,8.19695],[-13.11515,8.20038],[-13.11106,8.20096],[-13.10949,8.20227],[-13.10745,8.2025],[-13.10539,8.20668],[-13.10311,8.20727],[-13.10169,8.21149],[-13.09871,8.21248],[-13.09398,8.21248],[-13.09005,8.21516],[-13.08934,8.21661],[-13.08331,8.21871],[-13.08186,8.22038],[-13.08233,8.22242],[-13.08147,8.2266],[-13.07845,8.2291],[-13.07821,8.23089],[-13.07579,8.23327],[-13.07063,8.23384],[-13.06521,8.23633],[-13.06112,8.23942],[-13.05812,8.23869],[-13.04755,8.24031],[-13.03784,8.23632],[-13.03353,8.23546],[-13.02968,8.2358],[-13.01719,8.23976],[-13.017,8.23836],[-13.0121,8.2351],[-13.00442,8.23351],[-13.00274,8.23434],[-13.00129,8.23637],[-12.99864,8.23743],[-12.98976,8.23691],[-12.98807,8.23869],[-12.98286,8.24811],[-12.98057,8.25026],[-12.97868,8.25557],[-12.97466,8.26264],[-12.97533,8.25525],[-12.9763,8.25163],[-12.98588,8.24005],[-12.98956,8.23283],[-12.98863,8.23072],[-12.98788,8.22513],[-12.98813,8.21956],[-12.98896,8.21798],[-12.99004,8.21923],[-12.99357,8.21141],[-12.99357,8.2089],[-12.97659,8.18832],[-12.96688,8.17778],[-12.95835,8.16992],[-12.95551,8.1659],[-12.94538,8.15469],[-12.9417,8.149],[-12.94107,8.14569],[-12.93936,8.14515],[-12.93702,8.14097],[-12.93566,8.13995],[-12.93501,8.13812],[-12.93599,8.13687],[-12.93524,8.13612],[-12.93558,8.13503],[-12.93316,8.13312],[-12.92698,8.12156],[-12.92397,8.11453],[-12.9253,8.11202],[-12.92455,8.10884],[-12.92238,8.10667],[-12.92087,8.10633],[-12.92037,8.10483],[-12.9192,8.10449],[-12.9192,8.10299],[-12.91842,8.10189],[-12.91752,8.10299],[-12.91669,8.10299],[-12.91451,8.10248],[-12.91317,8.10115],[-12.9125,8.09964],[-12.91309,8.09648],[-12.91468,8.09546],[-12.91351,8.09331],[-12.91242,8.09206],[-12.91026,8.09256],[-12.90943,8.09414],[-12.90293,8.09456],[-12.90235,8.09539],[-12.89895,8.09596],[-12.89677,8.09439],[-12.89832,8.08989],[-12.89778,8.08625],[-12.89845,8.08207],[-12.90029,8.07672],[-12.9023,8.07421],[-12.90347,8.07153],[-12.90414,8.06885],[-12.90397,8.06634],[-12.90297,8.06517],[-12.90338,8.05948],[-12.90439,8.04877],[-12.9064,8.04058],[-12.90422,8.03422],[-12.90422,8.02936],[-12.90096,8.01665],[-12.89995,8.01364],[-12.89443,8.00694],[-12.89443,8.0051],[-12.89293,8.00058],[-12.89077,7.99987],[-12.88602,7.99987],[-12.88786,7.99862],[-12.88702,7.99737],[-12.88623,7.9882],[-12.88389,7.97917],[-12.88409,7.97655],[-12.87943,7.96555],[-12.8791,7.96272],[-12.87777,7.95997],[-12.87593,7.95897],[-12.8756,7.95731],[-12.87352,7.95648],[-12.87352,7.95573],[-12.87185,7.95439],[-12.85803,7.9494],[-12.8562,7.94823],[-12.85078,7.94432],[-12.84877,7.94011],[-12.85032,7.93945],[-12.85191,7.93969],[-12.8599,7.94244],[-12.8721,7.9424],[-12.88068,7.9444],[-12.88543,7.94632],[-12.88826,7.94523],[-12.89176,7.94515],[-12.89567,7.9439],[-12.89775,7.9419],[-12.89942,7.9414],[-12.90017,7.94157],[-12.89933,7.94423],[-12.90292,7.94423],[-12.90442,7.94298],[-12.90575,7.94065],[-12.90804,7.93969],[-12.91229,7.93445],[-12.91395,7.93362],[-12.91587,7.93395],[-12.91595,7.93078],[-12.9177,7.93012],[-12.91953,7.9282],[-12.92095,7.92554],[-12.92486,7.92429],[-12.92936,7.92121],[-12.93111,7.92096],[-12.93352,7.92179],[-12.93877,7.91879],[-12.93977,7.91846],[-12.94027,7.91921],[-12.94456,7.91608],[-12.94589,7.91592],[-12.9483,7.91742],[-12.94922,7.91708],[-12.94997,7.91808],[-12.9523,7.91767],[-12.95247,7.91892],[-12.95322,7.91833],[-12.9543,7.91867],[-12.95472,7.91717],[-12.95522,7.91758],[-12.95613,7.91617],[-12.95447,7.91575],[-12.95472,7.91367],[-12.9513,7.90834],[-12.94947,7.90909],[-12.94714,7.90701],[-12.94564,7.90659],[-12.94331,7.90326],[-12.94106,7.90143],[-12.93689,7.89535],[-12.93502,7.89381],[-12.93252,7.89048],[-12.92952,7.88473],[-12.92469,7.87374],[-12.92061,7.86882],[-12.92011,7.86966],[-12.91624,7.87045],[-12.90808,7.86978],[-12.9065,7.87128],[-12.899,7.86678],[-12.88942,7.85662],[-12.88726,7.85279],[-12.88518,7.85229],[-12.88097,7.84584],[-12.87872,7.84301],[-12.87789,7.84309],[-12.87181,7.83285],[-12.8694,7.83001],[-12.86823,7.82735],[-12.86436,7.82273],[-12.85903,7.82106],[-12.85661,7.81865],[-12.8522,7.81573],[-12.84703,7.81007],[-12.84387,7.80907],[-12.84129,7.80907],[-12.83642,7.8032],[-12.8345,7.80253],[-12.83125,7.80003],[-12.82717,7.79887],[-12.82301,7.7962],[-12.81943,7.79487],[-12.81726,7.79479],[-12.81201,7.79245],[-12.81035,7.79262],[-12.8101,7.79037],[-12.80727,7.79046],[-12.80718,7.78921],[-12.80627,7.78887],[-12.80377,7.79129],[-12.80419,7.79337],[-12.80052,7.79853],[-12.79393,7.80275],[-12.79278,7.80135],[-12.79295,7.7991],[-12.79041,7.79389],[-12.78866,7.78623],[-12.7887,7.77087],[-12.7857,7.76529],[-12.78362,7.75971],[-12.78012,7.75746],[-12.77779,7.75779],[-12.77338,7.75096],[-12.76418,7.74526],[-12.75985,7.74476],[-12.75951,7.74692],[-12.75751,7.74717],[-12.75643,7.74834],[-12.75551,7.74809],[-12.7541,7.74467],[-12.75485,7.74226],[-12.75335,7.74234],[-12.74985,7.73959],[-12.74927,7.7356],[-12.74502,7.73077],[-12.74206,7.72548],[-12.73823,7.7219],[-12.73182,7.71748],[-12.72532,7.7149],[-12.72233,7.71299],[-12.72183,7.71115],[-12.719,7.70782],[-12.71566,7.70208],[-12.71317,7.70091],[-12.71075,7.70066],[-12.69372,7.70503],[-12.68164,7.70595],[-12.68098,7.70478],[-12.67194,7.70233],[-12.66694,7.69816],[-12.66536,7.69758],[-12.66361,7.698],[-12.65579,7.697],[-12.64862,7.69491],[-12.63934,7.69429],[-12.62901,7.69271],[-12.62759,7.69337],[-12.6256,7.6957],[-12.6226,7.69637],[-12.62368,7.69446],[-12.62343,7.68954],[-12.60644,7.68713],[-12.60457,7.68759],[-12.59674,7.68667],[-12.58933,7.68434],[-12.58824,7.6845],[-12.58633,7.685],[-12.57542,7.6945],[-12.57234,7.69841],[-12.56988,7.70037],[-12.56297,7.7052],[-12.55764,7.70711],[-12.55564,7.70845],[-12.54739,7.71478],[-12.54132,7.72044],[-12.53932,7.72102],[-12.53161,7.72639],[-12.52512,7.72864],[-12.51954,7.73339],[-12.51604,7.73797],[-12.51121,7.74163],[-12.49776,7.74859],[-12.49493,7.75109],[-12.49135,7.75625],[-12.48677,7.76783],[-12.48502,7.77032],[-12.48294,7.77157],[-12.48069,7.77207],[-12.47969,7.77149],[-12.47815,7.7632],[-12.4784,7.75887],[-12.48148,7.75071],[-12.47769,7.74709],[-12.47411,7.74201],[-12.47203,7.7316],[-12.46994,7.72727],[-12.46753,7.72535],[-12.46403,7.7246],[-12.46112,7.72494],[-12.45312,7.73243],[-12.44846,7.74084],[-12.44871,7.74967],[-12.44694,7.7524],[-12.44835,7.74893],[-12.44852,7.7424],[-12.44639,7.74143],[-12.44067,7.74038],[-12.44581,7.73685],[-12.44989,7.72769],[-12.45472,7.72286],[-12.45946,7.72094],[-12.46742,7.72149],[-12.4735,7.72498],[-12.4765,7.7279],[-12.48657,7.74414],[-12.4879,7.74514],[-12.49057,7.74489],[-12.49969,7.7336],[-12.5026,7.72752],[-12.5056,7.72444],[-12.51555,7.6965],[-12.5183,7.69192],[-12.52455,7.68767],[-12.53025,7.68572],[-12.54308,7.6843],[-12.54516,7.68322],[-12.55186,7.67127],[-12.55186,7.67027],[-12.55103,7.66894],[-12.54562,7.66485],[-12.54487,7.66236],[-12.54337,7.66119],[-12.5417,7.65836],[-12.54012,7.6537],[-12.53737,7.65045],[-12.53167,7.64816],[-12.52659,7.64916],[-12.52434,7.64807],[-12.51943,7.64449],[-12.51393,7.63766],[-12.51077,7.63566],[-12.50777,7.63741],[-12.50394,7.64458],[-12.50202,7.64558],[-12.49886,7.64549],[-12.49856,7.64329],[-12.4999,7.63279],[-12.4989,7.62979],[-12.49165,7.62746],[-12.48815,7.62555],[-12.48495,7.62267],[-12.48003,7.61568],[-12.47779,7.61484],[-12.47729,7.61393],[-12.47579,7.60935],[-12.47529,7.60252],[-12.46817,7.58316],[-12.46738,7.5747],[-12.46888,7.5732],[-12.46921,7.56638],[-12.47046,7.56246],[-12.46929,7.56055],[-12.46679,7.5593],[-12.46646,7.55771],[-12.46346,7.5548],[-12.4588,7.55363],[-12.45747,7.55413],[-12.4568,7.5553],[-12.45343,7.55659],[-12.44976,7.55692],[-12.44127,7.55359],[-12.4366,7.55376],[-12.43527,7.55484],[-12.42528,7.55676],[-12.42153,7.55601],[-12.40783,7.55047],[-12.40058,7.54864],[-12.39925,7.54897],[-12.39592,7.55372],[-12.39451,7.55413],[-12.39326,7.55305],[-12.39192,7.54697],[-12.38951,7.54522],[-12.38593,7.54464],[-12.38251,7.54281],[-12.38118,7.54122],[-12.3795,7.53729],[-12.38562,7.53395],[-12.39156,7.5358],[-12.4051,7.5308],[-12.41363,7.52968],[-12.41956,7.52709],[-12.42216,7.53042],[-12.42976,7.52987],[-12.44255,7.52023],[-12.4458,7.51531],[-12.44858,7.51253],[-12.45285,7.5103],[-12.4573,7.50585],[-12.45897,7.50159],[-12.45971,7.49677],[-12.46249,7.49028],[-12.48001,7.46218],[-12.4878,7.45402],[-12.48966,7.4492],[-12.48929,7.44809],[-12.47742,7.439],[-12.47464,7.43381],[-12.47,7.42862],[-12.46555,7.42547],[-12.45869,7.42343],[-12.43903,7.4284],[-12.4318,7.42287],[-12.41808,7.4186],[-12.414,7.41564],[-12.41181,7.41373],[-12.41331,7.40946],[-12.4203,7.41267],[-12.42457,7.4123],[-12.44422,7.40766],[-12.46981,7.40655],[-12.47724,7.4068],[-12.49032,7.4008],[-12.49806,7.39522],[-12.49973,7.39131],[-12.50164,7.39031],[-12.50381,7.39072],[-12.51339,7.38947],[-12.52155,7.38652],[-12.52221,7.38506],[-12.5198,7.38389],[-12.48882,7.38048],[-12.45479,7.37373],[-12.39253,7.35488],[-12.36006,7.34246],[-12.31804,7.32814],[-12.26933,7.30999],[-12.21585,7.28803],[-12.12799,7.25556],[-12.05255,7.22595],[-11.95996,7.19152],[-11.95923,7.19259],[-11.94975,7.18576],[-11.91943,7.17493],[-11.78879,7.11213],[-11.73393,7.08254],[-11.69856,7.06161],[-11.66247,7.03923],[-11.62711,7.00747],[-11.6105,6.98654],[-11.60329,6.98004],[-11.59535,6.96922],[-11.58308,6.96633],[-11.50469,6.92596],[-11.49748,6.92338],[-11.48916,6.9254],[-11.46759,6.92735],[-11.46274,6.92493],[-11.45834,6.92433],[-11.45525,6.92778],[-11.45454,6.93183],[-11.45261,6.9342],[-11.45243,6.93529],[-11.45013,6.93706],[-11.43799,6.94179],[-11.42572,6.94107],[-11.42336,6.93837],[-11.41968,6.93789],[-11.41825,6.93968],[-11.42067,6.95045],[-11.43181,6.96811],[-11.43098,6.97168],[-11.42063,6.9693],[-11.41516,6.9718],[-11.41492,6.97478],[-11.41689,6.98534],[-11.41206,6.98953],[-11.40445,6.98834],[-11.39814,6.98655],[-11.39577,7.00242],[-11.38922,7.0088],[-11.38625,7.00933],[-11.38363,7.01082],[-11.38006,7.00963],[-11.37756,7.01082],[-11.37554,7.01535],[-11.37161,7.0188],[-11.36906,7.01974],[-11.3709,7.03057],[-11.36906,7.03923],[-11.3684,7.04604],[-11.36316,7.04913],[-11.36316,7.05223],[-11.36545,7.05583],[-11.37375,7.0621],[-11.3753,7.06401],[-11.37542,7.06888],[-11.37363,7.07269],[-11.36757,7.07995],[-11.36533,7.08088],[-11.35102,7.07965],[-11.34794,7.08054],[-11.3452,7.08019],[-11.33973,7.07781],[-11.3364,7.07721],[-11.33354,7.07793],[-11.33211,7.08007],[-11.33425,7.08994],[-11.33514,7.0977],[-11.33803,7.10564],[-11.33402,7.11278],[-11.33901,7.11778],[-11.34258,7.12694],[-11.3452,7.12992],[-11.34901,7.13218],[-11.35293,7.13943],[-11.35258,7.14158],[-11.34686,7.14776],[-11.34449,7.14824],[-11.3373,7.14389],[-11.33318,7.14491],[-11.32878,7.14788],[-11.32973,7.15086],[-11.33223,7.15442],[-11.33592,7.15704],[-11.33532,7.15859],[-11.32931,7.16428],[-11.32557,7.16715],[-11.32057,7.16977],[-11.32367,7.17358],[-11.31343,7.18429],[-11.31165,7.18714],[-11.31367,7.19297],[-11.31331,7.19583],[-11.31105,7.19844],[-11.30927,7.20427],[-11.31096,7.20669],[-11.31153,7.20868],[-11.31034,7.21082],[-11.30308,7.21427],[-11.30189,7.21201],[-11.30296,7.20808],[-11.30166,7.20558],[-11.29892,7.20523],[-11.29357,7.2063],[-11.28964,7.20344],[-11.29713,7.19868],[-11.29452,7.19583],[-11.29011,7.19797],[-11.28678,7.20094],[-11.28619,7.21439],[-11.2806,7.21712],[-11.27992,7.22329],[-11.27548,7.22938],[-11.27251,7.23223],[-11.27465,7.23699],[-11.27382,7.23949],[-11.2712,7.23985],[-11.27024,7.24116],[-11.26644,7.23687],[-11.26703,7.23295],[-11.26275,7.23152],[-11.25757,7.23219],[-11.25323,7.23116],[-11.24966,7.23271],[-11.24241,7.24437],[-11.23836,7.24889],[-11.23372,7.25198],[-11.22182,7.24627],[-11.21568,7.25144],[-11.20957,7.25151],[-11.20196,7.2546],[-11.19692,7.26082],[-11.18756,7.2615],[-11.18292,7.26459],[-11.18006,7.26864],[-11.18042,7.2728],[-11.18304,7.27578],[-11.17638,7.28601],[-11.17745,7.28803],[-11.18102,7.29029],[-11.1809,7.29303],[-11.17733,7.29505],[-11.17328,7.29612],[-11.17197,7.30504],[-11.1671,7.30731],[-11.1615,7.30754],[-11.15782,7.31218],[-11.15289,7.31424],[-11.14898,7.32034],[-11.14278,7.32434],[-11.14431,7.33721],[-11.14348,7.34092],[-11.13865,7.34528],[-11.13241,7.34844],[-11.12741,7.35269],[-11.12712,7.3544],[-11.12828,7.35706],[-11.12784,7.35915],[-11.1252,7.36331],[-11.11396,7.37039],[-11.11271,7.37289],[-11.11379,7.37505],[-11.1135,7.37692],[-11.11225,7.37776],[-11.11046,7.3773],[-11.10796,7.37846],[-11.10488,7.38246],[-11.10388,7.38271],[-11.10273,7.38438],[-11.10192,7.39033],[-11.09976,7.39075],[-11.09651,7.389],[-11.09093,7.39241],[-11.08294,7.39125],[-11.08135,7.39166],[-11.07344,7.39708],[-11.06919,7.39816],[-11.05924,7.40362],[-11.05391,7.40986],[-11.05025,7.41211],[-11.04883,7.41486],[-11.04608,7.41694],[-11.0435,7.42027],[-11.04163,7.42514],[-11.03672,7.42489],[-11.0333,7.42689],[-11.03422,7.43356],[-11.03388,7.4363],[-11.03297,7.43672],[-11.03147,7.43605],[-11.02855,7.43322],[-11.02672,7.43331],[-11.02705,7.4368],[-11.02622,7.43805],[-11.02014,7.4398],[-11.0151,7.44209],[-11.01402,7.44326],[-11.01186,7.44226],[-11.00994,7.44217],[-11.00927,7.44309],[-11.01019,7.44701],[-11.00994,7.44867],[-11.00936,7.44992],[-11.00519,7.4535],[-11.00469,7.455],[-11.00286,7.45533],[-11.00053,7.45467],[-10.99907,7.45569],[-10.99387,7.46308],[-10.98862,7.46741],[-10.98494,7.46854],[-10.98196,7.47182],[-10.97754,7.47091],[-10.97559,7.47181],[-10.97536,7.47414],[-10.97729,7.47607],[-10.97696,7.4774],[-10.97446,7.47915],[-10.97255,7.48255],[-10.96858,7.48723],[-10.96563,7.48873],[-10.96181,7.48956],[-10.96204,7.49283],[-10.96085,7.49352],[-10.95885,7.49235],[-10.95714,7.49283],[-10.95652,7.49402],[-10.95714,7.49587],[-10.95144,7.4996],[-10.94919,7.50218],[-10.94612,7.5044],[-10.94023,7.5063],[-10.9344,7.51313],[-10.9327,7.51295],[-10.93261,7.50965],[-10.93132,7.50822],[-10.9298,7.50802],[-10.92807,7.50647],[-10.92774,7.50472],[-10.92949,7.5018],[-10.92783,7.49989],[-10.92533,7.49939],[-10.92283,7.49714],[-10.92166,7.49739],[-10.91783,7.50355],[-10.91625,7.50475],[-10.91317,7.50422],[-10.91088,7.50662],[-10.90878,7.50778],[-10.9075,7.50988],[-10.90517,7.51055],[-10.90284,7.5123],[-10.89943,7.51269],[-10.89693,7.5143],[-10.89569,7.51993],[-10.89242,7.52227],[-10.89014,7.52516],[-10.88698,7.52666],[-10.88265,7.5255],[-10.87981,7.52591],[-10.87781,7.52991],[-10.8764,7.53091],[-10.8682,7.53389],[-10.86628,7.53638],[-10.8632,7.53805],[-10.86012,7.53847],[-10.84888,7.54604],[-10.84696,7.54804],[-10.84413,7.54904],[-10.84305,7.55129],[-10.84355,7.55296],[-10.83764,7.5567],[-10.83647,7.5617],[-10.83439,7.56378],[-10.83289,7.56428],[-10.83122,7.56378],[-10.83031,7.56245],[-10.82823,7.56178],[-10.82723,7.5622],[-10.82623,7.56387],[-10.82602,7.56724],[-10.82485,7.56932],[-10.82585,7.57157],[-10.82152,7.5744],[-10.81894,7.57732],[-10.81969,7.57882],[-10.82235,7.5794],[-10.82185,7.58131],[-10.81415,7.59052],[-10.81773,7.5951],[-10.81598,7.59551],[-10.8104,7.59243],[-10.80491,7.5921],[-10.80316,7.59102],[-10.80116,7.59118],[-10.79891,7.59185],[-10.7965,7.5936],[-10.79425,7.59701],[-10.793,7.60134],[-10.78942,7.60109],[-10.79042,7.60851],[-10.79333,7.60826],[-10.78946,7.61504],[-10.78929,7.61613],[-10.78987,7.61687],[-10.79121,7.61696],[-10.79354,7.61463],[-10.79645,7.61554],[-10.80489,7.61595],[-10.80367,7.61635],[-10.79318,7.61526],[-10.79121,7.61766],[-10.79077,7.62028],[-10.78762,7.62241],[-10.78378,7.62924],[-10.77866,7.63436],[-10.77567,7.6365],[-10.77482,7.64204],[-10.77567,7.65357],[-10.77183,7.65058],[-10.76799,7.64631],[-10.76244,7.65613],[-10.75604,7.65954],[-10.74708,7.66168],[-10.75092,7.66765],[-10.74793,7.67192],[-10.73854,7.68259],[-10.73427,7.68174],[-10.73257,7.68814],[-10.72659,7.68686],[-10.72702,7.69497],[-10.72467,7.69753],[-10.71699,7.7035],[-10.71955,7.70692],[-10.71443,7.70777],[-10.71571,7.71204],[-10.70931,7.71289],[-10.71016,7.71844],[-10.70589,7.72228],[-10.7076,7.72868],[-10.69821,7.73679],[-10.69522,7.73466],[-10.69522,7.73978],[-10.69053,7.73978],[-10.69095,7.74277],[-10.68925,7.74448],[-10.68498,7.74234],[-10.68071,7.74704],[-10.67858,7.75045],[-10.67474,7.74704],[-10.6726,7.74874],[-10.66919,7.74874],[-10.66961,7.75173],[-10.66492,7.75216],[-10.66108,7.75344],[-10.65766,7.76539],[-10.65425,7.76069],[-10.65041,7.76539],[-10.64486,7.76624],[-10.64358,7.77008],[-10.63632,7.76667],[-10.6295,7.76667],[-10.62395,7.77051],[-10.61541,7.77136],[-10.60688,7.77521],[-10.60581,7.81788],[-10.60623,8.01378],[-10.60495,8.04067],[-10.59685,8.04153],[-10.59258,8.04409],[-10.57508,8.04878],[-10.56441,8.06244],[-10.56142,8.0714],[-10.55459,8.08207],[-10.54734,8.08463],[-10.54606,8.08847],[-10.54264,8.09061],[-10.54264,8.09445],[-10.53624,8.10085],[-10.53453,8.10811],[-10.53155,8.10853],[-10.53005,8.11622],[-10.52322,8.12176],[-10.52706,8.12603],[-10.52365,8.12945],[-10.51597,8.13329],[-10.50786,8.13926],[-10.50487,8.14225],[-10.49932,8.14566],[-10.48438,8.14695],[-10.48396,8.15036],[-10.47628,8.15036],[-10.47414,8.15164],[-10.47329,8.15377],[-10.46262,8.15804],[-10.45579,8.15633],[-10.44853,8.1589],[-10.44341,8.15463],[-10.4417,8.15505],[-10.43616,8.1542],[-10.4336,8.15463],[-10.43018,8.15079],[-10.42591,8.14951],[-10.40201,8.15079],[-10.39732,8.14865],[-10.39604,8.15207],[-10.39305,8.15207],[-10.38878,8.15036],[-10.38707,8.15207],[-10.39092,8.15676],[-10.38836,8.15847],[-10.38622,8.16316],[-10.38451,8.16444],[-10.3811,8.16444],[-10.37897,8.167],[-10.37555,8.16572],[-10.37299,8.16658],[-10.37086,8.16274],[-10.36915,8.16103],[-10.36616,8.16103],[-10.36744,8.15932],[-10.35891,8.15335],[-10.35592,8.15292],[-10.3525,8.14993],[-10.3508,8.1542],[-10.34696,8.15548],[-10.3444,8.15762],[-10.34098,8.16274],[-10.33671,8.167],[-10.33586,8.17085],[-10.33244,8.17298],[-10.33116,8.17597],[-10.32818,8.17853],[-10.3269,8.18365],[-10.32391,8.18664],[-10.32007,8.18877],[-10.32049,8.19219],[-10.31879,8.19603],[-10.31452,8.19603],[-10.31025,8.19859],[-10.30257,8.19773],[-10.30001,8.20371],[-10.30044,8.20755],[-10.29915,8.2131],[-10.29638,8.2195],[-10.29681,8.22505],[-10.30278,8.23572],[-10.30364,8.24212],[-10.30876,8.24212],[-10.30876,8.24895],[-10.3062,8.25322],[-10.30961,8.25407],[-10.31089,8.25919],[-10.31089,8.26431],[-10.31345,8.26773],[-10.31601,8.27456],[-10.31687,8.27925],[-10.31943,8.28437],[-10.31516,8.28736],[-10.31473,8.29078],[-10.31046,8.29078],[-10.30065,8.29718],[-10.30193,8.29974],[-10.30278,8.30443],[-10.29894,8.30614],[-10.29766,8.30955],[-10.29766,8.31425],[-10.29638,8.31852],[-10.29723,8.32193],[-10.29425,8.32449],[-10.29681,8.32876],[-10.29425,8.33004],[-10.29403,8.33388],[-10.28891,8.33559],[-10.28934,8.34242],[-10.29275,8.34541],[-10.28934,8.35223],[-10.29446,8.35608],[-10.29361,8.36546],[-10.29062,8.36589],[-10.28934,8.36888],[-10.2872,8.37101],[-10.28592,8.37357],[-10.28934,8.38339],[-10.28635,8.38595],[-10.28635,8.38766],[-10.28422,8.3915],[-10.28123,8.39235],[-10.27824,8.39619],[-10.27952,8.40302],[-10.27824,8.40516],[-10.27952,8.40772],[-10.27568,8.40943],[-10.27525,8.41583],[-10.27355,8.42138],[-10.27867,8.42564],[-10.2808,8.43034],[-10.27568,8.43674],[-10.27056,8.44528],[-10.27312,8.44997],[-10.27568,8.45253],[-10.2744,8.45595],[-10.27739,8.46107],[-10.2808,8.46534],[-10.27653,8.46704],[-10.27483,8.47515],[-10.27568,8.4807],[-10.27781,8.48668],[-10.28166,8.48582],[-10.28422,8.4871],[-10.29019,8.49265],[-10.29318,8.49265],[-10.29617,8.48966],[-10.29659,8.49222],[-10.30214,8.49308],[-10.30214,8.49521],[-10.30598,8.49564],[-10.30726,8.49777],[-10.31537,8.49692],[-10.31537,8.50033],[-10.31708,8.50289],[-10.32092,8.50588],[-10.32434,8.50588],[-10.32604,8.50204],[-10.33629,8.49991],[-10.33885,8.4935],[-10.34482,8.4935],[-10.34952,8.49052],[-10.35763,8.48326],[-10.36019,8.48539],[-10.36445,8.4871],[-10.36915,8.48796],[-10.37299,8.49052],[-10.37939,8.4935],[-10.38323,8.49308],[-10.38537,8.4871],[-10.38622,8.48113],[-10.38964,8.47899],[-10.3939,8.46875],[-10.3939,8.45936],[-10.3971,8.45381],[-10.39924,8.44741],[-10.40351,8.44485],[-10.40735,8.44143],[-10.4129,8.44101],[-10.41716,8.43631],[-10.42357,8.42479],[-10.42869,8.41881],[-10.42997,8.41369],[-10.43466,8.40985],[-10.43722,8.40601],[-10.44704,8.39918],[-10.44875,8.39577],[-10.45216,8.39278],[-10.45771,8.39107],[-10.4624,8.39107],[-10.4624,8.38467],[-10.46923,8.38211],[-10.47692,8.37699],[-10.48076,8.37059],[-10.47734,8.36504],[-10.4846,8.35992],[-10.48588,8.35522],[-10.49783,8.34284],[-10.50466,8.33943],[-10.50935,8.3326],[-10.52408,8.32321],[-10.53133,8.31724],[-10.53773,8.31382],[-10.54115,8.30742],[-10.54968,8.30955],[-10.55651,8.30486],[-10.55993,8.30998],[-10.56334,8.31084],[-10.56633,8.30614],[-10.5706,8.3087],[-10.57316,8.31468],[-10.57316,8.31937],[-10.57572,8.32705],[-10.57913,8.33132],[-10.5881,8.33815],[-10.60175,8.33559],[-10.60346,8.33772],[-10.6073,8.34028],[-10.61072,8.34028],[-10.61626,8.33687],[-10.62309,8.33687],[-10.63206,8.33858],[-10.63974,8.34114],[-10.64017,8.34541],[-10.64401,8.34839],[-10.64998,8.35138],[-10.65468,8.34839],[-10.65937,8.35095],[-10.66193,8.34967],[-10.66577,8.34071],[-10.66876,8.3373],[-10.67346,8.33346],[-10.67431,8.3262],[-10.6773,8.3151],[-10.67986,8.31638],[-10.68284,8.3151],[-10.68455,8.30955],[-10.68711,8.29376],[-10.68498,8.28736],[-10.69095,8.28523],[-10.69522,8.28224],[-10.70205,8.28096],[-10.69906,8.2912],[-10.69693,8.29248],[-10.69906,8.29974],[-10.69778,8.30443],[-10.69437,8.30913],[-10.69821,8.31468],[-10.6965,8.31809],[-10.69138,8.32492],[-10.69095,8.32961],[-10.68669,8.33516],[-10.679,8.34967],[-10.67858,8.35906],[-10.679,8.37144],[-10.67516,8.37784],[-10.66791,8.3804],[-10.66407,8.38424],[-10.65852,8.38126],[-10.64785,8.38467],[-10.64785,8.38979],[-10.64059,8.39363],[-10.63974,8.39747],[-10.64486,8.41199],[-10.64443,8.41839],[-10.64614,8.42351],[-10.65126,8.42394],[-10.64657,8.4265],[-10.64358,8.43973],[-10.63974,8.44272],[-10.64273,8.44826],[-10.64102,8.4521],[-10.64344,8.45428],[-10.64223,8.4534],[-10.64048,8.45781],[-10.64048,8.46089],[-10.64215,8.46373],[-10.63873,8.46706],[-10.63988,8.46978],[-10.64226,8.47235],[-10.64054,8.47509],[-10.63476,8.47543],[-10.63201,8.47793],[-10.6316,8.48101],[-10.63358,8.48541],[-10.63376,8.48842],[-10.63268,8.49092],[-10.62366,8.48667],[-10.62024,8.49157],[-10.62167,8.49279],[-10.62035,8.49602],[-10.62122,8.49751],[-10.62606,8.50104],[-10.62708,8.50514],[-10.62583,8.50891],[-10.62252,8.51347],[-10.62001,8.52772],[-10.61522,8.53046],[-10.61368,8.53303],[-10.61323,8.53542],[-10.61494,8.53816]]]]}},{"type":"Feature","properties":{"level":"ADM2","name":"Pujehun"},"geometry":{"type":"MultiPolygon","coordinates":[[[[-11.14348,7.34092],[-11.16755,7.3498],[-11.18741,7.35541],[-11.22596,7.36873],[-11.25061,7.3762],[-11.26766,7.38555],[-11.27794,7.39232],[-11.28752,7.39746],[-11.30667,7.41078],[-11.31719,7.41919],[-11.3277,7.42549],[-11.3409,7.4311],[-11.34277,7.43484],[-11.34277,7.43928],[-11.34604,7.43951],[-11.34931,7.44091],[-11.35048,7.44862],[-11.34837,7.45166],[-11.35165,7.45143],[-11.35422,7.45563],[-11.34861,7.46007],[-11.35351,7.46918],[-11.35468,7.47432],[-11.35422,7.47853],[-11.35211,7.48226],[-11.35608,7.48997],[-11.35935,7.49301],[-11.36076,7.49535],[-11.35912,7.49792],[-11.36391,7.50352],[-11.36391,7.50633],[-11.36111,7.51474],[-11.36508,7.52104],[-11.36671,7.52642],[-11.36508,7.53319],[-11.36531,7.5388],[-11.35947,7.55375],[-11.36204,7.55889],[-11.35784,7.56426],[-11.34814,7.57267],[-11.34207,7.57688],[-11.33763,7.58272],[-11.33155,7.58833],[-11.32151,7.58763],[-11.31053,7.5965],[-11.3152,7.59837],[-11.32455,7.60001],[-11.33226,7.59907],[-11.34861,7.5958],[-11.35305,7.59744],[-11.36146,7.60678],[-11.36449,7.61216],[-11.36882,7.63692],[-11.36835,7.64323],[-11.36928,7.65094],[-11.37069,7.65421],[-11.37325,7.65537],[-11.39872,7.62804],[-11.40363,7.62033],[-11.40503,7.61636],[-11.40479,7.61216],[-11.41063,7.60398],[-11.41601,7.5979],[-11.42185,7.58809],[-11.43026,7.57034],[-11.43668,7.55959],[-11.44206,7.55422],[-11.44603,7.54768],[-11.44953,7.54417],[-11.4521,7.54254],[-11.45724,7.54184],[-11.46986,7.54184],[-11.47476,7.54277],[-11.50443,7.5409],[-11.50817,7.54371],[-11.50537,7.54885],[-11.50163,7.56029],[-11.50093,7.56894],[-11.50139,7.57851],[-11.50069,7.58342],[-11.49789,7.58996],[-11.49532,7.60561],[-11.48855,7.62033],[-11.49263,7.62594],[-11.50502,7.64019],[-11.51012,7.64388],[-11.51377,7.64571],[-11.51669,7.65118],[-11.51705,7.65739],[-11.51523,7.66433],[-11.51139,7.66926],[-11.51557,7.67166],[-11.53182,7.67694],[-11.54563,7.67653],[-11.55782,7.66882],[-11.5631,7.66272],[-11.56635,7.65663],[-11.57,7.64932],[-11.57244,7.63998],[-11.58138,7.62779],[-11.58787,7.62576],[-11.5964,7.62535],[-11.6025,7.62617],[-11.60778,7.63185],[-11.61509,7.63713],[-11.62727,7.6351],[-11.64718,7.6347],[-11.65002,7.63307],[-11.66871,7.63307],[-11.6752,7.6286],[-11.67967,7.61845],[-11.6878,7.60829],[-11.69064,7.6022],[-11.69389,7.59814],[-11.69348,7.59327],[-11.69389,7.58311],[-11.69795,7.57702],[-11.70242,7.57255],[-11.70932,7.56849],[-11.71054,7.56483],[-11.71054,7.5624],[-11.71582,7.56077],[-11.71582,7.55752],[-11.71826,7.5559],[-11.71542,7.54818],[-11.72192,7.5498],[-11.72557,7.55833],[-11.74019,7.57824],[-11.74182,7.58636],[-11.72963,7.60789],[-11.72679,7.61804],[-11.72273,7.62535],[-11.71542,7.63429],[-11.7211,7.6416],[-11.72232,7.64729],[-11.71907,7.65663],[-11.71907,7.66597],[-11.73248,7.6676],[-11.73816,7.66475],[-11.74304,7.66313],[-11.74344,7.65704],[-11.7406,7.65257],[-11.74466,7.64566],[-11.74629,7.64079],[-11.74629,7.63754],[-11.75075,7.63429],[-11.75522,7.62739],[-11.76903,7.6022],[-11.79219,7.58555],[-11.79787,7.59408],[-11.80315,7.59123],[-11.80721,7.58514],[-11.81331,7.58392],[-11.81981,7.58474],[-11.82671,7.58474],[-11.83077,7.58067],[-11.83646,7.57702],[-11.83971,7.57377],[-11.8458,7.56483],[-11.84804,7.56118],[-11.84113,7.55224],[-11.82854,7.5433],[-11.82407,7.53843],[-11.82163,7.53071],[-11.82366,7.52828],[-11.83341,7.52828],[-11.83748,7.53031],[-11.84194,7.52949],[-11.846,7.5299],[-11.84885,7.53356],[-11.85738,7.53965],[-11.86225,7.53884],[-11.86631,7.53559],[-11.87159,7.52909],[-11.86713,7.52056],[-11.85982,7.51284],[-11.85738,7.50715],[-11.86022,7.49294],[-11.86225,7.48725],[-11.86956,7.48319],[-11.88012,7.48075],[-11.8854,7.48075],[-11.89485,7.48486],[-11.89353,7.48345],[-11.8899,7.48228],[-11.88975,7.47821],[-11.88844,7.47588],[-11.8899,7.47108],[-11.88786,7.46759],[-11.88735,7.46439],[-11.88997,7.46367],[-11.89157,7.46148],[-11.89375,7.46061],[-11.89448,7.45698],[-11.89332,7.45218],[-11.89419,7.44738],[-11.89564,7.44127],[-11.89841,7.43952],[-11.89433,7.43676],[-11.89302,7.43501],[-11.89302,7.43269],[-11.89128,7.43036],[-11.88633,7.42716],[-11.88393,7.42323],[-11.88612,7.42134],[-11.88437,7.41945],[-11.88204,7.41945],[-11.8803,7.41829],[-11.88068,7.41664],[-11.88465,7.41465],[-11.88494,7.41267],[-11.88096,7.40784],[-11.88579,7.40869],[-11.88636,7.40272],[-11.88863,7.40102],[-11.88664,7.39903],[-11.88437,7.39903],[-11.88437,7.39647],[-11.88352,7.3942],[-11.88039,7.39505],[-11.87812,7.39392],[-11.88025,7.37971],[-11.88508,7.3729],[-11.88906,7.36437],[-11.89161,7.35301],[-11.88849,7.34875],[-11.89161,7.34648],[-11.89786,7.34023],[-11.90241,7.33767],[-11.899,7.33284],[-11.89943,7.30188],[-11.89999,7.29932],[-11.89772,7.29165],[-11.88721,7.28426],[-11.8828,7.28283],[-11.88042,7.28021],[-11.87926,7.27659],[-11.88041,7.27379],[-11.88125,7.27319],[-11.88295,7.26523],[-11.88323,7.25898],[-11.88551,7.25387],[-11.8892,7.24989],[-11.89119,7.24194],[-11.89232,7.2283],[-11.89488,7.21381],[-11.89886,7.2104],[-11.90909,7.2141],[-11.91136,7.21694],[-11.91439,7.21805],[-11.91917,7.2141],[-11.92315,7.21325],[-11.92627,7.21665],[-11.92769,7.22319],[-11.93167,7.2266],[-11.93678,7.22859],[-11.93841,7.22845],[-11.94211,7.22484],[-11.94445,7.22063],[-11.94957,7.20643],[-11.95923,7.19259],[-11.94975,7.18576],[-11.91943,7.17493],[-11.78879,7.11213],[-11.73393,7.08254],[-11.69856,7.06161],[-11.66247,7.03923],[-11.62711,7.00747],[-11.6105,6.98654],[-11.60329,6.98004],[-11.59535,6.96922],[-11.58308,6.96633],[-11.50469,6.92596],[-11.49748,6.92338],[-11.48916,6.9254],[-11.46759,6.92735],[-11.46274,6.92493],[-11.45834,6.92433],[-11.45525,6.92778],[-11.45454,6.93183],[-11.45261,6.9342],[-11.45243,6.93529],[-11.45013,6.93706],[-11.43799,6.94179],[-11.42572,6.94107],[-11.42336,6.93837],[-11.41968,6.93789],[-11.41825,6.93968],[-11.42067,6.95045],[-11.43181,6.96811],[-11.43098,6.97168],[-11.42063,6.9693],[-11.41516,6.9718],[-11.41492,6.97478],[-11.41689,6.98534],[-11.41206,6.98953],[-11.40445,6.98834],[-11.39814,6.98655],[-11.39577,7.00242],[-11.38922,7.0088],[-11.38625,7.00933],[-11.38363,7.01082],[-11.38006,7.00963],[-11.37756,7.01082],[-11.37554,7.01535],[-11.37161,7.0188],[-11.36906,7.01974],[-11.3709,7.03057],[-11.36906,7.03923],[-11.3684,7.04604],[-11.36316,7.04913],[-11.36316,7.05223],[-11.36545,7.05583],[-11.37375,7.0621],[-11.3753,7.06401],[-11.37542,7.06888],[-11.37363,7.07269],[-11.36757,7.07995],[-11.36533,7.08088],[-11.35102,7.07965],[-11.34794,7.08054],[-11.3452,7.08019],[-11.33973,7.07781],[-11.3364,7.07721],[-11.33354,7.07793],[-11.33211,7.08007],[-11.33425,7.08994],[-11.33514,7.0977],[-11.33803,7.10564],[-11.33402,7.11278],[-11.33901,7.11778],[-11.34258,7.12694],[-11.3452,7.12992],[-11.34901,7.13218],[-11.35293,7.13943],[-11.35258,7.14158],[-11.34686,7.14776],[-11.34449,7.14824],[-11.3373,7.14389],[-11.33318,7.14491],[-11.32878,7.14788],[-11.32973,7.15086],[-11.33223,7.15442],[-11.33592,7.15704],[-11.33532,7.15859],[-11.32931,7.16428],[-11.32557,7.16715],[-11.32057,7.16977],[-11.32367,7.17358],[-11.31343,7.18429],[-11.31165,7.18714],[-11.31367,7.19297],[-11.31331,7.19583],[-11.31105,7.19844],[-11.30927,7.20427],[-11.31096,7.20669],[-11.31153,7.20868],[-11.31034,7.21082],[-11.30308,7.21427],[-11.30189,7.21201],[-11.30296,7.20808],[-11.30166,7.20558],[-11.29892,7.20523],[-11.29357,7.2063],[-11.28964,7.20344],[-11.29713,7.19868],[-11.29452,7.19583],[-11.29011,7.19797],[-11.28678,7.20094],[-11.28619,7.21439],[-11.2806,7.21712],[-11.27992,7.22329],[-11.27548,7.22938],[-11.27251,7.23223],[-11.27465,7.23699],[-11.27382,7.23949],[-11.2712,7.23985],[-11.27024,7.24116],[-11.26644,7.23687],[-11.26703,7.23295],[-11.26275,7.23152],[-11.25757,7.23219],[-11.25323,7.23116],[-11.24966,7.23271],[-11.24241,7.24437],[-11.23836,7.24889],[-11.23372,7.25198],[-11.22182,7.24627],[-11.21568,7.25144],[-11.20957,7.25151],[-11.20196,7.2546],[-11.19692,7.26082],[-11.18756,7.2615],[-11.18292,7.26459],[-11.18006,7.26864],[-11.18042,7.2728],[-11.18304,7.27578],[-11.17638,7.28601],[-11.17745,7.28803],[-11.18102,7.29029],[-11.1809,7.29303],[-11.17733,7.29505],[-11.17328,7.29612],[-11.17197,7.30504],[-11.1671,7.30731],[-11.1615,7.30754],[-11.15782,7.31218],[-11.15289,7.31424],[-11.14898,7.32034],[-11.14278,7.32434],[-11.14431,7.33721],[-11.14348,7.34092]]]]}},{"type":"Feature","properties":{"level":"ADM2","name":"Port Loko"},"geometry":{"type":"MultiPolygon","coordinates":[[[[-13.13135,8.53712],[-13.13002,8.53845],[-13.1306,8.54028],[-13.13227,8.53945],[-13.13194,8.53704],[-13.13135,8.53712]]],[[[-13.12028,8.53895],[-13.11844,8.54345],[-13.11586,8.54728],[-13.11511,8.55028],[-13.11644,8.5502],[-13.12103,8.54695],[-13.12294,8.54686],[-13.12511,8.5457],[-13.12352,8.53854],[-13.12161,8.53779],[-13.12028,8.53895]]],[[[-12.93548,8.55549],[-12.9379,8.55649],[-12.94782,8.55527],[-12.94998,8.5561],[-12.95606,8.555],[-12.9589,8.55549],[-12.95924,8.55441],[-12.96208,8.55246],[-12.96266,8.55089],[-12.9612,8.54561],[-12.96054,8.54011],[-12.95746,8.5383],[-12.95521,8.53571],[-12.9491,8.53175],[-12.94406,8.5315],[-12.93875,8.53461],[-12.93218,8.53688],[-12.92929,8.53954],[-12.92951,8.54145],[-12.92893,8.54219],[-12.92707,8.5437],[-12.92471,8.54454],[-12.9234,8.54659],[-12.92404,8.5483],[-12.92741,8.55055],[-12.92878,8.5528],[-12.93122,8.55319],[-12.93548,8.55549]]],[[[-13.12152,8.55936],[-13.11978,8.55994],[-13.12019,8.5631],[-13.11969,8.56485],[-13.12269,8.56394],[-13.12327,8.56319],[-13.12227,8.55869],[-13.12152,8.55936]]],[[[-13.07518,8.56543],[-13.07923,8.56855],[-13.08262,8.56682],[-13.08412,8.56534],[-13.08493,8.56615],[-13.08845,8.5659],[-13.08833,8.56267],[-13.08606,8.55699],[-13.08542,8.5489],[-13.0868,8.54311],[-13.08668,8.54055],[-13.08777,8.53921],[-13.08656,8.53812],[-13.08236,8.5377],[-13.07218,8.54317],[-13.06797,8.54464],[-13.06052,8.54581],[-13.05997,8.54689],[-13.05753,8.54836],[-13.05739,8.54957],[-13.06184,8.5531],[-13.06278,8.55472],[-13.06221,8.56011],[-13.06002,8.5636],[-13.06042,8.56495],[-13.06395,8.56457],[-13.06489,8.56565],[-13.06719,8.56633],[-13.07085,8.56433],[-13.07518,8.56543]]],[[[-13.10637,8.56027],[-13.10512,8.56202],[-13.1057,8.56377],[-13.10512,8.56644],[-13.10628,8.5671],[-13.10678,8.56827],[-13.1102,8.56877],[-13.1137,8.56652],[-13.1132,8.56227],[-13.11211,8.56061],[-13.10928,8.56019],[-13.10762,8.55861],[-13.10637,8.56027]]],[[[-13.04024,8.56768],[-13.03949,8.56835],[-13.03866,8.57201],[-13.03966,8.57218],[-13.04116,8.5691],[-13.04099,8.56727],[-13.04024,8.56768]]],[[[-12.94862,8.57165],[-12.94895,8.57256],[-12.95388,8.57374],[-12.95579,8.57322],[-12.95665,8.57105],[-12.94889,8.56963],[-12.94826,8.5702],[-12.94862,8.57165]]],[[[-13.06739,8.5736],[-13.07106,8.58009],[-13.07389,8.57818],[-13.07106,8.57301],[-13.06856,8.57276],[-13.06739,8.5736]]],[[[-13.00043,8.58043],[-13.00418,8.58084],[-13.00993,8.57984],[-13.01301,8.58018],[-13.01451,8.57943],[-13.01026,8.57618],[-13.00685,8.57501],[-13.00227,8.57726],[-13.00043,8.58043]]],[[[-12.96429,8.57351],[-12.97004,8.57868],[-12.98086,8.58342],[-12.98319,8.58267],[-12.98728,8.57851],[-13.00277,8.57318],[-13.00935,8.57276],[-13.00951,8.57152],[-13.00935,8.57093],[-13.0061,8.57201],[-13.00068,8.57118],[-12.9956,8.57293],[-12.98969,8.57285],[-12.98394,8.57068],[-12.9827,8.56835],[-12.98145,8.56802],[-12.97895,8.56843],[-12.97662,8.56802],[-12.97587,8.56918],[-12.97295,8.57018],[-12.96204,8.56802],[-12.96079,8.56843],[-12.96079,8.56902],[-12.96429,8.57351]]],[[[-13.10454,8.58742],[-13.10687,8.59009],[-13.10745,8.59425],[-13.11003,8.59433],[-13.1122,8.59342],[-13.11253,8.59075],[-13.11532,8.58705],[-13.12015,8.57605],[-13.1249,8.56856],[-13.1244,8.56514],[-13.12373,8.56489],[-13.12165,8.56623],[-13.11678,8.56727],[-13.11595,8.56843],[-13.1097,8.57226],[-13.10329,8.58376],[-13.10262,8.58701],[-13.10454,8.58742]]],[[[-13.10928,8.59708],[-13.10795,8.59767],[-13.10762,8.59883],[-13.10753,8.59991],[-13.10845,8.60041],[-13.10928,8.59975],[-13.1102,8.59683],[-13.10928,8.59708]]],[[[-13.1509,8.85132],[-13.15098,8.85207],[-13.15506,8.85182],[-13.15173,8.84982],[-13.1509,8.85132]]],[[[-13.16389,8.85032],[-13.16606,8.85216],[-13.16756,8.85232],[-13.16631,8.85066],[-13.16389,8.85032]]],[[[-13.15032,8.85341],[-13.1499,8.85382],[-13.15282,8.85532],[-13.16064,8.85824],[-13.16081,8.85749],[-13.15865,8.8549],[-13.15606,8.85324],[-13.15032,8.85341]]],[[[-13.17122,8.86282],[-13.17222,8.86223],[-13.17364,8.86265],[-13.1738,8.86098],[-13.1713,8.85957],[-13.16956,8.85957],[-13.17122,8.86282]]],[[[-13.15948,8.8629],[-13.16039,8.86423],[-13.16114,8.86265],[-13.16214,8.86273],[-13.16398,8.86132],[-13.16131,8.85973],[-13.15257,8.85674],[-13.15456,8.85973],[-13.1579,8.8624],[-13.15948,8.8629]]],[[[-12.43813,9.25923],[-12.43652,9.25276],[-12.44094,9.25202],[-12.45495,9.26529],[-12.46454,9.26898],[-12.47413,9.26603],[-12.4815,9.26677],[-12.48667,9.27267],[-12.48962,9.27341],[-12.49035,9.25349],[-12.4933,9.24907],[-12.50068,9.24612],[-12.50363,9.25349],[-12.50805,9.26013],[-12.51322,9.27046],[-12.51764,9.27267],[-12.52133,9.27193],[-12.51764,9.25792],[-12.52133,9.25497],[-12.52723,9.24833],[-12.53018,9.24169],[-12.53239,9.22768],[-12.53977,9.22473],[-12.54567,9.22547],[-12.55304,9.22989],[-12.54714,9.23579],[-12.54272,9.24391],[-12.5464,9.24907],[-12.55378,9.25128],[-12.56263,9.24981],[-12.5641,9.24759],[-12.56042,9.23801],[-12.55599,9.23063],[-12.56042,9.22694],[-12.56779,9.22326],[-12.57517,9.22326],[-12.58844,9.21957],[-12.59729,9.21588],[-12.60024,9.22178],[-12.60024,9.22768],[-12.60393,9.23358],[-12.61057,9.23358],[-12.61425,9.23211],[-12.61573,9.21957],[-12.62237,9.21219],[-12.62827,9.20924],[-12.63122,9.20556],[-12.6349,9.20408],[-12.63785,9.20629],[-12.6408,9.20998],[-12.64597,9.20924],[-12.65334,9.20261],[-12.6585,9.19892],[-12.66145,9.19228],[-12.65998,9.18417],[-12.65187,9.16647],[-12.6526,9.15909],[-12.65555,9.15172],[-12.65629,9.14508],[-12.66219,9.13254],[-12.66957,9.13254],[-12.66514,9.12295],[-12.66367,9.11337],[-12.66662,9.1082],[-12.67842,9.10747],[-12.69538,9.10747],[-12.69907,9.09935],[-12.70865,9.09198],[-12.71087,9.08387],[-12.71714,9.07354],[-12.72967,9.06174],[-12.73705,9.04552],[-12.72967,9.03372],[-12.73336,9.02634],[-12.73557,9.02265],[-12.74295,9.0197],[-12.74737,9.01528],[-12.75327,9.01159],[-12.75844,9.00717],[-12.7577,8.99979],[-12.75106,8.99684],[-12.74664,8.99242],[-12.74442,8.98209],[-12.75475,8.98652],[-12.76065,8.99389],[-12.76655,8.99315],[-12.77097,8.99463],[-12.77687,8.99979],[-12.78056,8.99979],[-12.78056,9.00422],[-12.79679,9.01602],[-12.80121,9.02192],[-12.80711,9.02708],[-12.81154,9.03224],[-12.81965,9.03003],[-12.82481,9.02782],[-12.82924,9.02487],[-12.83219,9.0197],[-12.83882,9.01454],[-12.84325,9.0138],[-12.84989,9.01675],[-12.85652,8.99463],[-12.86169,8.9843],[-12.86169,8.97545],[-12.86464,8.9725],[-12.86611,8.96734],[-12.86242,8.95923],[-12.86242,8.95259],[-12.86685,8.95112],[-12.87717,8.95112],[-12.8816,8.94669],[-12.88676,8.94522],[-12.89561,8.94448],[-12.89635,8.93932],[-12.90446,8.93563],[-12.90741,8.9312],[-12.91184,8.92752],[-12.92069,8.9253],[-12.92511,8.91867],[-12.93101,8.91424],[-12.9229,8.90244],[-12.91405,8.89285],[-12.91368,8.85819],[-12.91294,8.84787],[-12.92179,8.84418],[-12.93212,8.84344],[-12.93949,8.84197],[-12.95351,8.83754],[-12.96309,8.8368],[-12.99776,8.85303],[-13.01398,8.85524],[-13.01988,8.85229],[-13.04643,8.84787],[-13.05602,8.84492],[-13.07446,8.84492],[-13.08404,8.84787],[-13.09732,8.84639],[-13.11723,8.84639],[-13.1283,8.8486],[-13.13567,8.84934],[-13.146,8.85303],[-13.14771,8.85453],[-13.15256,8.84686],[-13.15406,8.84334],[-13.1576,8.8432],[-13.16452,8.84562],[-13.16826,8.84862],[-13.17476,8.8502],[-13.17501,8.85186],[-13.17759,8.8532],[-13.18459,8.85261],[-13.18967,8.85336],[-13.19425,8.85486],[-13.19908,8.85861],[-13.20607,8.86136],[-13.20591,8.86186],[-13.20483,8.86186],[-13.20483,8.86244],[-13.20766,8.86361],[-13.20824,8.86352],[-13.20866,8.86227],[-13.20766,8.85919],[-13.20549,8.85919],[-13.21224,8.85486],[-13.21528,8.85091],[-13.22052,8.84616],[-13.23035,8.84066],[-13.2321,8.83667],[-13.23235,8.83458],[-13.23451,8.83175],[-13.2433,8.82505],[-13.2443,8.82322],[-13.24701,8.80677],[-13.24909,8.80444],[-13.24909,8.80052],[-13.24667,8.78795],[-13.24605,8.78033],[-13.2463,8.77333],[-13.24459,8.75705],[-13.23993,8.74123],[-13.23814,8.72811],[-13.24018,8.7289],[-13.24234,8.72607],[-13.24476,8.71782],[-13.24548,8.71184],[-13.24577,8.70722],[-13.2428,8.69654],[-13.24557,8.68783],[-13.24636,8.67873],[-13.24518,8.66725],[-13.24161,8.65775],[-13.23172,8.64034],[-13.22765,8.63557],[-13.22662,8.63524],[-13.22222,8.63084],[-13.21866,8.6249],[-13.21193,8.61625],[-13.20243,8.59008],[-13.20065,8.5782],[-13.19788,8.57187],[-13.18641,8.55288],[-13.17849,8.54259],[-13.17154,8.53541],[-13.17104,8.53366],[-13.1722,8.533],[-13.1712,8.531],[-13.16945,8.53033],[-13.16762,8.52742],[-13.16712,8.53],[-13.16646,8.52992],[-13.16517,8.52807],[-13.16453,8.52571],[-13.15994,8.52374],[-13.15541,8.51991],[-13.14859,8.51725],[-13.14745,8.51756],[-13.14599,8.51945],[-13.14146,8.52288],[-13.13688,8.52943],[-13.13521,8.53499],[-13.13539,8.54141],[-13.13264,8.54716],[-13.13556,8.54716],[-13.13356,8.54874],[-13.13164,8.54907],[-13.1284,8.55315],[-13.1281,8.56061],[-13.12902,8.5661],[-13.1286,8.56927],[-13.12394,8.57768],[-13.11615,8.58838],[-13.11457,8.59363],[-13.10999,8.60079],[-13.10903,8.60333],[-13.1092,8.60533],[-13.10501,8.60708],[-13.09979,8.60533],[-13.09504,8.60458],[-13.09537,8.59883],[-13.09346,8.59708],[-13.09446,8.59717],[-13.09121,8.59267],[-13.09029,8.59042],[-13.09004,8.58409],[-13.0863,8.58467],[-13.08438,8.58359],[-13.0793,8.58401],[-13.07572,8.58326],[-13.07022,8.58342],[-13.06714,8.58126],[-13.06614,8.57926],[-13.06639,8.57693],[-13.06585,8.57597],[-13.06447,8.57536],[-13.0644,8.57282],[-13.05421,8.57418],[-13.04632,8.59044],[-13.04328,8.59246],[-13.03454,8.59463],[-13.02767,8.6],[-13.02259,8.60266],[-13.02134,8.60241],[-13.02142,8.59767],[-13.01767,8.59567],[-13.00501,8.59558],[-13.00243,8.59925],[-12.99777,8.60133],[-12.9944,8.60179],[-12.98673,8.60096],[-12.98049,8.59896],[-12.97108,8.59363],[-12.96716,8.59229],[-12.96021,8.59467],[-12.94724,8.59325],[-12.94663,8.58821],[-12.95676,8.58405],[-12.96047,8.58069],[-12.95946,8.57799],[-12.95003,8.57395],[-12.93253,8.55813],[-12.92647,8.5551],[-12.91637,8.55327],[-12.9131,8.54661],[-12.91633,8.54663],[-12.91945,8.54544],[-12.92128,8.54415],[-12.92171,8.54264],[-12.92311,8.54114],[-12.92709,8.53791],[-12.92666,8.53683],[-12.92989,8.53522],[-12.9318,8.53453],[-12.93206,8.53504],[-12.93871,8.53247],[-12.94076,8.53027],[-12.94302,8.53005],[-12.94474,8.52865],[-12.94087,8.52596],[-12.9399,8.52295],[-12.94076,8.52198],[-12.94248,8.52219],[-12.9414,8.52338],[-12.9414,8.52424],[-12.9427,8.52618],[-12.95184,8.52801],[-12.95238,8.52865],[-12.95217,8.53037],[-12.95518,8.53231],[-12.95647,8.53263],[-12.95959,8.53048],[-12.96099,8.5307],[-12.96336,8.53231],[-12.9639,8.53037],[-12.96411,8.53317],[-12.96777,8.53683],[-12.9681,8.53888],[-12.96724,8.53952],[-12.9665,8.54211],[-12.96828,8.54351],[-12.96767,8.5448],[-12.9681,8.54652],[-12.96713,8.54846],[-12.96788,8.55373],[-12.9732,8.55736],[-12.97512,8.55977],[-12.97545,8.5636],[-12.97595,8.56385],[-12.9772,8.56252],[-12.97811,8.55936],[-12.98694,8.55861],[-12.99094,8.56002],[-12.99202,8.55986],[-12.99469,8.55844],[-12.99827,8.55469],[-13.00318,8.55328],[-13.00785,8.55528],[-13.01093,8.55494],[-13.01343,8.55544],[-13.01505,8.55757],[-13.01938,8.56073],[-13.01971,8.56523],[-13.0223,8.56473],[-13.02663,8.55782],[-13.02704,8.55598],[-13.02471,8.55532],[-13.02796,8.54749],[-13.03537,8.53924],[-13.03912,8.53891],[-13.04178,8.53458],[-13.04178,8.5335],[-13.03833,8.53154],[-13.03333,8.52621],[-13.0285,8.52355],[-13.0235,8.51888],[-13.02242,8.51605],[-13.023,8.51538],[-13.03341,8.51971],[-13.04541,8.52696],[-13.0499,8.52763],[-13.05248,8.52446],[-13.0544,8.51955],[-13.05565,8.51105],[-13.05648,8.51064],[-13.05665,8.5128],[-13.05798,8.51222],[-13.06085,8.5031],[-13.06269,8.50077],[-13.06602,8.49852],[-13.06955,8.49817],[-13.07085,8.49866],[-13.0752,8.49787],[-13.07837,8.49589],[-13.08367,8.48669],[-13.08984,8.48761],[-13.09283,8.48494],[-13.09692,8.48511],[-13.09891,8.48628],[-13.10316,8.48719],[-13.10633,8.48569],[-13.10567,8.48322],[-13.10799,8.4752],[-13.10799,8.46862],[-13.10941,8.46671],[-13.11082,8.46581],[-13.1128,8.46779],[-13.11794,8.46462],[-13.11952,8.46106],[-13.12625,8.45789],[-13.12704,8.45552],[-13.13179,8.45552],[-13.13473,8.44863],[-13.13206,8.43697],[-13.1214,8.43139],[-13.11407,8.43023],[-13.10308,8.42523],[-13.09625,8.4234],[-13.08755,8.41861],[-13.08297,8.41886],[-13.07837,8.42109],[-13.07599,8.42386],[-13.0748,8.42821],[-13.07282,8.42426],[-13.07243,8.41871],[-13.06768,8.41674],[-13.0657,8.41278],[-13.07164,8.41397],[-13.07955,8.41357],[-13.08034,8.4112],[-13.0748,8.40209],[-13.0748,8.39655],[-13.07164,8.39259],[-13.06808,8.3918],[-13.06827,8.38547],[-13.06629,8.38231],[-13.06273,8.38112],[-13.05838,8.37835],[-13.05363,8.37835],[-13.04136,8.37637],[-13.04017,8.3732],[-13.03701,8.37043],[-13.03463,8.37518],[-13.03266,8.3736],[-13.02949,8.37241],[-13.02553,8.3736],[-13.02395,8.37716],[-13.02355,8.3831],[-13.02157,8.38349],[-13.0188,8.37795],[-13.01603,8.37795],[-13.01485,8.37518],[-13.01287,8.37558],[-13.00654,8.36806],[-13.00337,8.36608],[-12.99862,8.36727],[-12.98754,8.3641],[-12.98398,8.36608],[-12.9816,8.36885],[-12.97923,8.37043],[-12.97448,8.37122],[-12.9634,8.37122],[-12.94183,8.36885],[-12.92916,8.36647],[-12.92085,8.36727],[-12.91808,8.3637],[-12.91808,8.35777],[-12.91888,8.35302],[-12.92046,8.35183],[-12.9256,8.35104],[-12.926,8.34431],[-12.92758,8.33877],[-12.926,8.33007],[-12.92007,8.32451],[-12.92085,8.32057],[-12.91769,8.31107],[-12.91452,8.30632],[-12.9169,8.30276],[-12.91333,8.2988],[-12.91571,8.29366],[-12.91729,8.29326],[-12.91848,8.28891],[-12.92125,8.28416],[-12.92323,8.28178],[-12.926,8.2802],[-12.92758,8.27664],[-12.92679,8.27268],[-12.92956,8.27189],[-12.93075,8.26991],[-12.93629,8.26793],[-12.93273,8.26595],[-12.93471,8.262],[-12.93273,8.25883],[-12.92877,8.25883],[-12.91808,8.262],[-12.91254,8.26279],[-12.91413,8.26714],[-12.91373,8.27149],[-12.90423,8.27703],[-12.8979,8.27268],[-12.89196,8.27624],[-12.88761,8.27743],[-12.88326,8.2798],[-12.88603,8.28416],[-12.89236,8.28614],[-12.89276,8.2893],[-12.88682,8.29445],[-12.88484,8.29761],[-12.88524,8.30276],[-12.88326,8.31146],[-12.87772,8.30949],[-12.87653,8.30553],[-12.87336,8.30236],[-12.86901,8.30315],[-12.86505,8.30592],[-12.86189,8.30949],[-12.86288,8.31186],[-12.86644,8.31463],[-12.86842,8.3178],[-12.86921,8.32057],[-12.86802,8.32571],[-12.86367,8.33284],[-12.85813,8.33165],[-12.85259,8.33204],[-12.84863,8.33402],[-12.84784,8.33877],[-12.84982,8.34194],[-12.85219,8.34313],[-12.85338,8.3455],[-12.85615,8.34867],[-12.85456,8.35223],[-12.84625,8.35183],[-12.84309,8.355],[-12.83953,8.35658],[-12.83755,8.35896],[-12.83992,8.36291],[-12.84111,8.36647],[-12.8415,8.37004],[-12.84032,8.37281],[-12.83715,8.37399],[-12.83122,8.3732],[-12.82607,8.37399],[-12.82488,8.37756],[-12.82765,8.3831],[-12.82686,8.38864],[-12.82963,8.39418],[-12.82963,8.39734],[-12.82409,8.39497],[-12.82013,8.39537],[-12.81578,8.39774],[-12.81182,8.39576],[-12.80945,8.38824],[-12.80589,8.38824],[-12.79678,8.39101],[-12.79045,8.3918],[-12.79006,8.38705],[-12.78768,8.38626],[-12.78333,8.38745],[-12.78056,8.37953],[-12.77462,8.37874],[-12.77066,8.37202],[-12.76512,8.3732],[-12.76512,8.36885],[-12.76235,8.36529],[-12.76077,8.35856],[-12.75365,8.35658],[-12.75325,8.35223],[-12.74771,8.35539],[-12.74573,8.35144],[-12.74316,8.34946],[-12.74039,8.35223],[-12.73604,8.34867],[-12.73129,8.35025],[-12.7297,8.34669],[-12.72733,8.34985],[-12.72337,8.35104],[-12.71862,8.35381],[-12.72258,8.35896],[-12.71941,8.36173],[-12.71862,8.3645],[-12.72021,8.36766],[-12.71862,8.36925],[-12.71427,8.36568],[-12.70873,8.3637],[-12.69963,8.3641],[-12.69369,8.36489],[-12.6834,8.36885],[-12.67905,8.37122],[-12.67746,8.36608],[-12.67509,8.3645],[-12.67311,8.36766],[-12.67311,8.37004],[-12.66955,8.37202],[-12.66955,8.37558],[-12.66005,8.37637],[-12.65847,8.37202],[-12.6557,8.37479],[-12.65332,8.37479],[-12.65016,8.36845],[-12.64768,8.36748],[-12.64525,8.36764],[-12.64006,8.37072],[-12.63682,8.37056],[-12.6352,8.3717],[-12.63342,8.3751],[-12.63196,8.38304],[-12.63269,8.38791],[-12.63253,8.39309],[-12.63107,8.39942],[-12.63139,8.40282],[-12.62847,8.4106],[-12.62458,8.41692],[-12.61859,8.42438],[-12.61729,8.42989],[-12.61648,8.44156],[-12.61243,8.45291],[-12.61072,8.47188],[-12.60829,8.4782],[-12.6044,8.49246],[-12.60148,8.497],[-12.5984,8.49263],[-12.59127,8.48825],[-12.58933,8.48906],[-12.58219,8.48193],[-12.5796,8.4722],[-12.57976,8.46831],[-12.57571,8.46474],[-12.57036,8.46442],[-12.56841,8.45696],[-12.56639,8.45275],[-12.56542,8.44497],[-12.56153,8.44335],[-12.56088,8.44091],[-12.5599,8.43994],[-12.55456,8.43978],[-12.55115,8.43573],[-12.54564,8.43216],[-12.54434,8.43362],[-12.54175,8.43362],[-12.53851,8.43881],[-12.53526,8.44821],[-12.5351,8.45307],[-12.53235,8.45404],[-12.52894,8.45388],[-12.51022,8.45761],[-12.49985,8.46134],[-12.48396,8.47009],[-12.47715,8.47317],[-12.4744,8.47528],[-12.45843,8.48241],[-12.45421,8.48355],[-12.44578,8.48955],[-12.44157,8.49036],[-12.42414,8.48955],[-12.41231,8.49084],[-12.40955,8.49246],[-12.39253,8.497],[-12.38897,8.49927],[-12.3743,8.50559],[-12.36457,8.51564],[-12.35857,8.52051],[-12.35566,8.5244],[-12.33564,8.54288],[-12.33337,8.54417],[-12.33012,8.54401],[-12.32834,8.54369],[-12.32526,8.54109],[-12.32267,8.54109],[-12.32186,8.54401],[-12.31975,8.54709],[-12.3097,8.55293],[-12.30719,8.55374],[-12.30476,8.55568],[-12.30184,8.55552],[-12.29973,8.5573],[-12.29714,8.56119],[-12.29552,8.56752],[-12.29406,8.56914],[-12.29454,8.57108],[-12.29244,8.57141],[-12.29065,8.57254],[-12.29028,8.57453],[-12.29535,8.58016],[-12.30103,8.5881],[-12.30516,8.58972],[-12.31278,8.59475],[-12.31764,8.59637],[-12.31926,8.59767],[-12.32315,8.60415],[-12.32526,8.60642],[-12.32777,8.61858],[-12.3281,8.62263],[-12.32696,8.63106],[-12.32826,8.63268],[-12.33021,8.63333],[-12.33345,8.63301],[-12.34706,8.62993],[-12.3516,8.63252],[-12.35403,8.63527],[-12.36003,8.63835],[-12.36506,8.63949],[-12.37106,8.63965],[-12.37819,8.64306],[-12.38046,8.64484],[-12.38402,8.6463],[-12.38727,8.6463],[-12.39002,8.64743],[-12.39456,8.65213],[-12.40113,8.66818],[-12.39578,8.66915],[-12.38978,8.66818],[-12.38832,8.67013],[-12.38848,8.67353],[-12.3914,8.68034],[-12.38524,8.68812],[-12.38362,8.69266],[-12.38508,8.7006],[-12.37827,8.70725],[-12.37697,8.70563],[-12.37713,8.70109],[-12.3747,8.69817],[-12.37179,8.69574],[-12.36741,8.69331],[-12.36384,8.69282],[-12.35152,8.69704],[-12.33653,8.70822],[-12.33426,8.71049],[-12.33474,8.71746],[-12.3341,8.71941],[-12.33231,8.71941],[-12.32534,8.71017],[-12.32194,8.7079],[-12.31918,8.70709],[-12.31627,8.70968],[-12.31383,8.71616],[-12.31513,8.71762],[-12.31772,8.71827],[-12.3234,8.72135],[-12.32421,8.72378],[-12.32046,8.73014],[-12.32093,8.72995],[-12.32401,8.73268],[-12.33084,8.73234],[-12.33665,8.73542],[-12.34741,8.7484],[-12.35424,8.75455],[-12.36723,8.76446],[-12.37099,8.77471],[-12.37201,8.78393],[-12.3703,8.79077],[-12.36569,8.79248],[-12.35817,8.79863],[-12.35476,8.79829],[-12.3428,8.79282],[-12.33733,8.79316],[-12.33289,8.7976],[-12.3264,8.80102],[-12.32298,8.80922],[-12.31922,8.81537],[-12.31717,8.8246],[-12.3199,8.83553],[-12.32435,8.84031],[-12.33186,8.85637],[-12.34143,8.86594],[-12.34143,8.87072],[-12.3428,8.87414],[-12.34416,8.88883],[-12.35185,8.89874],[-12.35459,8.90455],[-12.36313,8.90762],[-12.37092,8.9081],[-12.38103,8.90537],[-12.38486,8.90264],[-12.38732,8.90236],[-12.39361,8.90646],[-12.39415,8.91494],[-12.39634,8.91685],[-12.3988,8.92259],[-12.39935,8.92724],[-12.40427,8.92724],[-12.407,8.92614],[-12.41001,8.93106],[-12.41356,8.9338],[-12.41547,8.9338],[-12.41766,8.93216],[-12.42149,8.93079],[-12.4286,8.93079],[-12.4327,8.93653],[-12.43488,8.93708],[-12.44035,8.92478],[-12.445,8.91658],[-12.44718,8.91439],[-12.44964,8.91275],[-12.45156,8.91275],[-12.45511,8.9174],[-12.45921,8.91685],[-12.46085,8.91904],[-12.46741,8.92423],[-12.46932,8.92696],[-12.46878,8.93024],[-12.47014,8.93653],[-12.47616,8.94063],[-12.47916,8.94118],[-12.48709,8.94473],[-12.48901,8.94501],[-12.49666,8.95321],[-12.49857,8.96769],[-12.49857,8.97207],[-12.49994,8.97726],[-12.49885,8.98191],[-12.50308,8.99393],[-12.50308,8.99803],[-12.50527,9.0087],[-12.50855,9.01553],[-12.50855,9.01826],[-12.5121,9.0251],[-12.51538,9.02537],[-12.5244,9.01744],[-12.52905,9.01498],[-12.53698,9.00542],[-12.53807,9.00214],[-12.53971,8.99968],[-12.54463,9.00022],[-12.54682,9.00678],[-12.54736,9.01034],[-12.54545,9.02537],[-12.54791,9.02619],[-12.55147,9.02455],[-12.55529,9.024],[-12.55857,9.02182],[-12.56267,9.02127],[-12.56623,9.0199],[-12.58071,9.01854],[-12.58563,9.01936],[-12.58946,9.02154],[-12.5911,9.02318],[-12.58919,9.02646],[-12.58618,9.02892],[-12.58317,9.03439],[-12.58263,9.03849],[-12.57634,9.0445],[-12.57388,9.0486],[-12.57224,9.05516],[-12.56705,9.05598],[-12.5624,9.05927],[-12.56035,9.06419],[-12.56062,9.06829],[-12.55926,9.0743],[-12.56363,9.07375],[-12.56472,9.07539],[-12.56336,9.0784],[-12.56035,9.08004],[-12.55762,9.08004],[-12.55488,9.08332],[-12.55215,9.08441],[-12.54969,9.08988],[-12.54723,9.09097],[-12.5434,9.09125],[-12.53875,9.08797],[-12.53739,9.08578],[-12.53821,9.08387],[-12.54504,9.08004],[-12.54805,9.07649],[-12.54777,9.0743],[-12.54477,9.0702],[-12.54012,9.06911],[-12.53684,9.07102],[-12.53383,9.07457],[-12.52454,9.08031],[-12.52263,9.08195],[-12.52263,9.08605],[-12.52153,9.08879],[-12.51853,9.09097],[-12.51443,9.08933],[-12.5106,9.08551],[-12.50677,9.08086],[-12.50486,9.07731],[-12.5024,9.07485],[-12.49967,9.07922],[-12.49584,9.07867],[-12.49092,9.07922],[-12.48928,9.08141],[-12.4901,9.08441],[-12.49256,9.08742],[-12.48764,9.09562],[-12.4901,9.10027],[-12.49912,9.10874],[-12.50172,9.10874],[-12.50336,9.10983],[-12.50281,9.11202],[-12.49871,9.11749],[-12.4793,9.13252],[-12.47629,9.13635],[-12.47301,9.13334],[-12.47055,9.12924],[-12.46618,9.1246],[-12.46399,9.12104],[-12.46591,9.11721],[-12.47493,9.1112],[-12.47493,9.10765],[-12.47165,9.10218],[-12.46755,9.10191],[-12.46481,9.10546],[-12.46071,9.10737],[-12.45853,9.10683],[-12.45825,9.10929],[-12.45661,9.11202],[-12.45033,9.11585],[-12.44978,9.12405],[-12.45251,9.13116],[-12.45115,9.13799],[-12.44732,9.13881],[-12.44295,9.14264],[-12.44158,9.14646],[-12.44131,9.14974],[-12.43939,9.15439],[-12.43338,9.15904],[-12.42545,9.16915],[-12.4219,9.17106],[-12.40878,9.182],[-12.41151,9.18501],[-12.4137,9.1861],[-12.41643,9.18938],[-12.41698,9.19266],[-12.41643,9.19676],[-12.4126,9.20879],[-12.41178,9.21343],[-12.40987,9.21781],[-12.40071,9.2271],[-12.3988,9.2312],[-12.40181,9.2435],[-12.40099,9.24706],[-12.40126,9.2517],[-12.40345,9.25553],[-12.41356,9.26619],[-12.41711,9.2681],[-12.42231,9.26947],[-12.42559,9.26674],[-12.4316,9.26373],[-12.43813,9.25923]]]]}},{"type":"Feature","properties":{"level":"ADM2","name":"Bonthe"},"geometry":{"type":"MultiPolygon","coordinates":[[[[-12.56262,7.37628],[-12.56091,7.37774],[-12.56202,7.37929],[-12.56202,7.37796],[-12.56292,7.37699],[-12.56262,7.37628]]],[[[-12.56864,7.40014],[-12.56923,7.40029],[-12.56943,7.39957],[-12.57029,7.4002],[-12.56987,7.39543],[-12.57076,7.39418],[-12.57048,7.3929],[-12.56844,7.39175],[-12.56809,7.39236],[-12.56874,7.39272],[-12.56919,7.39591],[-12.56857,7.39734],[-12.56864,7.40014]]],[[[-12.56983,7.40093],[-12.56949,7.40168],[-12.57018,7.40359],[-12.57352,7.40905],[-12.57188,7.4113],[-12.57291,7.41137],[-12.57454,7.41007],[-12.57448,7.40707],[-12.57297,7.40557],[-12.57086,7.40086],[-12.56983,7.40093]]],[[[-12.56724,7.42038],[-12.56963,7.41697],[-12.56956,7.41478],[-12.56697,7.41779],[-12.56697,7.41867],[-12.56519,7.42004],[-12.56642,7.41977],[-12.56724,7.42038]]],[[[-12.44085,7.41046],[-12.43458,7.41156],[-12.42735,7.41619],[-12.42644,7.41887],[-12.43352,7.42095],[-12.43829,7.41879],[-12.44311,7.41842],[-12.44809,7.41646],[-12.44951,7.41512],[-12.44834,7.41338],[-12.44793,7.41038],[-12.44085,7.41046]]],[[[-12.50083,7.42878],[-12.50035,7.43144],[-12.5024,7.43471],[-12.50308,7.43458],[-12.50431,7.43362],[-12.50452,7.43192],[-12.5039,7.43028],[-12.50206,7.42762],[-12.50151,7.42741],[-12.50083,7.42878]]],[[[-12.48138,7.43082],[-12.4794,7.43273],[-12.47912,7.43417],[-12.48124,7.43676],[-12.48377,7.43226],[-12.48267,7.43076],[-12.48138,7.43082]]],[[[-12.48288,7.44134],[-12.48363,7.44352],[-12.48895,7.44468],[-12.48506,7.44099],[-12.48329,7.44031],[-12.48288,7.44134]]],[[[-12.48465,7.43171],[-12.4824,7.43785],[-12.4839,7.43826],[-12.48854,7.44181],[-12.49284,7.44796],[-12.49585,7.44263],[-12.49585,7.44161],[-12.49005,7.4339],[-12.48936,7.43178],[-12.48738,7.43062],[-12.48534,7.43055],[-12.48465,7.43171]]],[[[-12.49639,7.44734],[-12.49469,7.45362],[-12.49733,7.45237],[-12.49933,7.44843],[-12.49919,7.44652],[-12.49748,7.44618],[-12.49639,7.44734]]],[[[-12.51912,7.45369],[-12.51939,7.45478],[-12.52055,7.45362],[-12.52001,7.45314],[-12.51912,7.45369]]],[[[-12.4973,7.46907],[-12.49916,7.46906],[-12.50114,7.46815],[-12.50148,7.46703],[-12.50048,7.46535],[-12.49994,7.46516],[-12.4982,7.46675],[-12.4973,7.46907]]],[[[-12.50929,7.46952],[-12.51067,7.47011],[-12.5125,7.46917],[-12.513,7.46986],[-12.51514,7.46996],[-12.51621,7.46764],[-12.51632,7.46557],[-12.51482,7.46461],[-12.51339,7.46488],[-12.5097,7.46741],[-12.50888,7.46884],[-12.50929,7.46952]]],[[[-12.47266,7.51327],[-12.47208,7.51519],[-12.47233,7.5181],[-12.47444,7.52274],[-12.47539,7.52328],[-12.47666,7.51935],[-12.47691,7.51502],[-12.47774,7.51385],[-12.47741,7.51252],[-12.47266,7.51327]]],[[[-12.48327,7.52109],[-12.48294,7.52284],[-12.48432,7.52751],[-12.48712,7.53117],[-12.48924,7.53551],[-12.49231,7.52936],[-12.4866,7.52413],[-12.4847,7.52122],[-12.48327,7.52109]]],[[[-12.49517,7.53199],[-12.49457,7.53384],[-12.4924,7.53617],[-12.49186,7.53761],[-12.49228,7.5419],[-12.4969,7.54192],[-12.49773,7.53667],[-12.49758,7.53333],[-12.49716,7.5322],[-12.49517,7.53199]]],[[[-12.46767,7.52152],[-12.46658,7.5251],[-12.46134,7.52768],[-12.46109,7.53326],[-12.45909,7.53467],[-12.45885,7.53767],[-12.45942,7.54067],[-12.46217,7.54242],[-12.469,7.54467],[-12.47041,7.54434],[-12.47091,7.54342],[-12.47741,7.53993],[-12.47771,7.53833],[-12.47549,7.53118],[-12.47265,7.5256],[-12.46908,7.52152],[-12.46767,7.52152]]],[[[-12.49375,7.5425],[-12.49248,7.54508],[-12.49282,7.54713],[-12.49373,7.54758],[-12.49656,7.54523],[-12.4964,7.54425],[-12.49375,7.5425]]],[[[-12.47266,7.54569],[-12.4805,7.55046],[-12.48266,7.55108],[-12.48316,7.55008],[-12.48316,7.54792],[-12.48181,7.54392],[-12.48068,7.54291],[-12.47933,7.54242],[-12.47749,7.54442],[-12.47308,7.5445],[-12.47266,7.54569]]],[[[-12.97197,7.56367],[-12.9725,7.56415],[-12.97298,7.56362],[-12.974,7.56378],[-12.97341,7.56137],[-12.97197,7.56367]]],[[[-12.98892,7.58223],[-12.98968,7.58628],[-12.98855,7.58882],[-12.99043,7.59033],[-12.99128,7.5892],[-12.99128,7.58646],[-12.99231,7.5842],[-12.99062,7.58091],[-12.98921,7.58006],[-12.98892,7.58223]]],[[[-12.9244,7.58486],[-12.92082,7.58731],[-12.92232,7.58769],[-12.92336,7.59042],[-12.92487,7.5923],[-12.92826,7.58976],[-12.92948,7.58665],[-12.92694,7.58401],[-12.9244,7.58486]]],[[[-12.98043,7.59152],[-12.979,7.59259],[-12.97904,7.59348],[-12.98143,7.5917],[-12.98122,7.59113],[-12.98043,7.59152]]],[[[-12.98082,7.58854],[-12.98271,7.5892],[-12.98685,7.59372],[-12.98836,7.594],[-12.98939,7.59325],[-12.99015,7.59127],[-12.98982,7.59045],[-12.98798,7.58986],[-12.98871,7.58635],[-12.98381,7.57996],[-12.9811,7.57836],[-12.97828,7.57714],[-12.97498,7.57761],[-12.97168,7.57676],[-12.97065,7.57554],[-12.97065,7.57431],[-12.97225,7.57346],[-12.97272,7.57092],[-12.97432,7.57045],[-12.9747,7.57102],[-12.97423,7.57224],[-12.97131,7.57507],[-12.97234,7.57563],[-12.97574,7.5746],[-12.97856,7.57102],[-12.97979,7.5713],[-12.98478,7.57346],[-12.98327,7.57507],[-12.98214,7.5745],[-12.98044,7.57516],[-12.9795,7.57648],[-12.98318,7.57554],[-12.98233,7.57686],[-12.98289,7.57742],[-12.98525,7.57752],[-12.98497,7.57893],[-12.98619,7.57827],[-12.991,7.57921],[-12.9957,7.58364],[-12.99467,7.58062],[-12.9958,7.58157],[-12.99721,7.58364],[-12.99721,7.58515],[-12.99627,7.58835],[-12.99401,7.58967],[-12.99335,7.5908],[-12.99712,7.59033],[-12.99815,7.59127],[-12.99985,7.58618],[-13.00107,7.58505],[-13.0046,7.58425],[-13.00535,7.58317],[-12.99943,7.57908],[-12.99392,7.57761],[-12.98577,7.57259],[-12.97545,7.56772],[-12.97347,7.56555],[-12.97195,7.56709],[-12.9649,7.58128],[-12.96697,7.58185],[-12.96707,7.58505],[-12.96858,7.58816],[-12.9719,7.58917],[-12.97752,7.58872],[-12.97941,7.58769],[-12.98082,7.58854]]],[[[-13.00315,7.5908],[-13.00447,7.59372],[-13.00447,7.59513],[-13.00522,7.59447],[-13.00541,7.59202],[-13.00691,7.59164],[-13.01652,7.59042],[-13.01878,7.59221],[-13.01822,7.59061],[-13.01379,7.58646],[-13.00569,7.58835],[-13.00343,7.58948],[-13.00315,7.5908]]],[[[-12.47779,7.58495],[-12.47595,7.59036],[-12.48437,7.59694],[-12.48503,7.59086],[-12.48278,7.58819],[-12.48278,7.58661],[-12.48203,7.58553],[-12.48003,7.58461],[-12.47779,7.58495]]],[[[-13.01795,7.59515],[-13.01931,7.59775],[-13.01951,7.59618],[-13.01795,7.59515]]],[[[-12.47645,7.59352],[-12.4797,7.59794],[-12.48153,7.59885],[-12.48228,7.59777],[-12.48337,7.59769],[-12.48262,7.59594],[-12.48053,7.59461],[-12.4772,7.59319],[-12.47645,7.59352]]],[[[-13.01615,7.60254],[-13.01578,7.60363],[-13.01671,7.60361],[-13.01919,7.60192],[-13.0201,7.59975],[-13.01963,7.59928],[-13.01883,7.59974],[-13.01831,7.60201],[-13.0174,7.59546],[-13.01671,7.59598],[-13.01737,7.59833],[-13.01667,7.59913],[-13.01737,7.60041],[-13.01701,7.60189],[-13.01681,7.60041],[-13.01612,7.60039],[-13.01615,7.60254]]],[[[-13.01087,7.60427],[-13.01238,7.60436],[-13.01379,7.60342],[-13.01398,7.60116],[-13.01294,7.59786],[-13.0136,7.59617],[-13.01464,7.5956],[-13.01323,7.59287],[-13.01247,7.59296],[-13.01106,7.59513],[-13.01144,7.59786],[-13.00899,7.5972],[-13.00974,7.59475],[-13.00701,7.59409],[-13.00673,7.59617],[-13.00399,7.60116],[-13.00418,7.60201],[-13.00663,7.60389],[-13.00983,7.60323],[-13.01087,7.60427]]],[[[-12.94505,7.60839],[-12.94539,7.60783],[-12.9442,7.60658],[-12.93965,7.60627],[-12.93963,7.60705],[-12.94128,7.60674],[-12.94286,7.60791],[-12.94505,7.60839]]],[[[-12.49419,7.62092],[-12.49861,7.62067],[-12.50943,7.61834],[-12.5051,7.61643],[-12.49103,7.60668],[-12.48203,7.60402],[-12.47937,7.60452],[-12.47978,7.60901],[-12.48437,7.61676],[-12.4877,7.62001],[-12.49419,7.62092]]],[[[-13.01737,7.61651],[-13.01822,7.6199],[-13.0201,7.62122],[-13.02104,7.6249],[-13.02189,7.62461],[-13.0217,7.62198],[-13.01784,7.61538],[-13.01643,7.61444],[-13.01737,7.61651]]],[[[-12.5026,7.62659],[-12.50269,7.62717],[-12.50169,7.62767],[-12.50302,7.63133],[-12.5056,7.62767],[-12.50402,7.6265],[-12.5026,7.62659]]],[[[-12.95663,7.63046],[-12.95594,7.63156],[-12.95286,7.63223],[-12.95283,7.63281],[-12.95444,7.63356],[-12.95577,7.63323],[-12.95815,7.63081],[-12.95754,7.63006],[-12.95663,7.63046]]],[[[-12.55353,7.62954],[-12.55432,7.63167],[-12.55749,7.63575],[-12.56173,7.636],[-12.56053,7.63204],[-12.55911,7.63021],[-12.55678,7.62904],[-12.55386,7.62904],[-12.55353,7.62954]]],[[[-12.60449,7.63761],[-12.62573,7.64064],[-12.63682,7.63988],[-12.65848,7.63564],[-12.6629,7.63743],[-12.66827,7.63714],[-12.67195,7.6346],[-12.67355,7.63752],[-12.67864,7.63846],[-12.69238,7.63901],[-12.69995,7.63641],[-12.70284,7.63272],[-12.70633,7.63027],[-12.71182,7.62804],[-12.71763,7.62732],[-12.72344,7.62441],[-12.72671,7.62877],[-12.73397,7.62695],[-12.74341,7.62659],[-12.74636,7.62537],[-12.7604,7.62509],[-12.7653,7.62574],[-12.77086,7.62772],[-12.78357,7.62753],[-12.78935,7.62859],[-12.80351,7.62714],[-12.80823,7.62496],[-12.81077,7.61806],[-12.8144,7.61915],[-12.81622,7.62242],[-12.82102,7.62468],[-12.83009,7.62088],[-12.84045,7.61846],[-12.8439,7.61587],[-12.84719,7.61691],[-12.85168,7.61725],[-12.85522,7.61656],[-12.85738,7.61898],[-12.86049,7.61941],[-12.8627,7.61733],[-12.86669,7.61733],[-12.86998,7.61881],[-12.8725,7.61842],[-12.89131,7.61078],[-12.89956,7.60589],[-12.9047,7.60637],[-12.90824,7.60551],[-12.90988,7.60361],[-12.91446,7.60145],[-12.92266,7.5916],[-12.91878,7.59022],[-12.91714,7.58781],[-12.91239,7.58496],[-12.91074,7.58556],[-12.90833,7.58271],[-12.90435,7.58236],[-12.90028,7.58011],[-12.89796,7.57736],[-12.89629,7.57067],[-12.90101,7.57612],[-12.90392,7.57612],[-12.91154,7.57866],[-12.91735,7.57975],[-12.92171,7.57938],[-12.92643,7.57612],[-12.9395,7.57721],[-12.9435,7.57975],[-12.9487,7.58044],[-12.95392,7.57759],[-12.95567,7.57563],[-12.9573,7.57575],[-12.95869,7.5746],[-12.95887,7.5713],[-12.95699,7.56998],[-12.94168,7.57031],[-12.89883,7.56087],[-12.86565,7.55084],[-12.86326,7.55152],[-12.83868,7.54539],[-12.77876,7.52912],[-12.75183,7.52109],[-12.70928,7.50716],[-12.69649,7.50195],[-12.68047,7.49775],[-12.667,7.49345],[-12.61786,7.47311],[-12.59546,7.46146],[-12.58001,7.45157],[-12.57822,7.44922],[-12.57689,7.45298],[-12.57793,7.44927],[-12.56402,7.42978],[-12.56202,7.4227],[-12.56403,7.40803],[-12.56676,7.40386],[-12.56874,7.39485],[-12.5682,7.39287],[-12.56451,7.39008],[-12.55932,7.38816],[-12.54458,7.38892],[-12.53088,7.39131],[-12.52796,7.39247],[-12.52796,7.39489],[-12.52946,7.39564],[-12.52921,7.3973],[-12.53038,7.3998],[-12.52929,7.40347],[-12.53013,7.40771],[-12.53296,7.41088],[-12.53479,7.41629],[-12.5357,7.42614],[-12.53389,7.43377],[-12.53316,7.44648],[-12.53044,7.46845],[-12.52346,7.47734],[-12.51464,7.48416],[-12.50417,7.49055],[-12.5037,7.4917],[-12.5006,7.49458],[-12.50052,7.49748],[-12.49962,7.49769],[-12.49677,7.49633],[-12.49587,7.49693],[-12.49527,7.49786],[-12.49561,7.49868],[-12.49391,7.4994],[-12.49148,7.5029],[-12.49248,7.50667],[-12.48988,7.50629],[-12.48919,7.50902],[-12.48907,7.51136],[-12.49043,7.51409],[-12.49239,7.51618],[-12.49329,7.51439],[-12.49427,7.51431],[-12.49568,7.51909],[-12.49768,7.52019],[-12.50002,7.51956],[-12.49995,7.52577],[-12.5021,7.53376],[-12.50523,7.53704],[-12.50728,7.53781],[-12.50707,7.53832],[-12.50992,7.54041],[-12.5127,7.54412],[-12.51605,7.54973],[-12.51647,7.55362],[-12.51605,7.55612],[-12.51373,7.55596],[-12.51222,7.55129],[-12.51039,7.54887],[-12.50739,7.54937],[-12.50423,7.54713],[-12.4999,7.5532],[-12.4949,7.5642],[-12.4944,7.56944],[-12.49667,7.57448],[-12.50538,7.5861],[-12.51591,7.59191],[-12.53044,7.60281],[-12.55053,7.61039],[-12.55693,7.61199],[-12.56673,7.61331],[-12.57266,7.60973],[-12.57982,7.60825],[-12.58316,7.61164],[-12.58657,7.61167],[-12.58545,7.61533],[-12.57661,7.61931],[-12.57527,7.62065],[-12.57777,7.62489],[-12.58618,7.6353],[-12.5906,7.63722],[-12.60109,7.63689],[-12.60449,7.63761]]],[[[-12.99354,7.63319],[-12.99165,7.6362],[-12.99034,7.63714],[-12.99034,7.63827],[-12.99288,7.64063],[-12.99316,7.6427],[-12.99542,7.64223],[-12.9957,7.641],[-13.00399,7.6345],[-13.00409,7.6329],[-13.00296,7.63319],[-13.00051,7.63224],[-12.99354,7.63319]]],[[[-13.06875,7.65314],[-13.06964,7.65106],[-13.06843,7.65015],[-13.06854,7.65146],[-13.06768,7.65247],[-13.06782,7.65306],[-13.06875,7.65314]]],[[[-12.52334,7.625],[-12.52109,7.629],[-12.52284,7.63192],[-12.52251,7.63616],[-12.52401,7.63908],[-12.52651,7.64083],[-12.54033,7.64707],[-12.54349,7.65082],[-12.54533,7.65515],[-12.54741,7.65723],[-12.54941,7.65832],[-12.55091,7.65832],[-12.55482,7.65698],[-12.55565,7.6559],[-12.55503,7.65086],[-12.5522,7.64412],[-12.54795,7.63829],[-12.54016,7.62975],[-12.53816,7.62775],[-12.53225,7.6255],[-12.52417,7.62426],[-12.52334,7.625]]],[[[-13.04698,7.63863],[-13.0449,7.64061],[-13.04346,7.64523],[-13.03509,7.65106],[-13.03477,7.65207],[-13.02932,7.65442],[-13.0201,7.65721],[-13.02472,7.66079],[-13.03159,7.65834],[-13.03996,7.65322],[-13.05251,7.64072],[-13.05712,7.63856],[-13.05995,7.63921],[-13.05985,7.63827],[-13.05872,7.63743],[-13.05985,7.63695],[-13.06108,7.63827],[-13.06032,7.64006],[-13.06089,7.64129],[-13.05995,7.64129],[-13.05788,7.6395],[-13.0559,7.63959],[-13.05844,7.64166],[-13.06419,7.64289],[-13.06437,7.63912],[-13.06494,7.63856],[-13.06259,7.63281],[-13.06204,7.62764],[-13.06381,7.6232],[-13.06462,7.6233],[-13.06426,7.62613],[-13.06477,7.62632],[-13.06568,7.62541],[-13.06504,7.62187],[-13.06391,7.62166],[-13.06301,7.62228],[-13.0624,7.62339],[-13.06246,7.62627],[-13.06149,7.62726],[-13.05597,7.62779],[-13.04829,7.62613],[-13.04448,7.62436],[-13.04177,7.62122],[-13.04251,7.62055],[-13.04346,7.62191],[-13.04414,7.62193],[-13.04459,7.62122],[-13.0438,7.61977],[-13.04167,7.6183],[-13.03893,7.62073],[-13.03849,7.62196],[-13.04092,7.6233],[-13.04412,7.62831],[-13.04529,7.62828],[-13.0461,7.62998],[-13.04698,7.63863]]],[[[-13.07458,7.6533],[-13.08564,7.66417],[-13.08573,7.66299],[-13.08067,7.65787],[-13.07567,7.65341],[-13.07458,7.6533]]],[[[-13.07279,7.66783],[-13.0603,7.67151],[-13.05763,7.67167],[-13.05688,7.67231],[-13.05717,7.67314],[-13.05959,7.67392],[-13.06579,7.67407],[-13.06842,7.67316],[-13.07455,7.66933],[-13.07613,7.66772],[-13.07687,7.6654],[-13.07626,7.66538],[-13.07575,7.66679],[-13.07522,7.66655],[-13.07279,7.66783]]],[[[-12.68395,7.68076],[-12.69336,7.68218],[-12.69686,7.68143],[-12.69911,7.67418],[-12.70252,7.6716],[-12.70202,7.6706],[-12.70144,7.6701],[-12.69344,7.67143],[-12.68478,7.67543],[-12.68212,7.67735],[-12.68112,7.67735],[-12.67962,7.6786],[-12.68053,7.68068],[-12.68395,7.68076]]],[[[-12.51755,7.71566],[-12.51789,7.71657],[-12.53213,7.70958],[-12.54137,7.699],[-12.5417,7.69742],[-12.54079,7.694],[-12.53779,7.69242],[-12.53371,7.69217],[-12.52355,7.69409],[-12.51897,7.69634],[-12.51814,7.6985],[-12.51589,7.71499],[-12.51605,7.71557],[-12.51755,7.71566]]],[[[-11.89485,7.48486],[-11.89993,7.49101],[-11.89601,7.4945],[-11.89252,7.49639],[-11.89019,7.49959],[-11.88292,7.50555],[-11.87935,7.51006],[-11.89462,7.51923],[-11.89855,7.52475],[-11.90422,7.52897],[-11.91106,7.53319],[-11.91644,7.53552],[-11.91921,7.53464],[-11.92517,7.53101],[-11.93855,7.53086],[-11.94713,7.52941],[-11.95004,7.53057],[-11.95309,7.52955],[-11.956,7.52955],[-11.96655,7.53086],[-11.97426,7.5361],[-11.98153,7.53959],[-11.98647,7.54599],[-11.98851,7.55021],[-11.98938,7.55268],[-11.9872,7.55966],[-11.984,7.56533],[-11.97418,7.57697],[-11.97157,7.58366],[-11.96866,7.58802],[-11.9656,7.59064],[-11.96269,7.59515],[-11.95382,7.59966],[-11.95193,7.60286],[-11.95411,7.60417],[-11.96429,7.603],[-11.97215,7.6014],[-11.99295,7.59544],[-11.99746,7.59515],[-11.99876,7.60402],[-12.00109,7.60897],[-12.00182,7.61319],[-12.00611,7.62613],[-12.00684,7.63006],[-12.00567,7.63326],[-12.00044,7.63893],[-11.99636,7.6398],[-11.99244,7.63922],[-11.98691,7.63675],[-11.98124,7.63544],[-11.97571,7.63747],[-11.97158,7.64695],[-11.97185,7.65175],[-11.97441,7.65537],[-11.97699,7.65174],[-11.97973,7.65086],[-11.98275,7.65124],[-11.98573,7.65274],[-11.98781,7.65965],[-11.98995,7.66163],[-11.99314,7.66232],[-11.99959,7.66149],[-12.00211,7.66787],[-12.00415,7.66875],[-12.00909,7.66816],[-12.01084,7.66642],[-12.01302,7.66133],[-12.01462,7.65958],[-12.02175,7.65755],[-12.02422,7.65958],[-12.02974,7.66729],[-12.03382,7.67631],[-12.04385,7.68693],[-12.05011,7.69144],[-12.05476,7.69071],[-12.0736,7.69158],[-12.07985,7.69085],[-12.0848,7.6894],[-12.1037,7.67907],[-12.10805,7.67916],[-12.10575,7.67715],[-12.11094,7.67179],[-12.11989,7.66393],[-12.12525,7.66209],[-12.13562,7.66192],[-12.14014,7.66259],[-12.14315,7.66426],[-12.14717,7.66343],[-12.15185,7.66343],[-12.1547,7.66426],[-12.16022,7.66962],[-12.16482,7.66962],[-12.17101,7.66493],[-12.17352,7.6661],[-12.1782,7.66677],[-12.18289,7.66577],[-12.18624,7.6641],[-12.19025,7.66577],[-12.19745,7.67079],[-12.20464,7.67882],[-12.21376,7.68568],[-12.21995,7.68836],[-12.22514,7.6892],[-12.23635,7.68903],[-12.24087,7.69003],[-12.24522,7.69204],[-12.24823,7.69472],[-12.24856,7.6994],[-12.25007,7.70442],[-12.25342,7.71078],[-12.2566,7.71413],[-12.26571,7.72099],[-12.26873,7.72517],[-12.27743,7.7337],[-12.28044,7.73923],[-12.29081,7.75378],[-12.29625,7.76432],[-12.29759,7.76834],[-12.29843,7.77771],[-12.29608,7.78524],[-12.29776,7.78775],[-12.29742,7.79043],[-12.29809,7.80113],[-12.30428,7.80147],[-12.30955,7.79963],[-12.31842,7.80113],[-12.3288,7.80063],[-12.33566,7.80281],[-12.33917,7.80482],[-12.34703,7.80549],[-12.35197,7.80783],[-12.35448,7.80783],[-12.35833,7.80264],[-12.36151,7.79528],[-12.36536,7.78859],[-12.3682,7.78541],[-12.37088,7.77888],[-12.38878,7.77219],[-12.38895,7.76901],[-12.39129,7.76683],[-12.39213,7.76449],[-12.38995,7.76081],[-12.39179,7.7578],[-12.39464,7.75579],[-12.39748,7.75596],[-12.39815,7.76098],[-12.39932,7.76349],[-12.40844,7.76616],[-12.41513,7.76533],[-12.423,7.76299],[-12.42804,7.75875],[-12.43304,7.75562],[-12.44241,7.75428],[-12.44693,7.75244],[-12.44835,7.74893],[-12.44852,7.7424],[-12.44639,7.74143],[-12.44067,7.74038],[-12.44581,7.73685],[-12.44989,7.72769],[-12.45472,7.72286],[-12.45946,7.72094],[-12.46742,7.72149],[-12.4735,7.72498],[-12.4765,7.7279],[-12.48657,7.74414],[-12.4879,7.74514],[-12.49057,7.74489],[-12.49969,7.7336],[-12.5026,7.72752],[-12.5056,7.72444],[-12.51555,7.6965],[-12.5183,7.69192],[-12.52455,7.68767],[-12.53025,7.68572],[-12.54308,7.6843],[-12.54516,7.68322],[-12.55186,7.67127],[-12.55103,7.66894],[-12.54562,7.66485],[-12.54487,7.66236],[-12.54337,7.66119],[-12.5417,7.65836],[-12.54012,7.6537],[-12.53737,7.65045],[-12.53167,7.64816],[-12.52659,7.64916],[-12.52434,7.64807],[-12.51943,7.64449],[-12.51393,7.63766],[-12.51077,7.63566],[-12.50777,7.63741],[-12.50394,7.64458],[-12.50202,7.64558],[-12.49886,7.64549],[-12.49856,7.64329],[-12.4999,7.63279],[-12.4989,7.62979],[-12.49165,7.62746],[-12.48815,7.62555],[-12.48495,7.62267],[-12.48003,7.61568],[-12.47779,7.61484],[-12.47729,7.61393],[-12.47579,7.60935],[-12.47529,7.60252],[-12.46817,7.58316],[-12.46738,7.5747],[-12.46888,7.5732],[-12.46921,7.56638],[-12.47046,7.56246],[-12.46929,7.56055],[-12.46679,7.5593],[-12.46646,7.55771],[-12.46346,7.5548],[-12.4588,7.55363],[-12.45747,7.55413],[-12.4568,7.5553],[-12.45343,7.55659],[-12.44976,7.55692],[-12.44127,7.55359],[-12.4366,7.55376],[-12.43527,7.55484],[-12.42528,7.55676],[-12.42153,7.55601],[-12.40783,7.55047],[-12.40058,7.54864],[-12.39925,7.54897],[-12.39592,7.55372],[-12.39451,7.55413],[-12.39326,7.55305],[-12.39192,7.54697],[-12.38951,7.54522],[-12.38593,7.54464],[-12.38251,7.54281],[-12.38118,7.54122],[-12.3795,7.53729],[-12.38562,7.53395],[-12.39156,7.5358],[-12.4051,7.5308],[-12.41363,7.52968],[-12.41956,7.52709],[-12.42216,7.53042],[-12.42976,7.52987],[-12.44255,7.52023],[-12.4458,7.51531],[-12.44858,7.51253],[-12.45285,7.5103],[-12.4573,7.50585],[-12.45897,7.50159],[-12.45971,7.49677],[-12.46249,7.49028],[-12.48001,7.46218],[-12.4878,7.45402],[-12.48966,7.4492],[-12.48929,7.44809],[-12.47742,7.439],[-12.47464,7.43381],[-12.47,7.42862],[-12.46555,7.42547],[-12.45869,7.42343],[-12.43903,7.4284],[-12.4318,7.42287],[-12.41808,7.4186],[-12.414,7.41564],[-12.41181,7.41373],[-12.41331,7.40946],[-12.4203,7.41267],[-12.42457,7.4123],[-12.44422,7.40766],[-12.46981,7.40655],[-12.47724,7.4068],[-12.49032,7.4008],[-12.49806,7.39522],[-12.49973,7.39131],[-12.50164,7.39031],[-12.50381,7.39072],[-12.51339,7.38947],[-12.52155,7.38652],[-12.52221,7.38506],[-12.5198,7.38389],[-12.48882,7.38048],[-12.45479,7.37373],[-12.39253,7.35488],[-12.36006,7.34246],[-12.31804,7.32814],[-12.26933,7.30999],[-12.21585,7.28803],[-12.12799,7.25556],[-12.05255,7.22595],[-11.95996,7.19152],[-11.94957,7.20643],[-11.94445,7.22063],[-11.94211,7.22484],[-11.93841,7.22845],[-11.93678,7.22859],[-11.93167,7.2266],[-11.92769,7.22319],[-11.92627,7.21665],[-11.92315,7.21325],[-11.91917,7.2141],[-11.91439,7.21805],[-11.91136,7.21694],[-11.90909,7.2141],[-11.89886,7.2104],[-11.89488,7.21381],[-11.89232,7.2283],[-11.89119,7.24194],[-11.8892,7.24989],[-11.88551,7.25387],[-11.88323,7.25898],[-11.88295,7.26523],[-11.88125,7.27319],[-11.88041,7.27379],[-11.87926,7.27659],[-11.88042,7.28021],[-11.8828,7.28283],[-11.88721,7.28426],[-11.89772,7.29165],[-11.89999,7.29932],[-11.89943,7.30188],[-11.899,7.33284],[-11.90241,7.33767],[-11.89786,7.34023],[-11.89161,7.34648],[-11.88849,7.34875],[-11.89161,7.35301],[-11.88906,7.36437],[-11.88508,7.3729],[-11.88025,7.37971],[-11.87812,7.39392],[-11.88039,7.39505],[-11.88352,7.3942],[-11.88437,7.39647],[-11.88437,7.39903],[-11.88664,7.39903],[-11.88863,7.40102],[-11.88636,7.40272],[-11.88579,7.40869],[-11.88096,7.40784],[-11.88494,7.41267],[-11.88465,7.41465],[-11.88068,7.41664],[-11.8803,7.41829],[-11.88204,7.41945],[-11.88437,7.41945],[-11.88612,7.42134],[-11.88393,7.42323],[-11.88633,7.42716],[-11.89128,7.43036],[-11.89302,7.43269],[-11.89302,7.43501],[-11.89433,7.43676],[-11.89841,7.43952],[-11.89564,7.44127],[-11.89419,7.44738],[-11.89332,7.45218],[-11.89448,7.45698],[-11.89375,7.46061],[-11.89157,7.46148],[-11.88997,7.46367],[-11.88735,7.46439],[-11.88786,7.46759],[-11.8899,7.47108],[-11.88844,7.47588],[-11.88975,7.47821],[-11.8899,7.48228],[-11.89353,7.48345],[-11.89485,7.48486]]]]}},{"type":"Feature","properties":{"level":"ADM2","name":"Bo"},"geometry":{"type":"MultiPolygon","coordinates":[[[[-11.51139,7.66926],[-11.51012,7.6709],[-11.49771,7.67893],[-11.49114,7.68586],[-11.48785,7.69134],[-11.4873,7.70594],[-11.48292,7.71324],[-11.47343,7.71397],[-11.46978,7.70813],[-11.46285,7.70703],[-11.46175,7.70192],[-11.4581,7.70046],[-11.45701,7.69535],[-11.45518,7.6928],[-11.45263,7.6928],[-11.45299,7.69535],[-11.44825,7.69827],[-11.44788,7.69426],[-11.44277,7.69462],[-11.44058,7.69316],[-11.43876,7.70083],[-11.43219,7.70046],[-11.43036,7.70448],[-11.42561,7.70192],[-11.42269,7.71178],[-11.4205,7.71287],[-11.42123,7.722],[-11.41685,7.72638],[-11.41357,7.72674],[-11.41831,7.73295],[-11.41685,7.73624],[-11.41284,7.73843],[-11.41612,7.74208],[-11.41612,7.74427],[-11.41174,7.74646],[-11.41503,7.74938],[-11.41284,7.75157],[-11.41101,7.75485],[-11.40773,7.75339],[-11.40371,7.75376],[-11.40262,7.75704],[-11.40335,7.7596],[-11.40116,7.76872],[-11.40408,7.77018],[-11.40444,7.77347],[-11.40189,7.77602],[-11.40152,7.77967],[-11.40481,7.7804],[-11.40846,7.78624],[-11.40992,7.79135],[-11.41211,7.79172],[-11.4143,7.79427],[-11.4143,7.79866],[-11.41521,7.80377],[-11.41813,7.80888],[-11.41996,7.81618],[-11.42324,7.81691],[-11.42543,7.82275],[-11.43054,7.82238],[-11.43419,7.81983],[-11.43894,7.81837],[-11.4466,7.81143],[-11.45098,7.80924],[-11.45098,7.8045],[-11.45609,7.79902],[-11.45719,7.79391],[-11.46485,7.79135],[-11.46741,7.78807],[-11.46595,7.78624],[-11.46887,7.78515],[-11.46887,7.7815],[-11.47289,7.77967],[-11.47727,7.77967],[-11.48238,7.78077],[-11.48822,7.78223],[-11.49296,7.78551],[-11.49187,7.79062],[-11.48165,7.79939],[-11.48639,7.80559],[-11.48639,7.80997],[-11.4853,7.81435],[-11.48201,7.818],[-11.48019,7.82165],[-11.48201,7.82786],[-11.48457,7.83224],[-11.48092,7.8399],[-11.47727,7.84976],[-11.47362,7.85706],[-11.47033,7.86144],[-11.46193,7.864],[-11.45317,7.86838],[-11.44733,7.87422],[-11.44587,7.88261],[-11.44989,7.89064],[-11.44843,7.89539],[-11.44952,7.89758],[-11.44697,7.90305],[-11.44241,7.9067],[-11.43803,7.90853],[-11.43584,7.91254],[-11.43072,7.91254],[-11.42817,7.91327],[-11.42488,7.91729],[-11.42123,7.91327],[-11.41868,7.91291],[-11.41722,7.91035],[-11.41211,7.90853],[-11.40773,7.91145],[-11.39897,7.91072],[-11.39057,7.91254],[-11.38729,7.9078],[-11.384,7.90816],[-11.38473,7.9151],[-11.38875,7.92094],[-11.39021,7.92605],[-11.39021,7.93627],[-11.36867,7.94321],[-11.35954,7.95525],[-11.3537,7.96036],[-11.35735,7.96146],[-11.36064,7.96547],[-11.36027,7.97095],[-11.36319,7.97496],[-11.36685,7.99321],[-11.37269,7.99723],[-11.3778,7.99942],[-11.38291,8.00344],[-11.38765,8.00891],[-11.38747,8.01658],[-11.38491,8.02205],[-11.37761,8.02607],[-11.36995,8.02424],[-11.33783,8.02169],[-11.336,8.02424],[-11.33637,8.03227],[-11.33491,8.03884],[-11.33819,8.04432],[-11.33637,8.05162],[-11.33637,8.06001],[-11.33527,8.06695],[-11.33491,8.07535],[-11.33454,8.09433],[-11.3371,8.0998],[-11.34111,8.11404],[-11.34348,8.11842],[-11.34239,8.12353],[-11.34567,8.12864],[-11.35735,8.12791],[-11.36904,8.1312],[-11.38473,8.13375],[-11.39897,8.13302],[-11.40335,8.1374],[-11.40152,8.14543],[-11.40262,8.14799],[-11.39933,8.15456],[-11.40371,8.16295],[-11.39605,8.17208],[-11.38729,8.17865],[-11.38291,8.18668],[-11.38218,8.19435],[-11.38583,8.1969],[-11.38948,8.19836],[-11.3913,8.20968],[-11.39349,8.21077],[-11.39897,8.21114],[-11.40152,8.21588],[-11.40006,8.22172],[-11.40025,8.22829],[-11.40645,8.23121],[-11.41229,8.23267],[-11.41704,8.23559],[-11.42251,8.23596],[-11.42726,8.23705],[-11.4331,8.23705],[-11.43784,8.23596],[-11.44076,8.24216],[-11.44478,8.24691],[-11.4466,8.25092],[-11.46157,8.26808],[-11.46522,8.2783],[-11.46887,8.28633],[-11.4696,8.29801],[-11.46851,8.31407],[-11.478,8.32795],[-11.49059,8.34145],[-11.50045,8.35021],[-11.50738,8.35094],[-11.52563,8.35496],[-11.54206,8.36481],[-11.54644,8.37029],[-11.55009,8.3816],[-11.5541,8.39767],[-11.55337,8.41628],[-11.55374,8.43052],[-11.55629,8.43453],[-11.56195,8.44621],[-11.56998,8.45388],[-11.58495,8.46191],[-11.59006,8.46775],[-11.59006,8.48235],[-11.59226,8.48878],[-11.60162,8.48507],[-11.61139,8.4801],[-11.62436,8.47548],[-11.62978,8.47494],[-11.63475,8.4753],[-11.64061,8.47423],[-11.64719,8.47423],[-11.65323,8.47334],[-11.67064,8.47317],[-11.68157,8.47139],[-11.68619,8.47121],[-11.69969,8.47459],[-11.70413,8.47459],[-11.71035,8.47601],[-11.71977,8.47921],[-11.72616,8.48276],[-11.72936,8.48347],[-11.73185,8.47867],[-11.73283,8.47317],[-11.73087,8.47121],[-11.73034,8.4689],[-11.72892,8.46695],[-11.7298,8.46375],[-11.72856,8.46055],[-11.72696,8.45895],[-11.72678,8.45202],[-11.72838,8.4506],[-11.73034,8.45025],[-11.73158,8.44847],[-11.73052,8.44776],[-11.73016,8.44652],[-11.7314,8.44527],[-11.73105,8.44421],[-11.73247,8.4419],[-11.733,8.43959],[-11.7346,8.43941],[-11.73762,8.44048],[-11.73887,8.43888],[-11.73851,8.43692],[-11.73691,8.43461],[-11.73922,8.43106],[-11.7394,8.42804],[-11.741,8.42218],[-11.74659,8.42182],[-11.74855,8.41969],[-11.75406,8.41276],[-11.75335,8.4108],[-11.75708,8.40352],[-11.75885,8.40281],[-11.75939,8.40601],[-11.76187,8.40476],[-11.76223,8.40103],[-11.76099,8.39908],[-11.76205,8.39659],[-11.76365,8.39695],[-11.76383,8.39943],[-11.76596,8.3989],[-11.76649,8.39624],[-11.76525,8.39464],[-11.76667,8.39268],[-11.77289,8.39393],[-11.78,8.39002],[-11.7816,8.39233],[-11.78444,8.38877],[-11.78675,8.38877],[-11.78835,8.38717],[-11.78906,8.38344],[-11.79137,8.38184],[-11.79528,8.38362],[-11.79652,8.38202],[-11.80318,8.38167],[-11.81331,8.37509],[-11.81633,8.37189],[-11.81811,8.36301],[-11.82077,8.35928],[-11.82326,8.35768],[-11.81846,8.33557],[-11.81879,8.33272],[-11.81762,8.33105],[-11.81043,8.33557],[-11.80541,8.3349],[-11.8029,8.33289],[-11.80273,8.33691],[-11.79637,8.34109],[-11.79118,8.34259],[-11.78767,8.33925],[-11.78801,8.3354],[-11.78533,8.33005],[-11.78416,8.32369],[-11.78349,8.31448],[-11.78081,8.30695],[-11.77964,8.30093],[-11.78156,8.2847],[-11.79093,8.2857],[-11.81018,8.28587],[-11.82641,8.28386],[-11.83276,8.28186],[-11.83762,8.28219],[-11.83979,8.28018],[-11.83996,8.27617],[-11.83912,8.27215],[-11.83728,8.26897],[-11.82624,8.26061],[-11.82172,8.25826],[-11.81603,8.25291],[-11.80574,8.24605],[-11.80407,8.24387],[-11.80507,8.23166],[-11.8044,8.22898],[-11.80139,8.22329],[-11.80181,8.20121],[-11.80298,8.18866],[-11.80482,8.18297],[-11.80566,8.17661],[-11.81051,8.17125],[-11.80817,8.16858],[-11.81051,8.16774],[-11.81051,8.16557],[-11.81252,8.16506],[-11.81252,8.16389],[-11.81419,8.16188],[-11.81436,8.16055],[-11.81603,8.15804],[-11.81628,8.15268],[-11.8203,8.15486],[-11.82415,8.15536],[-11.8459,8.15486],[-11.85761,8.15067],[-11.8746,8.1408],[-11.88229,8.13093],[-11.88547,8.12775],[-11.88982,8.11738],[-11.8925,8.11269],[-11.89819,8.10533],[-11.90128,8.0983],[-11.90764,8.07806],[-11.91634,8.06768],[-11.91651,8.06434],[-11.91333,8.05831],[-11.89869,8.04794],[-11.88865,8.03773],[-11.88179,8.0292],[-11.88279,8.02619],[-11.89166,8.01548],[-11.89367,8.00845],[-11.89334,8.00427],[-11.88999,7.99992],[-11.88212,7.99389],[-11.88463,7.99372],[-11.88714,7.99188],[-11.89066,7.99138],[-11.89367,7.98887],[-11.89785,7.99105],[-11.90404,7.9964],[-11.90906,7.99891],[-11.91191,8.00125],[-11.92789,8.00276],[-11.94144,8.00611],[-11.94596,8.0056],[-11.95901,8.00644],[-11.96662,8.00929],[-11.98218,8.01246],[-11.99155,8.01347],[-12.00912,8.0138],[-12.01389,8.0123],[-12.01808,8.00945],[-12.02243,8.00159],[-12.03682,7.98502],[-12.04585,7.97883],[-12.05556,7.97365],[-12.06066,7.97214],[-12.06434,7.97231],[-12.06685,7.97733],[-12.07622,7.97733],[-12.07873,7.97867],[-12.08241,7.97867],[-12.09094,7.98017],[-12.09613,7.97816],[-12.10031,7.97833],[-12.10316,7.97682],[-12.11203,7.97682],[-12.11554,7.97616],[-12.11705,7.97465],[-12.11989,7.97465],[-12.12207,7.97632],[-12.12592,7.97666],[-12.12943,7.97448],[-12.13018,7.97197],[-12.13186,7.97013],[-12.13286,7.96628],[-12.13453,7.96561],[-12.13688,7.96612],[-12.13838,7.96177],[-12.14164,7.95608],[-12.14081,7.95306],[-12.14114,7.94637],[-12.13913,7.94403],[-12.13662,7.94303],[-12.13529,7.93934],[-12.13529,7.93232],[-12.13294,7.92328],[-12.13328,7.91943],[-12.13512,7.91408],[-12.1357,7.90956],[-12.13386,7.90404],[-12.13738,7.89634],[-12.13821,7.89199],[-12.13771,7.88413],[-12.1357,7.8766],[-12.13872,7.87175],[-12.14491,7.86438],[-12.14666,7.86087],[-12.147,7.85552],[-12.14449,7.85033],[-12.14198,7.84782],[-12.13813,7.84598],[-12.13579,7.8433],[-12.13495,7.83895],[-12.13713,7.82841],[-12.1383,7.8259],[-12.13913,7.81586],[-12.13654,7.80967],[-12.13704,7.79929],[-12.13453,7.79879],[-12.13286,7.79762],[-12.12985,7.79361],[-12.12935,7.79126],[-12.12968,7.78925],[-12.13721,7.78658],[-12.13738,7.78424],[-12.13286,7.77754],[-12.13353,7.77302],[-12.13621,7.76867],[-12.13696,7.76516],[-12.13595,7.76299],[-12.12357,7.75127],[-12.12307,7.74793],[-12.12357,7.74592],[-12.12257,7.74324],[-12.12073,7.7414],[-12.11788,7.73421],[-12.11454,7.72969],[-12.11253,7.72383],[-12.10918,7.71982],[-12.10843,7.7158],[-12.10793,7.70978],[-12.11178,7.70409],[-12.11596,7.69438],[-12.11747,7.68869],[-12.1173,7.68719],[-12.10805,7.67916],[-12.1037,7.67907],[-12.0848,7.6894],[-12.07985,7.69085],[-12.06625,7.69158],[-12.05476,7.69071],[-12.05011,7.69144],[-12.04385,7.68693],[-12.03382,7.67631],[-12.02974,7.66729],[-12.02422,7.65958],[-12.02175,7.65755],[-12.01462,7.65958],[-12.01302,7.66133],[-12.01084,7.66642],[-12.00909,7.66816],[-12.00415,7.66875],[-12.00211,7.66787],[-11.99959,7.66149],[-11.99314,7.66232],[-11.98995,7.66163],[-11.98781,7.65965],[-11.98573,7.65274],[-11.98275,7.65124],[-11.97973,7.65086],[-11.97699,7.65174],[-11.97441,7.65537],[-11.97359,7.65468],[-11.97151,7.65049],[-11.97165,7.64635],[-11.97571,7.63747],[-11.98124,7.63544],[-11.98691,7.63675],[-11.99244,7.63922],[-11.99636,7.6398],[-12.00044,7.63893],[-12.00567,7.63326],[-12.00684,7.63006],[-12.00611,7.62613],[-12.00182,7.61319],[-12.00109,7.60897],[-11.99876,7.60402],[-11.99746,7.59515],[-11.99295,7.59544],[-11.97215,7.6014],[-11.96429,7.603],[-11.95411,7.60417],[-11.95193,7.60286],[-11.95382,7.59966],[-11.96269,7.59515],[-11.9656,7.59064],[-11.96866,7.58802],[-11.97157,7.58366],[-11.97418,7.57697],[-11.984,7.56533],[-11.9872,7.55966],[-11.98938,7.55268],[-11.98647,7.54599],[-11.98153,7.53959],[-11.97426,7.5361],[-11.96655,7.53086],[-11.956,7.52955],[-11.95309,7.52955],[-11.95004,7.53057],[-11.94713,7.52941],[-11.93855,7.53086],[-11.92517,7.53101],[-11.91921,7.53464],[-11.91644,7.53552],[-11.91106,7.53319],[-11.90422,7.52897],[-11.89855,7.52475],[-11.89462,7.51923],[-11.87935,7.51006],[-11.88292,7.50555],[-11.89019,7.49959],[-11.89252,7.49639],[-11.89601,7.4945],[-11.89993,7.49101],[-11.89485,7.48486],[-11.8854,7.48075],[-11.88012,7.48075],[-11.86956,7.48319],[-11.86225,7.48725],[-11.86022,7.49294],[-11.85738,7.50715],[-11.85982,7.51284],[-11.86713,7.52056],[-11.87159,7.52909],[-11.86631,7.53559],[-11.86225,7.53884],[-11.85738,7.53965],[-11.84885,7.53356],[-11.846,7.5299],[-11.84194,7.52949],[-11.83748,7.53031],[-11.83341,7.52828],[-11.82366,7.52828],[-11.82163,7.53071],[-11.82407,7.53843],[-11.82854,7.5433],[-11.84113,7.55224],[-11.84804,7.56118],[-11.83971,7.57377],[-11.83646,7.57702],[-11.83077,7.58067],[-11.82671,7.58474],[-11.81981,7.58474],[-11.81331,7.58392],[-11.80721,7.58514],[-11.80315,7.59123],[-11.79787,7.59408],[-11.79219,7.58555],[-11.76903,7.6022],[-11.75522,7.62739],[-11.75075,7.63429],[-11.74629,7.63754],[-11.74629,7.64079],[-11.74466,7.64566],[-11.7406,7.65257],[-11.74344,7.65704],[-11.74304,7.66313],[-11.73816,7.66475],[-11.73248,7.6676],[-11.71907,7.66597],[-11.71907,7.65663],[-11.72232,7.64729],[-11.7211,7.6416],[-11.71542,7.63429],[-11.72273,7.62535],[-11.72679,7.61804],[-11.72963,7.60789],[-11.74182,7.58636],[-11.74019,7.57824],[-11.72557,7.55833],[-11.72192,7.5498],[-11.71542,7.54818],[-11.71826,7.5559],[-11.71582,7.55752],[-11.71582,7.56077],[-11.71054,7.5624],[-11.71054,7.56483],[-11.70932,7.56849],[-11.70242,7.57255],[-11.69795,7.57702],[-11.69389,7.58311],[-11.69348,7.59327],[-11.69389,7.59814],[-11.69064,7.6022],[-11.6878,7.60829],[-11.67967,7.61845],[-11.6752,7.6286],[-11.66871,7.63307],[-11.65002,7.63307],[-11.64718,7.6347],[-11.62727,7.6351],[-11.61509,7.63713],[-11.60778,7.63185],[-11.6025,7.62617],[-11.5964,7.62535],[-11.58787,7.62576],[-11.58138,7.62779],[-11.57244,7.63998],[-11.57,7.64932],[-11.5631,7.66272],[-11.55782,7.66882],[-11.54563,7.67653],[-11.53182,7.67694],[-11.51557,7.67166],[-11.51139,7.66926]]]]}},{"type":"Feature","properties":{"level":"ADM2","name":"Kambia"},"geometry":{"type":"MultiPolygon","coordinates":[[[[-13.26358,8.85189],[-13.26383,8.85439],[-13.26625,8.85556],[-13.27091,8.85589],[-13.27266,8.85539],[-13.27016,8.85364],[-13.27116,8.85156],[-13.27341,8.85098],[-13.27332,8.84998],[-13.27249,8.85064],[-13.26491,8.85164],[-13.26725,8.84948],[-13.26658,8.84915],[-13.26358,8.85189]]],[[[-13.27324,8.87321],[-13.27466,8.87688],[-13.27599,8.87663],[-13.27616,8.87555],[-13.27907,8.87421],[-13.27899,8.87238],[-13.27666,8.87213],[-13.27666,8.86888],[-13.27524,8.86713],[-13.27616,8.86638],[-13.27907,8.86613],[-13.27874,8.86497],[-13.27724,8.8638],[-13.27149,8.86522],[-13.26974,8.8668],[-13.27324,8.87321]]],[[[-13.23726,8.88621],[-13.23693,8.8872],[-13.2401,8.88787],[-13.24051,8.8872],[-13.23985,8.88646],[-13.23726,8.88621]]],[[[-13.2346,8.88754],[-13.23452,8.88862],[-13.23527,8.88845],[-13.2351,8.88704],[-13.2346,8.88754]]],[[[-13.24459,8.88912],[-13.24468,8.88837],[-13.24276,8.88762],[-13.24168,8.8882],[-13.24459,8.88912]]],[[[-13.23418,8.88904],[-13.23385,8.8902],[-13.23651,8.8927],[-13.2371,8.89187],[-13.23502,8.88912],[-13.23418,8.88904]]],[[[-13.25725,8.89337],[-13.25908,8.89387],[-13.26067,8.89303],[-13.26067,8.8917],[-13.25767,8.8917],[-13.262,8.8902],[-13.26,8.88829],[-13.25983,8.8872],[-13.26117,8.88637],[-13.25892,8.88446],[-13.26,8.88279],[-13.25858,8.88088],[-13.25883,8.87946],[-13.25783,8.87804],[-13.258,8.87405],[-13.25733,8.87255],[-13.2555,8.87221],[-13.254,8.87271],[-13.25259,8.87421],[-13.25184,8.87413],[-13.25517,8.87055],[-13.25042,8.8683],[-13.24667,8.86972],[-13.2386,8.87505],[-13.23576,8.88029],[-13.23943,8.88454],[-13.24043,8.88471],[-13.24076,8.88387],[-13.23901,8.88179],[-13.23993,8.88029],[-13.23843,8.87879],[-13.23901,8.87846],[-13.24334,8.87971],[-13.24526,8.87954],[-13.24626,8.87879],[-13.24926,8.88096],[-13.2535,8.8902],[-13.25725,8.89337]]],[[[-13.26683,8.89195],[-13.26625,8.89587],[-13.2665,8.89645],[-13.26833,8.89628],[-13.26991,8.89312],[-13.26899,8.8922],[-13.26683,8.89195]]],[[[-13.27291,8.89612],[-13.27266,8.89687],[-13.27416,8.89728],[-13.27474,8.89595],[-13.27341,8.89562],[-13.27291,8.89612]]],[[[-13.24509,8.8952],[-13.24593,8.89637],[-13.24534,8.89803],[-13.24593,8.89845],[-13.24776,8.89845],[-13.24842,8.8967],[-13.24576,8.89303],[-13.23893,8.88837],[-13.23818,8.88854],[-13.23826,8.88987],[-13.24201,8.89487],[-13.24509,8.8952]]],[[[-13.19504,8.89803],[-13.18763,8.9007],[-13.18588,8.9022],[-13.18613,8.90319],[-13.19379,8.90128],[-13.19621,8.89961],[-13.19729,8.89745],[-13.19504,8.89803]]],[[[-13.26958,8.90245],[-13.27366,8.90594],[-13.27799,8.90494],[-13.27641,8.90361],[-13.27682,8.9022],[-13.27599,8.90136],[-13.27382,8.90203],[-13.26983,8.9017],[-13.26958,8.90245]]],[[[-13.1569,8.90394],[-13.15648,8.90553],[-13.15706,8.90603],[-13.16015,8.90519],[-13.16323,8.90336],[-13.16498,8.90328],[-13.16356,8.90228],[-13.15973,8.90195],[-13.15731,8.90278],[-13.1569,8.90394]]],[[[-13.19587,8.90694],[-13.20329,8.91294],[-13.20645,8.91352],[-13.20279,8.90653],[-13.20045,8.90569],[-13.19587,8.90694]]],[[[-13.21536,8.9161],[-13.21578,8.91727],[-13.21694,8.91735],[-13.21686,8.91594],[-13.22019,8.91627],[-13.22277,8.91569],[-13.23027,8.91227],[-13.2311,8.91286],[-13.2311,8.91427],[-13.23185,8.91502],[-13.23343,8.91352],[-13.2341,8.90986],[-13.23468,8.91102],[-13.23402,8.9136],[-13.23543,8.91394],[-13.2361,8.91077],[-13.23751,8.90894],[-13.23835,8.90611],[-13.24026,8.90511],[-13.2396,8.89895],[-13.23127,8.88962],[-13.22685,8.88687],[-13.23127,8.88621],[-13.23343,8.88737],[-13.23318,8.88387],[-13.23518,8.88312],[-13.23343,8.88237],[-13.22902,8.88454],[-13.22227,8.88604],[-13.22211,8.88737],[-13.22052,8.88862],[-13.21245,8.89095],[-13.19821,8.8967],[-13.19796,8.9007],[-13.19962,8.90111],[-13.20653,8.90544],[-13.20862,8.90778],[-13.21195,8.91394],[-13.21353,8.91577],[-13.21536,8.9161]]],[[[-13.2276,8.92468],[-13.23185,8.92551],[-13.23393,8.9256],[-13.23468,8.92501],[-13.22835,8.92385],[-13.2276,8.92468]]],[[[-13.14366,8.8982],[-13.14066,8.89911],[-13.13799,8.90261],[-13.13699,8.90553],[-13.13466,8.90827],[-13.12184,8.91852],[-13.11751,8.92643],[-13.12042,8.92668],[-13.12817,8.9256],[-13.13649,8.9216],[-13.13766,8.91985],[-13.14157,8.90919],[-13.14757,8.90003],[-13.14849,8.89995],[-13.1484,8.89903],[-13.14582,8.89786],[-13.14366,8.8982]]],[[[-12.43813,9.25923],[-12.4402,9.27119],[-12.43947,9.27488],[-12.4343,9.28226],[-12.43062,9.28594],[-12.4332,9.29996],[-12.43246,9.30807],[-12.42877,9.31397],[-12.42435,9.31471],[-12.42435,9.30881],[-12.42287,9.30364],[-12.41623,9.29996],[-12.41033,9.28963],[-12.40296,9.28521],[-12.39706,9.28521],[-12.39042,9.28742],[-12.38747,9.29406],[-12.39116,9.30143],[-12.4037,9.30881],[-12.4096,9.31471],[-12.41255,9.32134],[-12.41328,9.33167],[-12.4037,9.33904],[-12.39927,9.35158],[-12.39485,9.35896],[-12.38821,9.36412],[-12.38231,9.35969],[-12.38083,9.35306],[-12.37862,9.35084],[-12.37198,9.35084],[-12.36608,9.35453],[-12.36977,9.36486],[-12.37641,9.37518],[-12.37567,9.38329],[-12.36977,9.39878],[-12.37493,9.40689],[-12.38157,9.41206],[-12.3919,9.41427],[-12.40075,9.41279],[-12.40517,9.41869],[-12.39853,9.43197],[-12.40001,9.44008],[-12.40812,9.45041],[-12.41623,9.45926],[-12.41845,9.48507],[-12.42324,9.49244],[-12.43504,9.49687],[-12.44832,9.50351],[-12.45864,9.51014],[-12.46749,9.51383],[-12.48667,9.53006],[-12.49183,9.53596],[-12.50283,9.54475],[-12.51604,9.55385],[-12.52529,9.55884],[-12.52866,9.5593],[-12.53499,9.56155],[-12.53676,9.56337],[-12.53829,9.56398],[-12.54567,9.57726],[-12.54935,9.58095],[-12.55378,9.58168],[-12.56042,9.58021],[-12.56927,9.58316],[-12.57295,9.58611],[-12.57959,9.58685],[-12.57959,9.59275],[-12.58549,9.59938],[-12.58726,9.59938],[-12.58746,9.60086],[-12.59079,9.60019],[-12.59762,9.60019],[-12.60003,9.60252],[-12.6,9.60159],[-12.60012,9.60252],[-12.61219,9.6081],[-12.61702,9.60486],[-12.61684,9.60012],[-12.61786,9.59444],[-12.6221,9.5907],[-12.62539,9.57558],[-12.62747,9.57092],[-12.63297,9.56725],[-12.63339,9.56317],[-12.62906,9.55443],[-12.62772,9.54993],[-12.6307,9.54712],[-12.63297,9.54718],[-12.63489,9.54893],[-12.63963,9.55001],[-12.64781,9.54554],[-12.65213,9.54127],[-12.655,9.53673],[-12.65371,9.53227],[-12.64781,9.52711],[-12.64434,9.51982],[-12.6455,9.51116],[-12.65519,9.49687],[-12.65954,9.49172],[-12.66645,9.47964],[-12.67028,9.47656],[-12.66772,9.47032],[-12.66945,9.4674],[-12.67311,9.46548],[-12.67046,9.46287],[-12.6732,9.46548],[-12.67694,9.46165],[-12.67805,9.45188],[-12.67761,9.44899],[-12.67977,9.44683],[-12.68136,9.44316],[-12.67486,9.43767],[-12.67861,9.43434],[-12.68386,9.43092],[-12.67911,9.42068],[-12.68369,9.41826],[-12.68319,9.4106],[-12.6839,9.40851],[-12.6846,9.40744],[-12.6876,9.40977],[-12.68952,9.41393],[-12.69302,9.4176],[-12.69944,9.41648],[-12.70597,9.41131],[-12.70888,9.40673],[-12.70938,9.39882],[-12.70663,9.39399],[-12.70607,9.39141],[-12.70705,9.38932],[-12.71071,9.38974],[-12.71513,9.39449],[-12.71889,9.39589],[-12.7223,9.39657],[-12.72508,9.39486],[-12.73115,9.39436],[-12.7394,9.39978],[-12.74881,9.40027],[-12.7509,9.39486],[-12.75564,9.38903],[-12.75512,9.38108],[-12.75586,9.37371],[-12.75315,9.36879],[-12.75217,9.36525],[-12.75373,9.3638],[-12.7534,9.35922],[-12.75106,9.35705],[-12.74774,9.35658],[-12.74648,9.35389],[-12.74773,9.34456],[-12.75073,9.3414],[-12.76102,9.33831],[-12.76312,9.33947],[-12.77263,9.34231],[-12.77455,9.34123],[-12.77455,9.33881],[-12.77205,9.33698],[-12.77134,9.33167],[-12.77713,9.32307],[-12.77798,9.31987],[-12.78263,9.31566],[-12.78683,9.31323],[-12.78538,9.30875],[-12.78321,9.30542],[-12.78318,9.30314],[-12.78779,9.29851],[-12.79554,9.29767],[-12.80078,9.29617],[-12.80736,9.2876],[-12.80896,9.28447],[-12.82302,9.29376],[-12.83384,9.2876],[-12.83568,9.28893],[-12.83984,9.28884],[-12.84288,9.28742],[-12.84492,9.28418],[-12.84534,9.28027],[-12.84731,9.27783],[-12.84933,9.28268],[-12.85283,9.28551],[-12.8555,9.28926],[-12.86058,9.29226],[-12.86501,9.28742],[-12.87164,9.28816],[-12.87902,9.29184],[-12.88639,9.28447],[-12.8876,9.28122],[-12.88492,9.27857],[-12.88336,9.27348],[-12.88861,9.27046],[-12.89306,9.27136],[-12.89589,9.27119],[-12.89964,9.26861],[-12.90778,9.25866],[-12.90938,9.26444],[-12.91338,9.26394],[-12.91488,9.26719],[-12.91811,9.26898],[-12.91492,9.2694],[-12.91425,9.27248],[-12.91737,9.27709],[-12.92133,9.28172],[-12.92441,9.28131],[-12.93083,9.28614],[-12.94213,9.28885],[-12.94757,9.28356],[-12.95414,9.27931],[-12.95129,9.26972],[-12.94944,9.26563],[-12.94964,9.25754],[-12.95698,9.24658],[-12.96009,9.2393],[-12.95713,9.23795],[-12.96007,9.23928],[-12.96222,9.23429],[-12.95753,9.22633],[-12.95505,9.22047],[-12.95476,9.21453],[-12.95609,9.18417],[-12.95768,9.18222],[-12.95437,9.18058],[-12.9577,9.18222],[-12.97079,9.17349],[-12.97564,9.16735],[-12.98053,9.15804],[-12.99041,9.14168],[-12.99074,9.13835],[-12.98958,9.13443],[-12.99574,9.1281],[-12.99891,9.12327],[-13.01454,9.11358],[-13.03055,9.10154],[-13.04238,9.09419],[-13.05202,9.08544],[-13.05331,9.08487],[-13.06184,9.08487],[-13.07293,9.08288],[-13.08403,9.07719],[-13.09142,9.06225],[-13.09356,9.05482],[-13.09916,9.05068],[-13.10875,9.04994],[-13.12866,9.05215],[-13.1358,9.0513],[-13.14277,9.05216],[-13.1486,9.06183],[-13.15585,9.06894],[-13.16111,9.07207],[-13.16701,9.07723],[-13.17516,9.09354],[-13.17818,9.09795],[-13.18757,9.09724],[-13.19482,9.09582],[-13.1998,9.09767],[-13.20691,9.09383],[-13.22085,9.08771],[-13.23095,9.0843],[-13.24005,9.0796],[-13.24331,9.07873],[-13.25846,9.07207],[-13.27039,9.0678],[-13.2836,9.0642],[-13.28995,9.06193],[-13.29319,9.06005],[-13.29718,9.05714],[-13.30759,9.04748],[-13.30901,9.04465],[-13.30893,9.04298],[-13.3036,9.03524],[-13.29927,9.02724],[-13.29398,9.01512],[-13.29223,9.01238],[-13.29023,9.00613],[-13.28403,8.99535],[-13.28436,8.99468],[-13.28661,8.99659],[-13.28786,8.99643],[-13.29152,8.9896],[-13.29219,8.99002],[-13.29327,8.98943],[-13.2936,8.98585],[-13.29552,8.98194],[-13.29398,8.97923],[-13.29414,8.97756],[-13.29548,8.97673],[-13.29623,8.97473],[-13.29548,8.96674],[-13.29681,8.96307],[-13.29606,8.96124],[-13.29664,8.95874],[-13.29602,8.95612],[-13.29477,8.95379],[-13.29052,8.95146],[-13.28727,8.95279],[-13.28236,8.95162],[-13.2807,8.95054],[-13.27387,8.94846],[-13.27128,8.94812],[-13.26754,8.94896],[-13.262,8.95166],[-13.2605,8.95383],[-13.25942,8.95708],[-13.25838,8.97403],[-13.25663,8.97502],[-13.25554,8.97477],[-13.25429,8.97269],[-13.25313,8.96828],[-13.25396,8.95462],[-13.25296,8.95337],[-13.24971,8.95304],[-13.24863,8.95187],[-13.24563,8.95146],[-13.24505,8.95021],[-13.24513,8.94787],[-13.24976,8.94309],[-13.24926,8.9425],[-13.2391,8.94467],[-13.23793,8.94617],[-13.23793,8.95391],[-13.23518,8.96024],[-13.23435,8.96033],[-13.23268,8.95924],[-13.23177,8.95416],[-13.23202,8.95191],[-13.23077,8.94933],[-13.23077,8.94792],[-13.2271,8.94409],[-13.22544,8.94375],[-13.22102,8.93809],[-13.21553,8.93443],[-13.20458,8.92464],[-13.19666,8.91273],[-13.19258,8.91106],[-13.18992,8.91098],[-13.18267,8.90848],[-13.17097,8.90861],[-13.16114,8.90744],[-13.15756,8.90852],[-13.15273,8.91344],[-13.14849,8.91602],[-13.14682,8.91627],[-13.14103,8.92264],[-13.1407,8.92331],[-13.14137,8.92381],[-13.13753,8.92597],[-13.13645,8.9278],[-13.13121,8.9308],[-13.12521,8.93247],[-13.11981,8.93313],[-13.11731,8.931],[-13.1055,8.93125],[-13.09447,8.92987],[-13.08479,8.92773],[-13.08581,8.92419],[-13.09235,8.9241],[-13.09843,8.92493],[-13.10735,8.92835],[-13.10918,8.92801],[-13.11692,8.92168],[-13.12188,8.91431],[-13.12388,8.91248],[-13.12812,8.91065],[-13.13937,8.89741],[-13.14632,8.89378],[-13.14832,8.89212],[-13.15773,8.89145],[-13.15898,8.89228],[-13.16589,8.89412],[-13.17897,8.89603],[-13.17997,8.89553],[-13.1793,8.89104],[-13.1863,8.89287],[-13.19337,8.89312],[-13.19912,8.89104],[-13.19995,8.8897],[-13.19821,8.88687],[-13.19596,8.88554],[-13.18755,8.88421],[-13.18521,8.88321],[-13.16889,8.87396],[-13.16548,8.87188],[-13.16181,8.86855],[-13.15423,8.86047],[-13.146,8.85303],[-13.13567,8.84934],[-13.1283,8.8486],[-13.11723,8.84639],[-13.09732,8.84639],[-13.08404,8.84787],[-13.07446,8.84492],[-13.05602,8.84492],[-13.04643,8.84787],[-13.01988,8.85229],[-13.01398,8.85524],[-12.99776,8.85303],[-12.96309,8.8368],[-12.95351,8.83754],[-12.93949,8.84197],[-12.93212,8.84344],[-12.92179,8.84418],[-12.91294,8.84787],[-12.91368,8.85819],[-12.91405,8.89285],[-12.9229,8.90244],[-12.93101,8.91424],[-12.92511,8.91867],[-12.92069,8.9253],[-12.91184,8.92752],[-12.90741,8.9312],[-12.90446,8.93563],[-12.89635,8.93932],[-12.89561,8.94448],[-12.88676,8.94522],[-12.8816,8.94669],[-12.87717,8.95112],[-12.86685,8.95112],[-12.86242,8.95259],[-12.86242,8.95923],[-12.86611,8.96734],[-12.86464,8.9725],[-12.86169,8.97545],[-12.86169,8.9843],[-12.85652,8.99463],[-12.84989,9.01675],[-12.84325,9.0138],[-12.83882,9.01454],[-12.83219,9.0197],[-12.82924,9.02487],[-12.82481,9.02782],[-12.81965,9.03003],[-12.81154,9.03224],[-12.80711,9.02708],[-12.80121,9.02192],[-12.79679,9.01602],[-12.78056,9.00422],[-12.78056,8.99979],[-12.77687,8.99979],[-12.77097,8.99463],[-12.76655,8.99315],[-12.76065,8.99389],[-12.75475,8.98652],[-12.74442,8.98209],[-12.74664,8.99242],[-12.75106,8.99684],[-12.7577,8.99979],[-12.75844,9.00717],[-12.75327,9.01159],[-12.74737,9.01528],[-12.74295,9.0197],[-12.73557,9.02265],[-12.73336,9.02634],[-12.72967,9.03372],[-12.73705,9.04552],[-12.72967,9.06174],[-12.71714,9.07354],[-12.71087,9.08387],[-12.70865,9.09198],[-12.69907,9.09935],[-12.69538,9.10747],[-12.67842,9.10747],[-12.66662,9.1082],[-12.66367,9.11337],[-12.66514,9.12295],[-12.66957,9.13254],[-12.66219,9.13254],[-12.65629,9.14508],[-12.65555,9.15172],[-12.6526,9.15909],[-12.65187,9.16647],[-12.65998,9.18417],[-12.66145,9.19228],[-12.6585,9.19892],[-12.65334,9.20261],[-12.64597,9.20924],[-12.6408,9.20998],[-12.63785,9.20629],[-12.6349,9.20408],[-12.63122,9.20556],[-12.62827,9.20924],[-12.62237,9.21219],[-12.61573,9.21957],[-12.61425,9.23211],[-12.61057,9.23358],[-12.60393,9.23358],[-12.60024,9.22768],[-12.60024,9.22178],[-12.59729,9.21588],[-12.58844,9.21957],[-12.57517,9.22326],[-12.56779,9.22326],[-12.56042,9.22694],[-12.55599,9.23063],[-12.56042,9.23801],[-12.5641,9.24759],[-12.56263,9.24981],[-12.55378,9.25128],[-12.5464,9.24907],[-12.54272,9.24391],[-12.54714,9.23579],[-12.55304,9.22989],[-12.54567,9.22547],[-12.53977,9.22473],[-12.53239,9.22768],[-12.53018,9.24169],[-12.52723,9.24833],[-12.52133,9.25497],[-12.51764,9.25792],[-12.52133,9.27193],[-12.51764,9.27267],[-12.51322,9.27046],[-12.50805,9.26013],[-12.50363,9.25349],[-12.50068,9.24612],[-12.4933,9.24907],[-12.49035,9.25349],[-12.48962,9.27341],[-12.48667,9.27267],[-12.4815,9.26677],[-12.47413,9.26603],[-12.46454,9.26898],[-12.45495,9.26529],[-12.44094,9.25202],[-12.43652,9.25276],[-12.43813,9.25923]]]]}},{"type":"Feature","properties":{"level":"ADM2","name":"Kailahun"},"geometry":{"type":"MultiPolygon","coordinates":[[[[-10.80489,7.61595],[-10.80367,7.61635],[-10.79318,7.61526],[-10.79121,7.61766],[-10.79077,7.62028],[-10.78762,7.62241],[-10.78378,7.62924],[-10.77866,7.63436],[-10.77567,7.6365],[-10.77482,7.64204],[-10.77567,7.65357],[-10.77183,7.65058],[-10.76799,7.64631],[-10.76244,7.65613],[-10.75604,7.65954],[-10.74708,7.66168],[-10.75092,7.66765],[-10.74238,7.67875],[-10.73854,7.68259],[-10.73427,7.68174],[-10.73257,7.68814],[-10.72659,7.68686],[-10.72702,7.69497],[-10.72467,7.69753],[-10.71699,7.7035],[-10.71955,7.70692],[-10.71443,7.70777],[-10.71571,7.71204],[-10.70931,7.71289],[-10.71016,7.71844],[-10.70589,7.72228],[-10.7076,7.72868],[-10.69821,7.73679],[-10.69522,7.73466],[-10.69522,7.73978],[-10.69053,7.73978],[-10.69095,7.74277],[-10.68925,7.74448],[-10.68498,7.74234],[-10.68071,7.74704],[-10.67858,7.75045],[-10.67474,7.74704],[-10.6726,7.74874],[-10.66919,7.74874],[-10.66961,7.75173],[-10.66492,7.75216],[-10.66108,7.75344],[-10.65766,7.76539],[-10.65425,7.76069],[-10.65041,7.76539],[-10.64486,7.76624],[-10.64358,7.77008],[-10.63632,7.76667],[-10.6295,7.76667],[-10.62395,7.77051],[-10.61541,7.77136],[-10.60688,7.77521],[-10.60581,7.81788],[-10.60623,8.01378],[-10.60495,8.04067],[-10.59685,8.04153],[-10.59258,8.04409],[-10.57508,8.04878],[-10.56441,8.06244],[-10.56142,8.0714],[-10.55459,8.08207],[-10.54734,8.08463],[-10.54606,8.08847],[-10.54264,8.09061],[-10.54264,8.09445],[-10.53624,8.10085],[-10.53453,8.10811],[-10.53155,8.10853],[-10.53005,8.11622],[-10.52322,8.12176],[-10.52706,8.12603],[-10.52365,8.12945],[-10.51597,8.13329],[-10.50786,8.13926],[-10.50487,8.14225],[-10.49932,8.14566],[-10.48438,8.14695],[-10.48396,8.15036],[-10.47628,8.15036],[-10.47414,8.15164],[-10.47329,8.15377],[-10.46262,8.15804],[-10.45579,8.15633],[-10.44853,8.1589],[-10.44341,8.15463],[-10.4417,8.15505],[-10.43616,8.1542],[-10.4336,8.15463],[-10.43018,8.15079],[-10.42591,8.14951],[-10.40201,8.15079],[-10.39732,8.14865],[-10.39604,8.15207],[-10.39305,8.15207],[-10.38878,8.15036],[-10.38707,8.15207],[-10.39092,8.15676],[-10.38836,8.15847],[-10.38622,8.16316],[-10.38451,8.16444],[-10.3811,8.16444],[-10.37897,8.167],[-10.37555,8.16572],[-10.37299,8.16658],[-10.37086,8.16274],[-10.36915,8.16103],[-10.36616,8.16103],[-10.36744,8.15932],[-10.35891,8.15335],[-10.35592,8.15292],[-10.3525,8.14993],[-10.3508,8.1542],[-10.34696,8.15548],[-10.3444,8.15762],[-10.34098,8.16274],[-10.33671,8.167],[-10.33586,8.17085],[-10.33244,8.17298],[-10.33116,8.17597],[-10.32818,8.17853],[-10.3269,8.18365],[-10.32391,8.18664],[-10.32007,8.18877],[-10.32049,8.19219],[-10.31879,8.19603],[-10.31452,8.19603],[-10.31025,8.19859],[-10.30257,8.19773],[-10.30001,8.20371],[-10.30044,8.20755],[-10.29915,8.2131],[-10.29638,8.2195],[-10.29681,8.22505],[-10.30278,8.23572],[-10.30364,8.24212],[-10.30876,8.24212],[-10.30876,8.24895],[-10.3062,8.25322],[-10.30961,8.25407],[-10.31089,8.25919],[-10.31089,8.26431],[-10.31345,8.26773],[-10.31601,8.27456],[-10.31687,8.27925],[-10.31943,8.28437],[-10.31516,8.28736],[-10.31473,8.29078],[-10.31046,8.29078],[-10.30065,8.29718],[-10.30193,8.29974],[-10.30278,8.30443],[-10.29894,8.30614],[-10.29766,8.30955],[-10.29766,8.31425],[-10.29638,8.31852],[-10.29723,8.32193],[-10.29425,8.32449],[-10.29681,8.32876],[-10.29425,8.33004],[-10.29403,8.33388],[-10.28891,8.33559],[-10.28934,8.34242],[-10.29275,8.34541],[-10.28934,8.35223],[-10.29446,8.35608],[-10.29361,8.36546],[-10.29062,8.36589],[-10.28934,8.36888],[-10.2872,8.37101],[-10.28592,8.37357],[-10.28934,8.38339],[-10.28635,8.38595],[-10.28635,8.38766],[-10.28422,8.3915],[-10.28123,8.39235],[-10.27824,8.39619],[-10.27952,8.40302],[-10.27824,8.40516],[-10.27952,8.40772],[-10.27568,8.40943],[-10.27525,8.41583],[-10.27355,8.42138],[-10.27867,8.42564],[-10.2808,8.43034],[-10.27568,8.43674],[-10.27056,8.44528],[-10.27312,8.44997],[-10.27568,8.45253],[-10.2744,8.45595],[-10.27739,8.46107],[-10.2808,8.46534],[-10.27653,8.46704],[-10.27483,8.47515],[-10.27568,8.4807],[-10.27781,8.48668],[-10.28166,8.48582],[-10.28422,8.4871],[-10.29019,8.49265],[-10.29318,8.49265],[-10.29617,8.48966],[-10.29659,8.49222],[-10.30214,8.49308],[-10.30214,8.49521],[-10.30598,8.49564],[-10.30726,8.49777],[-10.31537,8.49692],[-10.31537,8.50033],[-10.31708,8.50289],[-10.32092,8.50588],[-10.32434,8.50588],[-10.32604,8.50204],[-10.33629,8.49991],[-10.33885,8.4935],[-10.34482,8.4935],[-10.34952,8.49052],[-10.35763,8.48326],[-10.36019,8.48539],[-10.36445,8.4871],[-10.36915,8.48796],[-10.37299,8.49052],[-10.37939,8.4935],[-10.38323,8.49308],[-10.38537,8.4871],[-10.38622,8.48113],[-10.38964,8.47899],[-10.3939,8.46875],[-10.3939,8.45936],[-10.3971,8.45381],[-10.39924,8.44741],[-10.40351,8.44485],[-10.40735,8.44143],[-10.4129,8.44101],[-10.41716,8.43631],[-10.42357,8.42479],[-10.42869,8.41881],[-10.42997,8.41369],[-10.43466,8.40985],[-10.43722,8.40601],[-10.44704,8.39918],[-10.44875,8.39577],[-10.45216,8.39278],[-10.45771,8.39107],[-10.4624,8.39107],[-10.4624,8.38467],[-10.46923,8.38211],[-10.47692,8.37699],[-10.48076,8.37059],[-10.47734,8.36504],[-10.4846,8.35992],[-10.48588,8.35522],[-10.49783,8.34284],[-10.50466,8.33943],[-10.50935,8.3326],[-10.52408,8.32321],[-10.53133,8.31724],[-10.53773,8.31382],[-10.54115,8.30742],[-10.54968,8.30955],[-10.55651,8.30486],[-10.55993,8.30998],[-10.56334,8.31084],[-10.56633,8.30614],[-10.5706,8.3087],[-10.57316,8.31468],[-10.57316,8.31937],[-10.57572,8.32705],[-10.57913,8.33132],[-10.5881,8.33815],[-10.60175,8.33559],[-10.60346,8.33772],[-10.6073,8.34028],[-10.61072,8.34028],[-10.61626,8.33687],[-10.62309,8.33687],[-10.63206,8.33858],[-10.63974,8.34114],[-10.64017,8.34541],[-10.64401,8.34839],[-10.64998,8.35138],[-10.65468,8.34839],[-10.65937,8.35095],[-10.66193,8.34967],[-10.66577,8.34071],[-10.66876,8.3373],[-10.67346,8.33346],[-10.67431,8.3262],[-10.6773,8.3151],[-10.67986,8.31638],[-10.68284,8.3151],[-10.68455,8.30955],[-10.68711,8.29376],[-10.68498,8.28736],[-10.69095,8.28523],[-10.69522,8.28224],[-10.70205,8.28096],[-10.69906,8.2912],[-10.69693,8.29248],[-10.69906,8.29974],[-10.69783,8.30427],[-10.69437,8.30913],[-10.69821,8.31468],[-10.6965,8.31809],[-10.69138,8.32492],[-10.69095,8.32961],[-10.68669,8.33516],[-10.679,8.34967],[-10.67858,8.35906],[-10.679,8.37144],[-10.67516,8.37784],[-10.66791,8.3804],[-10.66407,8.38424],[-10.65852,8.38126],[-10.64785,8.38467],[-10.64785,8.38979],[-10.64059,8.39363],[-10.63974,8.39747],[-10.64486,8.41199],[-10.64443,8.41839],[-10.64614,8.42351],[-10.65126,8.42394],[-10.64657,8.4265],[-10.64358,8.43973],[-10.63974,8.44272],[-10.64273,8.44826],[-10.64102,8.4521],[-10.64319,8.45387],[-10.65049,8.4658],[-10.65778,8.46315],[-10.6611,8.45917],[-10.67303,8.45652],[-10.68132,8.45055],[-10.68928,8.44923],[-10.69657,8.44923],[-10.69856,8.44193],[-10.72442,8.4426],[-10.7284,8.4353],[-10.73067,8.42625],[-10.73636,8.42005],[-10.74299,8.41475],[-10.75426,8.41408],[-10.76686,8.41143],[-10.78078,8.41143],[-10.80465,8.40812],[-10.81327,8.41143],[-10.82256,8.41408],[-10.82985,8.41342],[-10.83847,8.41077],[-10.84842,8.40347],[-10.84444,8.39751],[-10.84444,8.39154],[-10.85505,8.3922],[-10.85644,8.38882],[-10.86409,8.38248],[-10.86431,8.37876],[-10.86605,8.37527],[-10.87337,8.37002],[-10.87425,8.36675],[-10.87097,8.35626],[-10.87272,8.34271],[-10.87119,8.33637],[-10.86835,8.33725],[-10.87359,8.32829],[-10.87774,8.32523],[-10.88211,8.31823],[-10.88998,8.3108],[-10.89293,8.30906],[-10.90014,8.30184],[-10.90342,8.29463],[-10.9067,8.29092],[-10.90626,8.28655],[-10.9032,8.28633],[-10.89905,8.28873],[-10.89686,8.28808],[-10.89424,8.28917],[-10.89118,8.28852],[-10.88834,8.28895],[-10.88332,8.29136],[-10.87982,8.28983],[-10.87698,8.29136],[-10.87239,8.29179],[-10.86889,8.2931],[-10.86649,8.2907],[-10.86562,8.28699],[-10.86387,8.28414],[-10.86234,8.28262],[-10.85862,8.28327],[-10.85709,8.2813],[-10.85775,8.27715],[-10.85731,8.27387],[-10.85513,8.27322],[-10.85709,8.26688],[-10.85906,8.26513],[-10.85819,8.26142],[-10.86059,8.25989],[-10.85775,8.25836],[-10.86452,8.25202],[-10.86616,8.24547],[-10.86573,8.2435],[-10.86966,8.23913],[-10.8725,8.23192],[-10.87075,8.22973],[-10.87381,8.22908],[-10.87053,8.22493],[-10.87512,8.22143],[-10.87403,8.21815],[-10.87556,8.21662],[-10.87403,8.21422],[-10.87534,8.2116],[-10.87753,8.21225],[-10.87971,8.21094],[-10.8819,8.2081],[-10.88386,8.20744],[-10.88408,8.20526],[-10.88627,8.20548],[-10.88845,8.20133],[-10.88714,8.1998],[-10.88714,8.19849],[-10.88517,8.19652],[-10.88561,8.19302],[-10.88889,8.19127],[-10.88801,8.18821],[-10.88976,8.18821],[-10.89086,8.18603],[-10.88998,8.18384],[-10.89096,8.1821],[-10.88943,8.18122],[-10.89096,8.17729],[-10.89271,8.1751],[-10.89053,8.17379],[-10.88834,8.17379],[-10.88725,8.17139],[-10.889,8.1703],[-10.88747,8.16811],[-10.89009,8.16614],[-10.88856,8.16461],[-10.889,8.16265],[-10.8914,8.16352],[-10.89249,8.16112],[-10.89533,8.15937],[-10.89643,8.15697],[-10.89861,8.15697],[-10.90036,8.15063],[-10.90014,8.14757],[-10.90408,8.14713],[-10.90582,8.14342],[-10.90735,8.14298],[-10.90451,8.13883],[-10.9067,8.13402],[-10.91369,8.12943],[-10.91478,8.12659],[-10.91719,8.12441],[-10.92178,8.1231],[-10.92494,8.11873],[-10.9291,8.11698],[-10.93325,8.11261],[-10.93543,8.10824],[-10.93871,8.10452],[-10.9374,8.1019],[-10.94046,8.10081],[-10.94221,8.09818],[-10.94505,8.09054],[-10.95073,8.08704],[-10.96034,8.08595],[-10.96362,8.08376],[-10.95707,8.07874],[-10.96187,8.07524],[-10.961,8.07109],[-10.95619,8.06956],[-10.95466,8.06803],[-10.96526,8.05514],[-10.96329,8.05361],[-10.96657,8.04443],[-10.96941,8.04006],[-10.96985,8.03656],[-10.97291,8.0335],[-10.97728,8.02214],[-10.98165,8.01427],[-10.98034,8.00881],[-10.987,7.99461],[-10.98766,7.99155],[-10.9905,7.98849],[-10.99422,7.97997],[-10.99837,7.97822],[-11.00449,7.96838],[-11.00602,7.96379],[-11.00951,7.96489],[-11.01148,7.9627],[-11.00984,7.96095],[-11.0094,7.95746],[-11.01574,7.95003],[-11.01683,7.94697],[-11.0153,7.94347],[-11.01749,7.93408],[-11.01705,7.92818],[-11.01989,7.92512],[-11.02339,7.92512],[-11.02448,7.92337],[-11.02208,7.91703],[-11.02273,7.91332],[-11.02645,7.91004],[-11.02699,7.90414],[-11.02852,7.89889],[-11.03377,7.8895],[-11.0401,7.88403],[-11.04295,7.8801],[-11.04295,7.87573],[-11.04032,7.87136],[-11.03683,7.87049],[-11.02983,7.87245],[-11.02765,7.87748],[-11.02525,7.8777],[-11.02219,7.87486],[-11.0117,7.85694],[-11.00733,7.84405],[-11.00459,7.84033],[-10.99935,7.82656],[-10.9952,7.81848],[-10.98165,7.79903],[-10.97466,7.79597],[-10.96876,7.79816],[-10.96417,7.80078],[-10.9598,7.79553],[-10.95521,7.78614],[-10.95204,7.77499],[-10.94483,7.76232],[-10.94308,7.76385],[-10.94068,7.76363],[-10.93696,7.75948],[-10.93565,7.76188],[-10.93325,7.76101],[-10.92997,7.75817],[-10.92866,7.75839],[-10.92866,7.76254],[-10.92582,7.76756],[-10.92298,7.76494],[-10.91992,7.76538],[-10.91795,7.7645],[-10.91555,7.7621],[-10.91314,7.76276],[-10.90877,7.76057],[-10.9079,7.75314],[-10.90834,7.74702],[-10.91424,7.74112],[-10.91817,7.73369],[-10.92429,7.72714],[-10.92779,7.71949],[-10.93161,7.70376],[-10.93139,7.68606],[-10.9268,7.68059],[-10.91806,7.67491],[-10.91282,7.65109],[-10.90757,7.65044],[-10.88976,7.65153],[-10.86682,7.64913],[-10.84301,7.64352],[-10.83743,7.64136],[-10.83338,7.63842],[-10.83076,7.6323],[-10.82683,7.62574],[-10.81656,7.61941],[-10.81044,7.61416],[-10.80489,7.61595]]]]}},{"type":"Feature","properties":{"level":"ADM2","name":"Koinadugu"},"geometry":{"type":"MultiPolygon","coordinates":[[[[-10.58741,9.04366],[-10.5802,9.04865],[-10.57892,9.0481],[-10.57856,9.05058],[-10.58213,9.05262],[-10.58341,9.05185],[-10.58928,9.05926],[-10.59336,9.06181],[-10.59617,9.06181],[-10.60281,9.0659],[-10.61276,9.06998],[-10.61736,9.07304],[-10.62144,9.07381],[-10.62732,9.07202],[-10.63344,9.07662],[-10.64468,9.083],[-10.65795,9.08275],[-10.66484,9.08019],[-10.6725,9.08402],[-10.67455,9.08249],[-10.67838,9.08479],[-10.68118,9.08555],[-10.68425,9.08351],[-10.68986,9.07534],[-10.69242,9.07534],[-10.69242,9.07738],[-10.6988,9.07764],[-10.6988,9.07432],[-10.70084,9.07279],[-10.70365,9.07407],[-10.70569,9.07381],[-10.70595,9.07049],[-10.70927,9.06615],[-10.71105,9.06181],[-10.7108,9.05747],[-10.71284,9.05441],[-10.71514,9.05288],[-10.7182,9.05211],[-10.72688,9.04828],[-10.73275,9.0516],[-10.74501,9.05568],[-10.7422,9.06258],[-10.73633,9.06973],[-10.73071,9.07304],[-10.7279,9.07815],[-10.72765,9.08632],[-10.72509,9.09296],[-10.72458,9.09602],[-10.72407,9.11287],[-10.72101,9.11695],[-10.71667,9.11951],[-10.71412,9.11925],[-10.71182,9.11823],[-10.7085,9.12129],[-10.70901,9.12487],[-10.71233,9.12563],[-10.7182,9.12538],[-10.71973,9.1287],[-10.71922,9.13457],[-10.71003,9.13431],[-10.70493,9.14963],[-10.69812,9.15911],[-10.69178,9.16061],[-10.6854,9.17031],[-10.67646,9.17669],[-10.67212,9.18078],[-10.66804,9.18614],[-10.66676,9.18895],[-10.66191,9.1915],[-10.65833,9.19482],[-10.65578,9.1989],[-10.65476,9.20248],[-10.65731,9.20886],[-10.65872,9.21626],[-10.65821,9.22086],[-10.65055,9.23592],[-10.65055,9.24103],[-10.64417,9.2469],[-10.64366,9.25047],[-10.64212,9.25354],[-10.64391,9.26349],[-10.64314,9.26707],[-10.64059,9.26988],[-10.63676,9.27013],[-10.63574,9.27677],[-10.64161,9.2806],[-10.64442,9.28111],[-10.64774,9.2829],[-10.64991,9.28596],[-10.65246,9.28775],[-10.65604,9.29311],[-10.65527,9.30051],[-10.65297,9.30434],[-10.65195,9.30919],[-10.66216,9.3194],[-10.67748,9.32834],[-10.6905,9.33472],[-10.69969,9.34136],[-10.70531,9.33574],[-10.71067,9.33983],[-10.71884,9.34161],[-10.72395,9.34136],[-10.72726,9.34212],[-10.73135,9.34442],[-10.73288,9.348],[-10.73186,9.35157],[-10.72777,9.35744],[-10.72178,9.37148],[-10.72509,9.37838],[-10.72994,9.38221],[-10.7348,9.38501],[-10.75088,9.38706],[-10.76543,9.39472],[-10.77054,9.39599],[-10.7879,9.40595],[-10.79351,9.41054],[-10.79862,9.41335],[-10.80296,9.41693],[-10.8073,9.41897],[-10.81419,9.42458],[-10.81981,9.4302],[-10.83091,9.43786],[-10.84062,9.44705],[-10.84444,9.4496],[-10.84572,9.45241],[-10.84444,9.46798],[-10.84521,9.47488],[-10.84904,9.48611],[-10.85415,9.48943],[-10.859,9.49454],[-10.85874,9.50066],[-10.85134,9.50373],[-10.84674,9.5073],[-10.84457,9.51011],[-10.84559,9.51649],[-10.84789,9.52083],[-10.85861,9.53053],[-10.8678,9.541],[-10.87317,9.54585],[-10.88133,9.55734],[-10.88567,9.56627],[-10.88185,9.57572],[-10.88082,9.58108],[-10.88759,9.58823],[-10.89295,9.58899],[-10.8978,9.59155],[-10.90163,9.59231],[-10.90699,9.59512],[-10.9098,9.59793],[-10.91363,9.60431],[-10.91644,9.61427],[-10.92282,9.62908],[-10.93201,9.63878],[-10.94248,9.64797],[-10.94554,9.65154],[-10.95409,9.65818],[-10.95767,9.66226],[-10.96941,9.67886],[-10.97452,9.68294],[-10.98013,9.68907],[-10.98396,9.69188],[-10.98907,9.69698],[-10.99162,9.69647],[-10.99264,9.69443],[-10.9952,9.69367],[-11.00081,9.69673],[-11.00337,9.69647],[-11.00464,9.69469],[-11.0072,9.69418],[-11.00822,9.6929],[-11.01179,9.69469],[-11.01383,9.69239],[-11.01588,9.69469],[-11.01741,9.69239],[-11.01996,9.69239],[-11.02175,9.69137],[-11.02404,9.6929],[-11.02941,9.69264],[-11.02838,9.69596],[-11.02915,9.69852],[-11.02571,9.71407],[-11.02111,9.71407],[-11.01996,9.71694],[-11.01882,9.72354],[-11.01709,9.72613],[-11.01566,9.73273],[-11.01135,9.73216],[-11.01192,9.73876],[-11.00905,9.74249],[-11.00618,9.74795],[-11.00991,9.75398],[-11.02427,9.7646],[-11.04437,9.78442],[-11.04782,9.79102],[-11.05072,9.79451],[-11.05608,9.80319],[-11.06183,9.80931],[-11.06515,9.81442],[-11.07306,9.82412],[-11.07842,9.82795],[-11.0848,9.83459],[-11.08812,9.8402],[-11.09808,9.84684],[-11.10344,9.84888],[-11.10982,9.84991],[-11.11595,9.85195],[-11.1208,9.85195],[-11.1282,9.85348],[-11.13867,9.85629],[-11.14174,9.86012],[-11.14429,9.86497],[-11.14863,9.86829],[-11.1545,9.87058],[-11.1568,9.87416],[-11.15565,9.88846],[-11.15565,9.90199],[-11.15795,9.91016],[-11.16127,9.91628],[-11.16229,9.92266],[-11.16127,9.93951],[-11.1605,9.94232],[-11.16075,9.94768],[-11.16229,9.9533],[-11.1665,9.95841],[-11.17033,9.96121],[-11.1762,9.96479],[-11.17875,9.96479],[-11.18488,9.96709],[-11.19739,9.97526],[-11.20147,9.98113],[-11.21118,9.98828],[-11.21603,9.99262],[-11.22049,9.99925],[-11.64556,9.99925],[-11.89549,9.99798],[-11.89782,9.99711],[-11.89695,9.99275],[-11.90069,9.98421],[-11.90282,9.97353],[-11.90549,9.96553],[-11.90549,9.96232],[-11.9087,9.95859],[-11.90816,9.95325],[-11.90923,9.94417],[-11.89962,9.93296],[-11.89588,9.92976],[-11.89962,9.92335],[-11.89215,9.91534],[-11.89749,9.91],[-11.89855,9.90466],[-11.90603,9.90253],[-11.90603,9.89612],[-11.90176,9.88811],[-11.89642,9.88544],[-11.88948,9.88598],[-11.88521,9.88277],[-11.88574,9.8769],[-11.89001,9.86302],[-11.88948,9.85501],[-11.89161,9.84594],[-11.89001,9.83633],[-11.89108,9.83419],[-11.88681,9.82672],[-11.88788,9.82084],[-11.88467,9.81497],[-11.88627,9.8091],[-11.88574,9.80483],[-11.88387,9.79842],[-11.88441,9.79362],[-11.88227,9.78934],[-11.88174,9.78507],[-11.87853,9.7808],[-11.8812,9.77653],[-11.87586,9.77066],[-11.878,9.75411],[-11.878,9.73916],[-11.87693,9.72741],[-11.87319,9.71407],[-11.878,9.71247],[-11.88174,9.70873],[-11.88323,9.70478],[-11.8828,9.70136],[-11.88836,9.70093],[-11.89434,9.6988],[-11.89903,9.70051],[-11.90544,9.6988],[-11.90758,9.70136],[-11.91227,9.70051],[-11.91398,9.70392],[-11.91783,9.70051],[-11.92124,9.69965],[-11.92381,9.69666],[-11.94901,9.69495],[-11.97719,9.68897],[-11.97976,9.68257],[-11.98873,9.68257],[-11.99342,9.68171],[-11.9994,9.67872],[-12.00666,9.67958],[-12.00453,9.67232],[-12.00666,9.66805],[-12.02076,9.66634],[-12.02418,9.67061],[-12.02717,9.67232],[-12.03016,9.66975],[-12.02588,9.66847],[-12.02631,9.66548],[-12.03144,9.66036],[-12.03528,9.65908],[-12.03955,9.66249],[-12.0434,9.66463],[-12.04895,9.65993],[-12.05322,9.65737],[-12.06176,9.65566],[-12.06817,9.65224],[-12.075,9.65011],[-12.08269,9.64584],[-12.08867,9.64413],[-12.0955,9.63815],[-12.09977,9.63345],[-12.10789,9.62662],[-12.1096,9.61978],[-12.11301,9.61551],[-12.11088,9.60868],[-12.11515,9.6027],[-12.11814,9.59971],[-12.13544,9.58989],[-12.13074,9.58732],[-12.12946,9.58177],[-12.12604,9.58262],[-12.12134,9.58006],[-12.11536,9.58391],[-12.1128,9.58134],[-12.10981,9.58049],[-12.10725,9.58348],[-12.10041,9.57793],[-12.09102,9.57494],[-12.09102,9.57964],[-12.08589,9.58092],[-12.08162,9.58006],[-12.07351,9.57494],[-12.07094,9.57536],[-12.07052,9.57793],[-12.06625,9.57536],[-12.06069,9.5681],[-12.06027,9.56298],[-12.0624,9.56084],[-12.06069,9.55401],[-12.0577,9.54675],[-12.05514,9.54846],[-12.05087,9.54461],[-12.04446,9.5476],[-12.03763,9.5476],[-12.03336,9.55102],[-12.02909,9.54888],[-12.02354,9.54248],[-12.01841,9.54077],[-11.99898,9.51728],[-11.99043,9.51215],[-11.96951,9.49464],[-11.96865,9.50147],[-11.96566,9.50617],[-11.96096,9.50703],[-11.96011,9.51258],[-11.96395,9.51258],[-11.96096,9.52112],[-11.95627,9.5224],[-11.95285,9.52625],[-11.94986,9.53351],[-11.94345,9.53052],[-11.94132,9.53351],[-11.93662,9.53351],[-11.93406,9.5365],[-11.91953,9.53949],[-11.91356,9.53778],[-11.89519,9.54077],[-11.88494,9.53863],[-11.88579,9.52924],[-11.88793,9.52667],[-11.88964,9.51386],[-11.88665,9.5113],[-11.88195,9.52069],[-11.87704,9.51899],[-11.87405,9.51642],[-11.87149,9.51215],[-11.86721,9.50831],[-11.86807,9.50446],[-11.87277,9.50489],[-11.87576,9.5019],[-11.87405,9.49635],[-11.88003,9.48781],[-11.87405,9.47243],[-11.87319,9.46645],[-11.86721,9.46218],[-11.86252,9.46261],[-11.85526,9.45065],[-11.84116,9.44638],[-11.8433,9.43869],[-11.84073,9.43143],[-11.83518,9.42716],[-11.83219,9.42032],[-11.81874,9.40324],[-11.81233,9.39769],[-11.81617,9.39043],[-11.81746,9.38402],[-11.82429,9.36523],[-11.82472,9.36053],[-11.81788,9.36096],[-11.81062,9.35455],[-11.80806,9.34686],[-11.84436,9.31696],[-11.84821,9.30885],[-11.84735,9.30116],[-11.84436,9.29177],[-11.84266,9.28194],[-11.83796,9.2734],[-11.8371,9.26614],[-11.84436,9.26614],[-11.85034,9.26528],[-11.85376,9.26827],[-11.86017,9.26785],[-11.86487,9.26657],[-11.86487,9.26144],[-11.85931,9.25973],[-11.85718,9.26144],[-11.85419,9.25973],[-11.85248,9.25333],[-11.85056,9.25034],[-11.84629,9.2529],[-11.84073,9.25333],[-11.83945,9.2482],[-11.83945,9.24094],[-11.83646,9.23368],[-11.83176,9.22941],[-11.82536,9.22813],[-11.82066,9.2324],[-11.80486,9.23325],[-11.80101,9.22983],[-11.79674,9.231],[-11.79714,9.23288],[-11.79643,9.24408],[-11.78666,9.24461],[-11.78168,9.24585],[-11.77795,9.24443],[-11.77067,9.24514],[-11.76445,9.2439],[-11.75113,9.24514],[-11.74899,9.25083],[-11.74828,9.25634],[-11.74633,9.26167],[-11.7426,9.26753],[-11.73194,9.27943],[-11.72394,9.28654],[-11.71772,9.29098],[-11.71346,9.28263],[-11.71275,9.27588],[-11.71328,9.26842],[-11.71302,9.25634],[-11.70911,9.22951],[-11.70955,9.20588],[-11.70813,9.20233],[-11.70991,9.19948],[-11.70973,9.19628],[-11.70582,9.19326],[-11.70777,9.18989],[-11.70742,9.18509],[-11.70795,9.17212],[-11.7092,9.16804],[-11.70813,9.16537],[-11.70866,9.16093],[-11.7084,9.15578],[-11.70964,9.1508],[-11.70769,9.14778],[-11.71035,9.14405],[-11.71088,9.13925],[-11.71373,9.13446],[-11.71284,9.12913],[-11.71426,9.12095],[-11.71728,9.11349],[-11.7052,9.10923],[-11.68805,9.10461],[-11.68326,9.10141],[-11.66922,9.0943],[-11.6527,9.07902],[-11.64737,9.06747],[-11.64586,9.05379],[-11.64159,9.05912],[-11.63999,9.06392],[-11.6288,9.07174],[-11.62169,9.07991],[-11.61299,9.08595],[-11.60961,9.09075],[-11.60624,9.09377],[-11.60428,9.0975],[-11.60002,9.10247],[-11.59282,9.10905],[-11.58891,9.11438],[-11.58643,9.11616],[-11.58163,9.11669],[-11.57683,9.12024],[-11.57879,9.12344],[-11.57772,9.12557],[-11.57967,9.13019],[-11.57754,9.13215],[-11.56972,9.13659],[-11.56422,9.15009],[-11.56226,9.15151],[-11.55995,9.15045],[-11.55764,9.14796],[-11.55551,9.14778],[-11.55391,9.14956],[-11.55178,9.1492],[-11.54716,9.15098],[-11.54236,9.15169],[-11.54219,9.15453],[-11.53694,9.15542],[-11.53392,9.15773],[-11.53055,9.16164],[-11.52735,9.16359],[-11.52415,9.16004],[-11.51989,9.16395],[-11.51331,9.16484],[-11.51118,9.16573],[-11.50976,9.16857],[-11.50461,9.17425],[-11.50265,9.1787],[-11.49999,9.17941],[-11.49466,9.1858],[-11.49182,9.18438],[-11.49075,9.18474],[-11.49022,9.18634],[-11.48791,9.18669],[-11.48613,9.18562],[-11.48631,9.1842],[-11.48435,9.18438],[-11.48329,9.18527],[-11.4792,9.18065],[-11.47511,9.18118],[-11.47121,9.18456],[-11.46978,9.18403],[-11.46783,9.18189],[-11.4657,9.18278],[-11.4641,9.18243],[-11.4625,9.17923],[-11.46268,9.17603],[-11.4609,9.17354],[-11.45912,9.17443],[-11.45788,9.17639],[-11.45628,9.17265],[-11.45628,9.17088],[-11.45468,9.16839],[-11.45237,9.16732],[-11.45255,9.16519],[-11.4506,9.16537],[-11.44829,9.16359],[-11.44704,9.1604],[-11.44687,9.15791],[-11.44509,9.15613],[-11.4442,9.15133],[-11.44562,9.1492],[-11.44376,9.13943],[-11.44358,9.13321],[-11.44411,9.12966],[-11.44358,9.12841],[-11.44233,9.1277],[-11.44145,9.12522],[-11.44393,9.12166],[-11.4434,9.11847],[-11.44411,9.11562],[-11.44376,9.11402],[-11.44447,9.11225],[-11.44358,9.11118],[-11.44411,9.10478],[-11.44198,9.09928],[-11.44358,9.09714],[-11.44233,9.09466],[-11.4442,9.08595],[-11.44171,9.08435],[-11.44313,9.07849],[-11.44189,9.07387],[-11.44598,9.06907],[-11.44633,9.0673],[-11.44456,9.06605],[-11.44438,9.06357],[-11.44615,9.05184],[-11.44509,9.04882],[-11.44864,9.04473],[-11.44829,9.03958],[-11.44997,9.03532],[-11.44766,9.03247],[-11.44624,9.02945],[-11.44269,9.02803],[-11.44145,9.02537],[-11.43985,9.02537],[-11.44056,9.0179],[-11.43949,9.01595],[-11.43629,9.014],[-11.43807,9.00991],[-11.44091,9.00653],[-11.44074,8.99907],[-11.44411,8.99587],[-11.44269,8.99516],[-11.44358,8.98628],[-11.44766,8.9861],[-11.45068,8.98681],[-11.45317,8.98965],[-11.45459,8.98663],[-11.45788,8.9845],[-11.45522,8.98432],[-11.45593,8.97846],[-11.45788,8.97349],[-11.45664,8.97153],[-11.45841,8.96869],[-11.45699,8.9662],[-11.46019,8.96194],[-11.46037,8.9591],[-11.4657,8.95821],[-11.46659,8.95394],[-11.46836,8.94968],[-11.4673,8.94701],[-11.46783,8.94328],[-11.47014,8.93902],[-11.47014,8.93689],[-11.47245,8.93475],[-11.47458,8.93085],[-11.47298,8.93102],[-11.47192,8.92783],[-11.47583,8.92178],[-11.47902,8.9248],[-11.4808,8.92552],[-11.48151,8.92978],[-11.48409,8.93156],[-11.4864,8.92942],[-11.48746,8.92409],[-11.49066,8.91699],[-11.48924,8.91414],[-11.49137,8.91006],[-11.49173,8.90473],[-11.49386,8.90384],[-11.4951,8.90722],[-11.49812,8.90668],[-11.49972,8.90864],[-11.50043,8.91237],[-11.50825,8.90935],[-11.51145,8.91468],[-11.50789,8.91805],[-11.50878,8.92214],[-11.50949,8.91894],[-11.51625,8.91379],[-11.51856,8.91272],[-11.52033,8.91308],[-11.51909,8.91788],[-11.52051,8.91788],[-11.52389,8.91148],[-11.52779,8.9113],[-11.52922,8.90953],[-11.52993,8.90295],[-11.53401,8.89904],[-11.5357,8.89425],[-11.54085,8.89442],[-11.53854,8.89016],[-11.54174,8.88998],[-11.54085,8.88732],[-11.54316,8.88554],[-11.54316,8.87843],[-11.55151,8.86902],[-11.55222,8.86582],[-11.55009,8.86298],[-11.55151,8.86013],[-11.55293,8.86102],[-11.55453,8.86031],[-11.55844,8.86173],[-11.55951,8.86013],[-11.55844,8.85853],[-11.55844,8.85622],[-11.55702,8.85356],[-11.55364,8.84929],[-11.54689,8.84894],[-11.54174,8.84965],[-11.53019,8.84592],[-11.51731,8.84396],[-11.50274,8.84308],[-11.49475,8.84183],[-11.48391,8.84254],[-11.48284,8.85249],[-11.47982,8.85605],[-11.47254,8.86173],[-11.45939,8.86795],[-11.45619,8.86902],[-11.44766,8.8644],[-11.44464,8.86369],[-11.44233,8.86173],[-11.43736,8.85125],[-11.43274,8.84574],[-11.4315,8.83775],[-11.42972,8.83437],[-11.42874,8.83046],[-11.42608,8.82762],[-11.42395,8.81998],[-11.42199,8.81785],[-11.4211,8.81269],[-11.41879,8.81039],[-11.41524,8.80381],[-11.414,8.79617],[-11.40831,8.79191],[-11.40849,8.78853],[-11.40653,8.78711],[-11.40609,8.78196],[-11.40271,8.77574],[-11.39845,8.77219],[-11.39454,8.75922],[-11.39578,8.75193],[-11.3933,8.74927],[-11.39223,8.74376],[-11.38708,8.74198],[-11.38761,8.73949],[-11.38477,8.73683],[-11.38584,8.73363],[-11.38202,8.72741],[-11.3829,8.72226],[-11.3813,8.71693],[-11.38326,8.7116],[-11.3813,8.70947],[-11.37846,8.70432],[-11.37828,8.70005],[-11.37455,8.69543],[-11.37669,8.6901],[-11.37189,8.68388],[-11.36905,8.67713],[-11.36869,8.67464],[-11.36141,8.66363],[-11.35066,8.65954],[-11.34119,8.66102],[-11.33258,8.66323],[-11.33262,8.66502],[-11.34061,8.67618],[-11.35037,8.7012],[-11.34838,8.70982],[-11.35103,8.71711],[-11.34705,8.72507],[-11.34838,8.7317],[-11.34772,8.74164],[-11.34639,8.74828],[-11.34109,8.75093],[-11.34109,8.75955],[-11.3391,8.76552],[-11.33976,8.77612],[-11.32053,8.7927],[-11.30594,8.80132],[-11.30329,8.80729],[-11.30528,8.81392],[-11.30661,8.82188],[-11.29865,8.83182],[-11.29732,8.84376],[-11.29732,8.85503],[-11.29334,8.86034],[-11.28406,8.86166],[-11.26947,8.86233],[-11.2582,8.88288],[-11.2529,8.89017],[-11.25555,8.89747],[-11.25223,8.90012],[-11.25024,8.9094],[-11.25422,8.90543],[-11.25621,8.9094],[-11.24892,8.91471],[-11.24693,8.91869],[-11.23964,8.92797],[-11.23831,8.93129],[-11.23168,8.93195],[-11.22704,8.93328],[-11.22306,8.93792],[-11.21179,8.93261],[-11.20118,8.92996],[-11.1899,8.93858],[-11.17598,8.93725],[-11.16404,8.922],[-11.15741,8.9346],[-11.14946,8.93991],[-11.14515,8.94786],[-11.14647,8.95648],[-11.14448,8.96444],[-11.13653,8.96776],[-11.12724,8.97306],[-11.12393,8.97836],[-11.12525,8.99627],[-11.12923,9.00025],[-11.13321,9.00025],[-11.13586,9.00953],[-11.1352,9.0155],[-11.12724,9.02279],[-11.1226,9.03274],[-11.12194,9.04467],[-11.11663,9.05396],[-11.1047,9.06788],[-11.09608,9.06788],[-11.09144,9.06655],[-11.08215,9.06258],[-11.08016,9.07053],[-11.07353,9.07584],[-11.05563,9.07783],[-11.04568,9.07385],[-11.01187,9.05661],[-11.00457,9.06059],[-10.99463,9.05064],[-10.97142,9.0387],[-10.96346,9.03605],[-10.95352,9.03008],[-10.93727,9.02412],[-10.92799,9.01682],[-10.91406,9.00887],[-10.92401,8.99627],[-10.93197,8.98765],[-10.93127,8.98642],[-10.93191,8.98578],[-10.93166,8.98478],[-10.93024,8.98095],[-10.92591,8.97637],[-10.92491,8.97321],[-10.92316,8.97162],[-10.91999,8.96577],[-10.91733,8.96255],[-10.91542,8.96138],[-10.9125,8.95755],[-10.91142,8.95772],[-10.89768,8.97446],[-10.89701,8.97437],[-10.8936,8.97146],[-10.88319,8.95822],[-10.88077,8.95597],[-10.87557,8.95359],[-10.87598,8.94876],[-10.87534,8.94771],[-10.87203,8.94981],[-10.8707,8.94964],[-10.87028,8.94881],[-10.86845,8.94889],[-10.8667,8.94747],[-10.86545,8.94864],[-10.86195,8.94939],[-10.85712,8.95189],[-10.85129,8.95272],[-10.84846,8.94906],[-10.8448,8.94806],[-10.84275,8.94647],[-10.83648,8.93792],[-10.82587,8.93593],[-10.81526,8.93526],[-10.80664,8.93394],[-10.79978,8.93369],[-10.79007,8.94322],[-10.78145,8.94388],[-10.77614,8.93991],[-10.76885,8.93991],[-10.76089,8.9346],[-10.75559,8.93261],[-10.74796,8.93659],[-10.74067,8.93858],[-10.73801,8.93328],[-10.72873,8.93062],[-10.7168,8.9346],[-10.70287,8.93593],[-10.69027,8.93593],[-10.6737,8.9346],[-10.6744,8.93989],[-10.67398,8.94711],[-10.67502,8.95648],[-10.679,8.96311],[-10.68696,8.9651],[-10.69425,8.96577],[-10.69425,8.97173],[-10.68696,8.98234],[-10.68232,8.99494],[-10.68431,9.00224],[-10.68232,9.00887],[-10.679,9.00887],[-10.67834,9.0155],[-10.67303,9.01815],[-10.64187,9.02478],[-10.63126,9.0334],[-10.62595,9.03672],[-10.62198,9.04202],[-10.60871,9.04069],[-10.60407,9.04202],[-10.59744,9.04136],[-10.58882,9.04268],[-10.58741,9.04366]]]]}},{"type":"Feature","properties":{"level":"ADM2","name":"Bombali"},"geometry":{"type":"MultiPolygon","coordinates":[[[[-12.32046,8.73014],[-12.31375,8.73302],[-12.31068,8.73815],[-12.30795,8.75455],[-12.30624,8.75831],[-12.30419,8.76104],[-12.30077,8.76104],[-12.29701,8.75933],[-12.29496,8.75557],[-12.29325,8.74874],[-12.28744,8.74464],[-12.28437,8.74567],[-12.28198,8.74908],[-12.27822,8.75182],[-12.27344,8.7525],[-12.26797,8.75045],[-12.26592,8.74703],[-12.27173,8.74054],[-12.2707,8.73029],[-12.27104,8.72619],[-12.27241,8.72277],[-12.27924,8.72072],[-12.28095,8.71799],[-12.28027,8.71355],[-12.27822,8.71081],[-12.26968,8.71286],[-12.26455,8.71765],[-12.26284,8.72141],[-12.26216,8.72653],[-12.26216,8.73439],[-12.26319,8.73952],[-12.26182,8.74396],[-12.25874,8.74669],[-12.25293,8.7402],[-12.25088,8.73644],[-12.24952,8.732],[-12.2461,8.72653],[-12.24063,8.72141],[-12.23277,8.71799],[-12.23004,8.7156],[-12.22594,8.71457],[-12.22047,8.71457],[-12.2215,8.72106],[-12.22047,8.7238],[-12.21364,8.72892],[-12.20988,8.72892],[-12.2051,8.72277],[-12.19895,8.72311],[-12.19587,8.72516],[-12.19109,8.73337],[-12.18596,8.73917],[-12.18118,8.74225],[-12.17776,8.74054],[-12.17469,8.73781],[-12.16128,8.71645],[-12.15701,8.71304],[-12.15359,8.70919],[-12.14291,8.70492],[-12.13565,8.70449],[-12.13223,8.70022],[-12.12924,8.69382],[-12.12625,8.69125],[-12.12156,8.67759],[-12.11857,8.6746],[-12.116,8.66904],[-12.11472,8.66392],[-12.11131,8.66349],[-12.10832,8.66434],[-12.10575,8.66819],[-12.10319,8.67417],[-12.09807,8.67545],[-12.09379,8.67545],[-12.09123,8.67759],[-12.08098,8.68314],[-12.07287,8.681],[-12.07158,8.68442],[-12.07415,8.68741],[-12.07586,8.69253],[-12.07287,8.70407],[-12.06347,8.70492],[-12.06005,8.70278],[-12.06176,8.69894],[-12.06262,8.6951],[-12.06176,8.68912],[-12.06005,8.68613],[-12.05834,8.68613],[-12.05279,8.69168],[-12.04425,8.69211],[-12.04041,8.6904],[-12.03955,8.68784],[-12.04126,8.68143],[-12.03827,8.67929],[-12.03443,8.67972],[-12.02802,8.68912],[-12.02546,8.68826],[-12.02503,8.68613],[-12.02546,8.68271],[-12.02161,8.68356],[-12.01905,8.68314],[-12.01478,8.68015],[-12.01094,8.67972],[-12.00496,8.68143],[-12.00282,8.68399],[-11.99983,8.68954],[-11.99962,8.69766],[-11.9962,8.7062],[-11.98082,8.71261],[-11.971,8.71901],[-11.95306,8.72713],[-11.94879,8.73012],[-11.9458,8.73396],[-11.94068,8.73695],[-11.93555,8.73866],[-11.93213,8.74165],[-11.92701,8.74421],[-11.92231,8.74806],[-11.91847,8.75019],[-11.9159,8.74806],[-11.91334,8.74806],[-11.91121,8.74977],[-11.90992,8.75446],[-11.90779,8.75489],[-11.90523,8.75233],[-11.90266,8.75276],[-11.89626,8.76386],[-11.89028,8.76642],[-11.88772,8.76984],[-11.88643,8.77497],[-11.88857,8.77881],[-11.88814,8.78137],[-11.88643,8.78137],[-11.88302,8.77924],[-11.88088,8.78308],[-11.87917,8.78778],[-11.88131,8.7929],[-11.88473,8.79675],[-11.88387,8.80145],[-11.88216,8.80486],[-11.88408,8.80999],[-11.88622,8.8275],[-11.88323,8.83305],[-11.88408,8.84245],[-11.88195,8.84629],[-11.88195,8.85056],[-11.88067,8.85569],[-11.88451,8.85996],[-11.87512,8.86765],[-11.87127,8.87363],[-11.87127,8.8779],[-11.867,8.87918],[-11.867,8.88302],[-11.86914,8.89157],[-11.86828,8.89712],[-11.87255,8.90481],[-11.87255,8.91378],[-11.87341,8.9189],[-11.87234,8.93129],[-11.86978,8.94453],[-11.8749,8.94709],[-11.87277,8.94923],[-11.87149,8.95264],[-11.87447,8.9552],[-11.87917,8.95563],[-11.88045,8.95777],[-11.88003,8.96161],[-11.88216,8.9646],[-11.88515,8.96631],[-11.88729,8.97186],[-11.88302,8.974],[-11.87875,8.97442],[-11.87063,8.97314],[-11.86764,8.97613],[-11.86508,8.98254],[-11.87106,8.98766],[-11.86422,8.9945],[-11.85098,9.00133],[-11.84458,8.99962],[-11.84116,8.99706],[-11.83817,8.99877],[-11.83219,9.00518],[-11.82877,9.01116],[-11.83347,9.01842],[-11.83219,9.02098],[-11.82963,9.02183],[-11.82536,9.02098],[-11.82151,9.01671],[-11.82023,9.0197],[-11.82408,9.02739],[-11.82151,9.02867],[-11.81297,9.01585],[-11.80571,9.01286],[-11.80016,9.01286],[-11.79845,9.015],[-11.79845,9.02012],[-11.78905,9.02226],[-11.78457,9.0308],[-11.7803,9.03166],[-11.77944,9.0402],[-11.77432,9.04319],[-11.76877,9.04148],[-11.76748,9.04447],[-11.76791,9.05472],[-11.76236,9.05643],[-11.76407,9.06113],[-11.78115,9.06882],[-11.78628,9.07309],[-11.79226,9.07266],[-11.79781,9.07437],[-11.8055,9.07778],[-11.81319,9.08291],[-11.8166,9.09102],[-11.81617,9.10042],[-11.81959,9.10597],[-11.82685,9.1064],[-11.83369,9.10811],[-11.83881,9.11452],[-11.84223,9.12135],[-11.83796,9.14142],[-11.83817,9.14826],[-11.83433,9.1568],[-11.82493,9.16235],[-11.8181,9.17004],[-11.82151,9.18584],[-11.81254,9.19994],[-11.80571,9.2025],[-11.7993,9.2072],[-11.79717,9.21019],[-11.79631,9.21617],[-11.79631,9.23112],[-11.80101,9.22983],[-11.80486,9.23325],[-11.82066,9.2324],[-11.82536,9.22813],[-11.83176,9.22941],[-11.83646,9.23368],[-11.83945,9.24094],[-11.83945,9.2482],[-11.84073,9.25333],[-11.84629,9.2529],[-11.85056,9.25034],[-11.85248,9.25333],[-11.85419,9.25973],[-11.85718,9.26144],[-11.85931,9.25973],[-11.86487,9.26144],[-11.86487,9.26657],[-11.86017,9.26785],[-11.85376,9.26827],[-11.85034,9.26528],[-11.84436,9.26614],[-11.8371,9.26614],[-11.83796,9.2734],[-11.84266,9.28194],[-11.84436,9.29177],[-11.84735,9.30116],[-11.84821,9.30885],[-11.84436,9.31696],[-11.80806,9.34686],[-11.81062,9.35455],[-11.81788,9.36096],[-11.82472,9.36053],[-11.82429,9.36523],[-11.81746,9.38402],[-11.81617,9.39043],[-11.81233,9.39769],[-11.81874,9.40324],[-11.83219,9.42032],[-11.83518,9.42716],[-11.84073,9.43143],[-11.8433,9.43869],[-11.84116,9.44638],[-11.85526,9.45065],[-11.86252,9.46261],[-11.86721,9.46218],[-11.87319,9.46645],[-11.87405,9.47243],[-11.88003,9.48781],[-11.87405,9.49635],[-11.87576,9.5019],[-11.87277,9.50489],[-11.86807,9.50446],[-11.86721,9.50831],[-11.87149,9.51215],[-11.87405,9.51642],[-11.87704,9.51899],[-11.88195,9.52069],[-11.88665,9.5113],[-11.88964,9.51386],[-11.88793,9.52667],[-11.88579,9.52924],[-11.88494,9.53863],[-11.89519,9.54077],[-11.91356,9.53778],[-11.91953,9.53949],[-11.93406,9.5365],[-11.93662,9.53351],[-11.94132,9.53351],[-11.94345,9.53052],[-11.94986,9.53351],[-11.95285,9.52625],[-11.95627,9.5224],[-11.96096,9.52112],[-11.96395,9.51258],[-11.96011,9.51258],[-11.96096,9.50703],[-11.96566,9.50617],[-11.96865,9.50147],[-11.96951,9.49464],[-11.99043,9.51215],[-11.99898,9.51728],[-12.01841,9.54077],[-12.02354,9.54248],[-12.02909,9.54888],[-12.03336,9.55102],[-12.03763,9.5476],[-12.04446,9.5476],[-12.05087,9.54461],[-12.05514,9.54846],[-12.0577,9.54675],[-12.06069,9.55401],[-12.0624,9.56084],[-12.06027,9.56298],[-12.06069,9.5681],[-12.06625,9.57536],[-12.07052,9.57793],[-12.07094,9.57536],[-12.07351,9.57494],[-12.08162,9.58006],[-12.08589,9.58092],[-12.09102,9.57964],[-12.09102,9.57494],[-12.10041,9.57793],[-12.10725,9.58348],[-12.10981,9.58049],[-12.1128,9.58134],[-12.11536,9.58391],[-12.12134,9.58006],[-12.12604,9.58262],[-12.12946,9.58177],[-12.13074,9.58732],[-12.13544,9.58989],[-12.11814,9.59971],[-12.11515,9.6027],[-12.11088,9.60868],[-12.11301,9.61551],[-12.1096,9.61978],[-12.10789,9.62662],[-12.09977,9.63345],[-12.0955,9.63815],[-12.08867,9.64413],[-12.08269,9.64584],[-12.075,9.65011],[-12.06817,9.65224],[-12.06176,9.65566],[-12.05322,9.65737],[-12.04895,9.65993],[-12.0434,9.66463],[-12.03955,9.66249],[-12.03528,9.65908],[-12.03144,9.66036],[-12.02631,9.66548],[-12.02588,9.66847],[-12.03016,9.66975],[-12.02717,9.67232],[-12.02418,9.67061],[-12.02076,9.66634],[-12.00666,9.66805],[-12.00453,9.67232],[-12.00666,9.67958],[-11.9994,9.67872],[-11.99342,9.68171],[-11.98873,9.68257],[-11.97976,9.68257],[-11.97719,9.68897],[-11.94901,9.69495],[-11.92381,9.69666],[-11.92124,9.69965],[-11.91783,9.70051],[-11.91398,9.70392],[-11.91227,9.70051],[-11.90758,9.70136],[-11.90544,9.6988],[-11.89903,9.70051],[-11.89434,9.6988],[-11.88836,9.70093],[-11.8828,9.70136],[-11.88323,9.70478],[-11.88174,9.70873],[-11.878,9.71247],[-11.87319,9.71407],[-11.87693,9.72741],[-11.878,9.73916],[-11.878,9.75411],[-11.87586,9.77066],[-11.8812,9.77653],[-11.87853,9.7808],[-11.88174,9.78507],[-11.88227,9.78934],[-11.88441,9.79362],[-11.88387,9.79842],[-11.88574,9.80483],[-11.88627,9.8091],[-11.88467,9.81497],[-11.88788,9.82084],[-11.88681,9.82672],[-11.89108,9.83419],[-11.89001,9.83633],[-11.89161,9.84594],[-11.88948,9.85501],[-11.89001,9.86302],[-11.88574,9.8769],[-11.88521,9.88277],[-11.88948,9.88598],[-11.89642,9.88544],[-11.90176,9.88811],[-11.90603,9.89612],[-11.90603,9.90253],[-11.89855,9.90466],[-11.89749,9.91],[-11.89215,9.91534],[-11.89962,9.92335],[-11.89588,9.92976],[-11.89962,9.93296],[-11.90923,9.94417],[-11.90816,9.95325],[-11.9087,9.95859],[-11.90549,9.96232],[-11.90549,9.96553],[-11.90282,9.97353],[-11.90069,9.98421],[-11.89695,9.99275],[-11.89802,9.99809],[-11.90229,9.99382],[-11.90656,9.98635],[-11.91671,9.9714],[-11.93112,9.96873],[-11.93753,9.96499],[-11.95701,9.95698],[-11.96128,9.95165],[-11.97783,9.93883],[-11.98211,9.93937],[-11.99545,9.93563],[-11.99972,9.93136],[-12.01307,9.92976],[-12.02055,9.92602],[-12.04831,9.9084],[-12.06699,9.90146],[-12.075,9.90093],[-12.08354,9.89132],[-12.10437,9.88598],[-12.10944,9.8801],[-12.12545,9.86889],[-12.12919,9.8753],[-12.13667,9.87103],[-12.13506,9.87637],[-12.14147,9.8737],[-12.14547,9.87744],[-12.14441,9.87103],[-12.15081,9.87477],[-12.15455,9.88064],[-12.15615,9.87957],[-12.15989,9.87957],[-12.16309,9.88491],[-12.16469,9.88224],[-12.16843,9.88277],[-12.17003,9.88705],[-12.1727,9.88811],[-12.17591,9.88598],[-12.18605,9.89292],[-12.18819,9.89238],[-12.19246,9.89559],[-12.19779,9.90199],[-12.20367,9.90039],[-12.21595,9.90947],[-12.21648,9.91854],[-12.21915,9.93082],[-12.23036,9.92655],[-12.24531,9.92388],[-12.25492,9.92068],[-12.26934,9.91694],[-12.28161,9.91214],[-12.29176,9.9068],[-12.30217,9.89986],[-12.31658,9.88705],[-12.3278,9.88224],[-12.34007,9.8785],[-12.34755,9.87904],[-12.35235,9.88438],[-12.36463,9.89452],[-12.37905,9.89666],[-12.39346,9.89719],[-12.41589,9.89666],[-12.42123,9.89559],[-12.42817,9.89078],[-12.43831,9.88544],[-12.45593,9.87263],[-12.47675,9.86035],[-12.48102,9.85448],[-12.48849,9.85074],[-12.49437,9.84594],[-12.49704,9.84167],[-12.49917,9.83579],[-12.4965,9.83206],[-12.4933,9.83099],[-12.4901,9.83366],[-12.48743,9.82992],[-12.48903,9.81177],[-12.4949,9.8139],[-12.4981,9.81177],[-12.50024,9.80483],[-12.4981,9.79682],[-12.50718,9.78187],[-12.50665,9.77493],[-12.50825,9.76799],[-12.51092,9.76318],[-12.51572,9.75891],[-12.51732,9.75411],[-12.51412,9.75411],[-12.50932,9.75624],[-12.50611,9.75251],[-12.50398,9.7461],[-12.50985,9.7429],[-12.51572,9.7445],[-12.52373,9.74503],[-12.52747,9.73702],[-12.52266,9.72421],[-12.51732,9.7162],[-12.51732,9.70873],[-12.52106,9.70606],[-12.52533,9.70819],[-12.5296,9.71247],[-12.5296,9.7162],[-12.52747,9.71994],[-12.53067,9.72474],[-12.53441,9.72208],[-12.53494,9.71567],[-12.53921,9.71407],[-12.54989,9.70713],[-12.56217,9.70446],[-12.56484,9.70019],[-12.56484,9.68417],[-12.56698,9.6767],[-12.57178,9.67029],[-12.57125,9.66175],[-12.57231,9.65641],[-12.57552,9.65748],[-12.57819,9.66228],[-12.58192,9.66548],[-12.58566,9.66495],[-12.5878,9.65961],[-12.5878,9.65427],[-12.58566,9.64947],[-12.58406,9.64146],[-12.58139,9.63505],[-12.58833,9.60943],[-12.58726,9.59938],[-12.58549,9.59938],[-12.57959,9.59275],[-12.57959,9.58685],[-12.57295,9.58611],[-12.56927,9.58316],[-12.56042,9.58021],[-12.55378,9.58168],[-12.54935,9.58095],[-12.54567,9.57726],[-12.53829,9.56398],[-12.53676,9.56337],[-12.53499,9.56155],[-12.52866,9.5593],[-12.52529,9.55884],[-12.51604,9.55385],[-12.50283,9.54475],[-12.49183,9.53596],[-12.48667,9.53006],[-12.46749,9.51383],[-12.45864,9.51014],[-12.44832,9.50351],[-12.43504,9.49687],[-12.42324,9.49244],[-12.41845,9.48507],[-12.41623,9.45926],[-12.40812,9.45041],[-12.40001,9.44008],[-12.39853,9.43197],[-12.40517,9.41869],[-12.40075,9.41279],[-12.3919,9.41427],[-12.38157,9.41206],[-12.37493,9.40689],[-12.36977,9.39878],[-12.37567,9.38329],[-12.37641,9.37518],[-12.36977,9.36486],[-12.36608,9.35453],[-12.37198,9.35084],[-12.37862,9.35084],[-12.38083,9.35306],[-12.38231,9.35969],[-12.38821,9.36412],[-12.39485,9.35896],[-12.39927,9.35158],[-12.4037,9.33904],[-12.41328,9.33167],[-12.41255,9.32134],[-12.4096,9.31471],[-12.4037,9.30881],[-12.39116,9.30143],[-12.38747,9.29406],[-12.39042,9.28742],[-12.39706,9.28521],[-12.40296,9.28521],[-12.41033,9.28963],[-12.41623,9.29996],[-12.42287,9.30364],[-12.42435,9.30881],[-12.42435,9.31471],[-12.42877,9.31397],[-12.43246,9.30807],[-12.4332,9.29996],[-12.43062,9.28594],[-12.4343,9.28226],[-12.43947,9.27488],[-12.4402,9.27119],[-12.43813,9.25923],[-12.4316,9.26373],[-12.42559,9.26674],[-12.42231,9.26947],[-12.41711,9.2681],[-12.41356,9.26619],[-12.40345,9.25553],[-12.40126,9.2517],[-12.40099,9.24706],[-12.40181,9.2435],[-12.3988,9.2312],[-12.40071,9.2271],[-12.40987,9.21781],[-12.41178,9.21343],[-12.4126,9.20879],[-12.41643,9.19676],[-12.41698,9.19266],[-12.41643,9.18938],[-12.4137,9.1861],[-12.41151,9.18501],[-12.40878,9.182],[-12.4219,9.17106],[-12.42545,9.16915],[-12.43338,9.15904],[-12.43939,9.15439],[-12.44131,9.14974],[-12.44158,9.14646],[-12.44295,9.14264],[-12.44732,9.13881],[-12.45115,9.13799],[-12.45251,9.13116],[-12.44978,9.12405],[-12.45033,9.11585],[-12.45661,9.11202],[-12.45825,9.10929],[-12.45853,9.10683],[-12.46071,9.10737],[-12.46481,9.10546],[-12.46755,9.10191],[-12.47165,9.10218],[-12.47493,9.10765],[-12.47493,9.1112],[-12.46591,9.11721],[-12.46399,9.12104],[-12.46618,9.1246],[-12.47055,9.12924],[-12.47301,9.13334],[-12.47629,9.13635],[-12.4793,9.13252],[-12.49871,9.11749],[-12.50281,9.11202],[-12.50336,9.10983],[-12.50172,9.10874],[-12.49912,9.10874],[-12.4901,9.10027],[-12.48764,9.09562],[-12.49256,9.08742],[-12.4901,9.08441],[-12.48928,9.08141],[-12.49092,9.07922],[-12.49584,9.07867],[-12.49967,9.07922],[-12.5024,9.07485],[-12.50486,9.07731],[-12.50677,9.08086],[-12.5106,9.08551],[-12.51443,9.08933],[-12.51853,9.09097],[-12.52153,9.08879],[-12.52263,9.08605],[-12.52263,9.08195],[-12.52454,9.08031],[-12.53383,9.07457],[-12.53684,9.07102],[-12.54012,9.06911],[-12.54477,9.0702],[-12.54777,9.0743],[-12.54805,9.07649],[-12.54504,9.08004],[-12.53821,9.08387],[-12.53739,9.08578],[-12.53875,9.08797],[-12.5434,9.09125],[-12.54723,9.09097],[-12.54969,9.08988],[-12.55215,9.08441],[-12.55488,9.08332],[-12.55762,9.08004],[-12.56035,9.08004],[-12.56336,9.0784],[-12.56472,9.07539],[-12.56363,9.07375],[-12.55926,9.0743],[-12.56062,9.06829],[-12.56035,9.06419],[-12.5624,9.05927],[-12.56705,9.05598],[-12.57224,9.05516],[-12.57388,9.0486],[-12.57634,9.0445],[-12.58263,9.03849],[-12.58317,9.03439],[-12.58618,9.02892],[-12.58919,9.02646],[-12.5911,9.02318],[-12.58946,9.02154],[-12.58563,9.01936],[-12.58071,9.01854],[-12.56623,9.0199],[-12.56267,9.02127],[-12.55857,9.02182],[-12.55529,9.024],[-12.55147,9.02455],[-12.54791,9.02619],[-12.54545,9.02537],[-12.54736,9.01034],[-12.54682,9.00678],[-12.54463,9.00022],[-12.53971,8.99968],[-12.53807,9.00214],[-12.53698,9.00542],[-12.52905,9.01498],[-12.5244,9.01744],[-12.51538,9.02537],[-12.5121,9.0251],[-12.50855,9.01826],[-12.50855,9.01553],[-12.50527,9.0087],[-12.50308,8.99803],[-12.50308,8.99393],[-12.49885,8.98191],[-12.49994,8.97726],[-12.49857,8.97207],[-12.49857,8.96769],[-12.49666,8.95321],[-12.48901,8.94501],[-12.48709,8.94473],[-12.47916,8.94118],[-12.47616,8.94063],[-12.47014,8.93653],[-12.46878,8.93024],[-12.46932,8.92696],[-12.46741,8.92423],[-12.46085,8.91904],[-12.45921,8.91685],[-12.45511,8.9174],[-12.45156,8.91275],[-12.44964,8.91275],[-12.44718,8.91439],[-12.445,8.91658],[-12.44035,8.92478],[-12.43488,8.93708],[-12.4327,8.93653],[-12.4286,8.93079],[-12.42149,8.93079],[-12.41766,8.93216],[-12.41547,8.9338],[-12.41356,8.9338],[-12.41001,8.93106],[-12.407,8.92614],[-12.40427,8.92724],[-12.39935,8.92724],[-12.3988,8.92259],[-12.39634,8.91685],[-12.39415,8.91494],[-12.39361,8.90646],[-12.38732,8.90236],[-12.38486,8.90264],[-12.38103,8.90537],[-12.37092,8.9081],[-12.36313,8.90762],[-12.35459,8.90455],[-12.35185,8.89874],[-12.34416,8.88883],[-12.3428,8.87414],[-12.34143,8.87072],[-12.34143,8.86594],[-12.33186,8.85637],[-12.32435,8.84031],[-12.3199,8.83553],[-12.31717,8.8246],[-12.31922,8.81537],[-12.32298,8.80922],[-12.3264,8.80102],[-12.33289,8.7976],[-12.33733,8.79316],[-12.3428,8.79282],[-12.35476,8.79829],[-12.35817,8.79863],[-12.36569,8.79248],[-12.3703,8.79077],[-12.37201,8.78393],[-12.37099,8.77471],[-12.36723,8.76446],[-12.35424,8.75455],[-12.34741,8.7484],[-12.33665,8.73542],[-12.33084,8.73234],[-12.32401,8.73268],[-12.32093,8.72995],[-12.32046,8.73014]]]]}},{"type":"Feature","properties":{"level":"ADM2","name":"Moyamba"},"geometry":{"type":"MultiPolygon","coordinates":[[[[-12.99093,7.90855],[-12.99045,7.90917],[-12.99088,7.90936],[-12.99273,7.9086],[-12.9915,7.90807],[-12.99093,7.90855]]],[[[-12.95876,7.91492],[-12.96023,7.91469],[-12.95961,7.91388],[-12.95861,7.91426],[-12.95876,7.91492]]],[[[-12.98065,7.91216],[-12.98165,7.91359],[-12.98108,7.91526],[-12.98307,7.91231],[-12.98522,7.91074],[-12.98574,7.90902],[-12.98369,7.90983],[-12.98203,7.9085],[-12.97908,7.91036],[-12.97732,7.90983],[-12.97694,7.91155],[-12.9797,7.91159],[-12.98065,7.91216]]],[[[-12.93459,8.26223],[-12.93685,8.26496],[-12.93902,8.26613],[-12.94388,8.26462],[-12.94655,8.26312],[-12.94856,8.25943],[-12.9499,8.25174],[-12.95141,8.25006],[-12.95425,8.24923],[-12.95693,8.24956],[-12.96273,8.25298],[-12.96546,8.25826],[-12.9658,8.26128],[-12.96797,8.26613],[-12.97249,8.26629],[-12.9745,8.26412],[-12.97533,8.25525],[-12.9763,8.25163],[-12.98588,8.24005],[-12.98956,8.23283],[-12.98863,8.23072],[-12.98788,8.22513],[-12.98813,8.21956],[-12.98896,8.21798],[-12.99004,8.21923],[-12.99357,8.21141],[-12.99357,8.2089],[-12.97659,8.18832],[-12.96688,8.17778],[-12.95835,8.16992],[-12.95551,8.1659],[-12.94538,8.15469],[-12.9417,8.149],[-12.94107,8.14569],[-12.93936,8.14515],[-12.93702,8.14097],[-12.93566,8.13995],[-12.93501,8.13812],[-12.93599,8.13687],[-12.93524,8.13612],[-12.93558,8.13503],[-12.93316,8.13312],[-12.92698,8.12156],[-12.92397,8.11453],[-12.9253,8.11202],[-12.92455,8.10884],[-12.92238,8.10667],[-12.92087,8.10633],[-12.92037,8.10483],[-12.9192,8.10449],[-12.9192,8.10299],[-12.91842,8.10189],[-12.91752,8.10299],[-12.91669,8.10299],[-12.91451,8.10248],[-12.91317,8.10115],[-12.9125,8.09964],[-12.91309,8.09648],[-12.91468,8.09546],[-12.91351,8.09331],[-12.91242,8.09206],[-12.91026,8.09256],[-12.90943,8.09414],[-12.90293,8.09456],[-12.90235,8.09539],[-12.89895,8.09596],[-12.89677,8.09439],[-12.89832,8.08989],[-12.89778,8.08625],[-12.89845,8.08207],[-12.90029,8.07672],[-12.9023,8.07421],[-12.90347,8.07153],[-12.90414,8.06885],[-12.90397,8.06634],[-12.90297,8.06517],[-12.90338,8.05948],[-12.90439,8.04877],[-12.9064,8.04058],[-12.90422,8.03422],[-12.90422,8.02936],[-12.90096,8.01665],[-12.89995,8.01364],[-12.89443,8.00694],[-12.89443,8.0051],[-12.89293,8.00058],[-12.89077,7.99987],[-12.88602,7.99987],[-12.88786,7.99862],[-12.88702,7.99737],[-12.88623,7.9882],[-12.88389,7.97917],[-12.88409,7.97655],[-12.87943,7.96555],[-12.8791,7.96272],[-12.87777,7.95997],[-12.87593,7.95897],[-12.8756,7.95731],[-12.87352,7.95648],[-12.87352,7.95573],[-12.87185,7.95439],[-12.85803,7.9494],[-12.8562,7.94823],[-12.85078,7.94432],[-12.84877,7.94011],[-12.85032,7.93945],[-12.85191,7.93969],[-12.8599,7.94244],[-12.8721,7.9424],[-12.88068,7.9444],[-12.88543,7.94632],[-12.88826,7.94523],[-12.89176,7.94515],[-12.89567,7.9439],[-12.89775,7.9419],[-12.89942,7.9414],[-12.90017,7.94157],[-12.89933,7.94423],[-12.90292,7.94423],[-12.90442,7.94298],[-12.90575,7.94065],[-12.90804,7.93969],[-12.91229,7.93445],[-12.91395,7.93362],[-12.91587,7.93395],[-12.91595,7.93078],[-12.9177,7.93012],[-12.91953,7.9282],[-12.92095,7.92554],[-12.92486,7.92429],[-12.92936,7.92121],[-12.93111,7.92096],[-12.93352,7.92179],[-12.93877,7.91879],[-12.93977,7.91846],[-12.94027,7.91921],[-12.94456,7.91608],[-12.94589,7.91592],[-12.9483,7.91742],[-12.94922,7.91708],[-12.94997,7.91808],[-12.9523,7.91767],[-12.95247,7.91892],[-12.95322,7.91833],[-12.9543,7.91867],[-12.95472,7.91717],[-12.95522,7.91758],[-12.95613,7.91617],[-12.95447,7.91575],[-12.95472,7.91367],[-12.9513,7.90834],[-12.94947,7.90909],[-12.94714,7.90701],[-12.94564,7.90659],[-12.94331,7.90326],[-12.94106,7.90143],[-12.93689,7.89535],[-12.93502,7.89381],[-12.93252,7.89048],[-12.92952,7.88473],[-12.92469,7.87374],[-12.92061,7.86882],[-12.92011,7.86966],[-12.91624,7.87045],[-12.90808,7.86978],[-12.9065,7.87128],[-12.899,7.86678],[-12.88942,7.85662],[-12.88726,7.85279],[-12.88518,7.85229],[-12.88097,7.84584],[-12.87872,7.84301],[-12.87789,7.84309],[-12.87181,7.83285],[-12.8694,7.83001],[-12.86823,7.82735],[-12.86436,7.82273],[-12.85903,7.82106],[-12.85661,7.81865],[-12.8522,7.81573],[-12.84703,7.81007],[-12.84387,7.80907],[-12.84129,7.80907],[-12.83642,7.8032],[-12.8345,7.80253],[-12.83125,7.80003],[-12.82717,7.79887],[-12.82301,7.7962],[-12.81943,7.79487],[-12.81726,7.79479],[-12.81201,7.79245],[-12.81035,7.79262],[-12.8101,7.79037],[-12.80727,7.79046],[-12.80718,7.78921],[-12.80627,7.78887],[-12.80377,7.79129],[-12.80419,7.79337],[-12.80052,7.79853],[-12.79393,7.80275],[-12.79278,7.80135],[-12.79295,7.7991],[-12.79041,7.79389],[-12.78866,7.78623],[-12.7887,7.77087],[-12.7857,7.76529],[-12.78362,7.75971],[-12.78012,7.75746],[-12.77779,7.75779],[-12.77338,7.75096],[-12.76418,7.74526],[-12.75985,7.74476],[-12.75951,7.74692],[-12.75751,7.74717],[-12.75643,7.74834],[-12.75551,7.74809],[-12.7541,7.74467],[-12.75485,7.74226],[-12.75335,7.74234],[-12.74985,7.73959],[-12.74927,7.7356],[-12.74502,7.73077],[-12.74206,7.72548],[-12.73823,7.7219],[-12.73182,7.71748],[-12.72532,7.7149],[-12.72233,7.71299],[-12.72183,7.71115],[-12.719,7.70782],[-12.71566,7.70208],[-12.71317,7.70091],[-12.71075,7.70066],[-12.69372,7.70503],[-12.68164,7.70595],[-12.68098,7.70478],[-12.67194,7.70233],[-12.66694,7.69816],[-12.66536,7.69758],[-12.66361,7.698],[-12.65579,7.697],[-12.64862,7.69491],[-12.63934,7.69429],[-12.62901,7.69271],[-12.62759,7.69337],[-12.6256,7.6957],[-12.6226,7.69637],[-12.62368,7.69446],[-12.62343,7.68954],[-12.60644,7.68713],[-12.60457,7.68759],[-12.59674,7.68667],[-12.58933,7.68434],[-12.58633,7.685],[-12.57542,7.6945],[-12.57234,7.69841],[-12.56988,7.70037],[-12.56297,7.7052],[-12.55764,7.70711],[-12.55564,7.70845],[-12.54739,7.71478],[-12.54132,7.72044],[-12.53932,7.72102],[-12.53161,7.72639],[-12.52512,7.72864],[-12.51954,7.73339],[-12.51604,7.73797],[-12.51121,7.74163],[-12.49776,7.74859],[-12.49493,7.75109],[-12.49135,7.75625],[-12.48677,7.76783],[-12.48502,7.77032],[-12.48294,7.77157],[-12.48069,7.77207],[-12.47969,7.77149],[-12.47815,7.7632],[-12.4784,7.75887],[-12.48148,7.75071],[-12.47769,7.74709],[-12.47411,7.74201],[-12.47203,7.7316],[-12.46994,7.72727],[-12.46753,7.72535],[-12.46261,7.72452],[-12.45903,7.72644],[-12.45312,7.73243],[-12.45104,7.73551],[-12.44846,7.74084],[-12.44871,7.74967],[-12.44693,7.75244],[-12.44241,7.75428],[-12.43304,7.75562],[-12.42804,7.75875],[-12.423,7.76299],[-12.41513,7.76533],[-12.40844,7.76616],[-12.39932,7.76349],[-12.39815,7.76098],[-12.39748,7.75596],[-12.39464,7.75579],[-12.39179,7.7578],[-12.38995,7.76081],[-12.39213,7.76449],[-12.39129,7.76683],[-12.38895,7.76901],[-12.38878,7.77219],[-12.37088,7.77888],[-12.3682,7.78541],[-12.36536,7.78859],[-12.36151,7.79528],[-12.35833,7.80264],[-12.35448,7.80783],[-12.35197,7.80783],[-12.34703,7.80549],[-12.33917,7.80482],[-12.33566,7.80281],[-12.3288,7.80063],[-12.31842,7.80113],[-12.30955,7.79963],[-12.30428,7.80147],[-12.29809,7.80113],[-12.29742,7.79043],[-12.29776,7.78775],[-12.29608,7.78524],[-12.29843,7.77771],[-12.29759,7.76834],[-12.29458,7.76081],[-12.29081,7.75378],[-12.28044,7.73923],[-12.27743,7.7337],[-12.26873,7.72517],[-12.26571,7.72099],[-12.2566,7.71413],[-12.25342,7.71078],[-12.25007,7.70442],[-12.24856,7.6994],[-12.24823,7.69472],[-12.24522,7.69204],[-12.24087,7.69003],[-12.23635,7.68903],[-12.22514,7.6892],[-12.21995,7.68836],[-12.21376,7.68568],[-12.20464,7.67882],[-12.19745,7.67079],[-12.19025,7.66577],[-12.18624,7.6641],[-12.18289,7.66577],[-12.1782,7.66677],[-12.17352,7.6661],[-12.17101,7.66493],[-12.16482,7.66962],[-12.16022,7.66962],[-12.1547,7.66426],[-12.15185,7.66343],[-12.14717,7.66343],[-12.14315,7.66426],[-12.14014,7.66259],[-12.13562,7.66192],[-12.12525,7.66209],[-12.11989,7.66393],[-12.10575,7.67715],[-12.1173,7.68719],[-12.11747,7.68869],[-12.11596,7.69438],[-12.11178,7.70409],[-12.10793,7.70978],[-12.10918,7.71982],[-12.11253,7.72383],[-12.11454,7.72969],[-12.11788,7.73421],[-12.12073,7.7414],[-12.12257,7.74324],[-12.12357,7.74592],[-12.12307,7.74793],[-12.12357,7.75127],[-12.13595,7.76299],[-12.13696,7.76516],[-12.13621,7.76867],[-12.13353,7.77302],[-12.13286,7.77754],[-12.13738,7.78424],[-12.13721,7.78658],[-12.12968,7.78925],[-12.12935,7.79126],[-12.12985,7.79361],[-12.13286,7.79762],[-12.13453,7.79879],[-12.13704,7.79929],[-12.13654,7.80967],[-12.13913,7.81586],[-12.1383,7.8259],[-12.13713,7.82841],[-12.13495,7.83895],[-12.13579,7.8433],[-12.13813,7.84598],[-12.14198,7.84782],[-12.14449,7.85033],[-12.147,7.85552],[-12.14666,7.86087],[-12.14491,7.86438],[-12.13872,7.87175],[-12.1357,7.8766],[-12.13771,7.88413],[-12.13821,7.89199],[-12.13738,7.89634],[-12.13386,7.90404],[-12.1357,7.90956],[-12.13512,7.91408],[-12.13328,7.91943],[-12.13294,7.92328],[-12.13529,7.93232],[-12.13529,7.93934],[-12.13662,7.94303],[-12.13913,7.94403],[-12.14114,7.94637],[-12.14081,7.95306],[-12.14164,7.95608],[-12.13838,7.96177],[-12.13688,7.96612],[-12.13453,7.96561],[-12.13286,7.96628],[-12.13186,7.97013],[-12.13018,7.97197],[-12.12943,7.97448],[-12.12592,7.97666],[-12.12207,7.97632],[-12.11989,7.97465],[-12.11705,7.97465],[-12.11554,7.97616],[-12.11203,7.97682],[-12.10316,7.97682],[-12.10031,7.97833],[-12.09613,7.97816],[-12.09094,7.98017],[-12.08241,7.97867],[-12.07873,7.97867],[-12.07622,7.97733],[-12.06685,7.97733],[-12.06434,7.97231],[-12.06066,7.97214],[-12.05556,7.97365],[-12.04585,7.97883],[-12.03682,7.98502],[-12.02243,8.00159],[-12.01808,8.00945],[-12.01389,8.0123],[-12.00912,8.0138],[-11.99155,8.01347],[-11.98218,8.01246],[-11.96662,8.00929],[-11.95901,8.00644],[-11.94596,8.0056],[-11.94144,8.00611],[-11.92789,8.00276],[-11.91191,8.00125],[-11.90906,7.99891],[-11.90404,7.9964],[-11.89785,7.99105],[-11.89367,7.98887],[-11.89066,7.99138],[-11.88714,7.99188],[-11.88463,7.99372],[-11.88212,7.99389],[-11.88999,7.99992],[-11.89334,8.00427],[-11.89367,8.00845],[-11.89166,8.01548],[-11.88279,8.02619],[-11.88179,8.0292],[-11.88865,8.03773],[-11.89869,8.04794],[-11.91333,8.05831],[-11.91651,8.06434],[-11.91634,8.06768],[-11.90764,8.07806],[-11.90128,8.0983],[-11.89819,8.10533],[-11.8925,8.11269],[-11.88982,8.11738],[-11.88547,8.12775],[-11.88229,8.13093],[-11.8746,8.1408],[-11.85761,8.15067],[-11.8459,8.15486],[-11.82415,8.15536],[-11.8203,8.15486],[-11.81628,8.15268],[-11.81603,8.15804],[-11.81436,8.16055],[-11.81419,8.16188],[-11.81252,8.16389],[-11.81252,8.16506],[-11.81051,8.16557],[-11.81051,8.16774],[-11.80817,8.16858],[-11.81051,8.17125],[-11.80566,8.17661],[-11.80482,8.18297],[-11.80298,8.18866],[-11.80181,8.20121],[-11.80139,8.22329],[-11.8044,8.22898],[-11.80507,8.23166],[-11.80407,8.24387],[-11.80574,8.24605],[-11.81603,8.25291],[-11.82172,8.25826],[-11.82624,8.26061],[-11.83728,8.26897],[-11.83912,8.27215],[-11.83996,8.27617],[-11.83979,8.28018],[-11.83762,8.28219],[-11.83276,8.28186],[-11.82641,8.28386],[-11.81018,8.28587],[-11.79093,8.2857],[-11.78156,8.2847],[-11.77964,8.30093],[-11.78081,8.30695],[-11.78349,8.31448],[-11.78416,8.32369],[-11.78533,8.33005],[-11.78801,8.3354],[-11.78767,8.33925],[-11.79118,8.34259],[-11.79637,8.34109],[-11.80273,8.33691],[-11.8029,8.33289],[-11.80541,8.3349],[-11.81043,8.33557],[-11.81762,8.33105],[-11.81879,8.33272],[-11.81846,8.33557],[-11.82326,8.35768],[-11.82735,8.35644],[-11.83214,8.35608],[-11.83605,8.35733],[-11.84209,8.36088],[-11.8484,8.36052],[-11.8516,8.35964],[-11.85782,8.35324],[-11.86563,8.3504],[-11.86865,8.35057],[-11.87274,8.35395],[-11.87754,8.35448],[-11.88003,8.35573],[-11.88589,8.35484],[-11.89069,8.35537],[-11.89877,8.35999],[-11.90037,8.35999],[-11.90268,8.35875],[-11.90961,8.35857],[-11.91067,8.36017],[-11.91476,8.36052],[-11.91636,8.35821],[-11.92045,8.35679],[-11.92116,8.35466],[-11.92275,8.35608],[-11.92453,8.35146],[-11.92755,8.35022],[-11.93022,8.35093],[-11.93111,8.3488],[-11.93501,8.3504],[-11.93661,8.352],[-11.93857,8.35075],[-11.93946,8.35164],[-11.94177,8.35164],[-11.94283,8.35324],[-11.94336,8.35573],[-11.94496,8.35644],[-11.94825,8.35448],[-11.94896,8.35821],[-11.95092,8.35626],[-11.95305,8.35839],[-11.95536,8.3575],[-11.9566,8.35999],[-11.9598,8.35839],[-11.96175,8.36123],[-11.96389,8.36212],[-11.96762,8.36123],[-11.9765,8.3639],[-11.98201,8.36781],[-11.98787,8.37047],[-11.99089,8.37349],[-11.99356,8.37403],[-11.99622,8.37616],[-11.99569,8.37882],[-11.99569,8.38753],[-11.9964,8.39144],[-12.0004,8.38824],[-12.00804,8.37314],[-12.01283,8.37172],[-12.02243,8.37172],[-12.02438,8.3703],[-12.02616,8.36159],[-12.02794,8.35786],[-12.03202,8.3575],[-12.03415,8.35804],[-12.03575,8.3607],[-12.03611,8.36283],[-12.03451,8.36585],[-12.03451,8.36941],[-12.03611,8.36959],[-12.04304,8.36443],[-12.0441,8.35146],[-12.0457,8.34755],[-12.05121,8.34134],[-12.05165,8.33814],[-12.05414,8.33458],[-12.06249,8.32606],[-12.06747,8.31895],[-12.06747,8.31593],[-12.06551,8.31309],[-12.06249,8.31166],[-12.06054,8.30918],[-12.05716,8.29994],[-12.05396,8.29372],[-12.05006,8.29141],[-12.04526,8.29159],[-12.04242,8.29283],[-12.04117,8.29585],[-12.03833,8.29745],[-12.03531,8.29727],[-12.03442,8.2891],[-12.03966,8.28661],[-12.03966,8.2843],[-12.03664,8.27702],[-12.03362,8.2724],[-12.03291,8.26867],[-12.03309,8.26476],[-12.03575,8.2557],[-12.03575,8.25303],[-12.03184,8.24682],[-12.02918,8.24042],[-12.02953,8.23722],[-12.03193,8.23651],[-12.03407,8.23811],[-12.03424,8.24166],[-12.03886,8.24966],[-12.04455,8.25055],[-12.0513,8.24806],[-12.05698,8.24877],[-12.05841,8.25037],[-12.05521,8.25232],[-12.05539,8.2541],[-12.05787,8.25534],[-12.06356,8.26085],[-12.06498,8.26138],[-12.06658,8.26014],[-12.06889,8.26014],[-12.07546,8.26281],[-12.07848,8.266],[-12.08026,8.26938],[-12.07919,8.27204],[-12.08221,8.27666],[-12.08799,8.27951],[-12.09918,8.28288],[-12.09918,8.28537],[-12.10256,8.28679],[-12.11428,8.29727],[-12.12157,8.29905],[-12.12068,8.30118],[-12.12334,8.30136],[-12.1237,8.30296],[-12.12885,8.30367],[-12.13187,8.30491],[-12.13605,8.3122],[-12.13427,8.31415],[-12.13392,8.32002],[-12.14138,8.32552],[-12.14671,8.32748],[-12.15417,8.32872],[-12.1579,8.32996],[-12.16554,8.33903],[-12.16821,8.34347],[-12.16963,8.3488],[-12.16909,8.35182],[-12.16643,8.35733],[-12.16714,8.35892],[-12.16945,8.3607],[-12.17185,8.36141],[-12.17913,8.3607],[-12.18588,8.35892],[-12.19264,8.3559],[-12.19974,8.35413],[-12.20561,8.35057],[-12.21147,8.35111],[-12.21556,8.35253],[-12.21893,8.35093],[-12.21929,8.35271],[-12.22213,8.35093],[-12.22364,8.34809],[-12.22648,8.34773],[-12.22702,8.34507],[-12.22897,8.34507],[-12.23021,8.34418],[-12.23448,8.34507],[-12.23696,8.34738],[-12.24496,8.34951],[-12.24674,8.35413],[-12.25047,8.35217],[-12.25775,8.35217],[-12.26717,8.34898],[-12.27019,8.3488],[-12.27552,8.34507],[-12.27987,8.33991],[-12.28076,8.33725],[-12.28254,8.33689],[-12.28538,8.33405],[-12.28574,8.33103],[-12.28769,8.32872],[-12.29213,8.32694],[-12.29107,8.32375],[-12.29195,8.32019],[-12.29409,8.31948],[-12.29533,8.32197],[-12.29959,8.32197],[-12.30101,8.32783],[-12.30617,8.3289],[-12.31701,8.3289],[-12.32624,8.33156],[-12.33646,8.34116],[-12.34197,8.3504],[-12.34446,8.352],[-12.34907,8.352],[-12.34979,8.35377],[-12.3521,8.35448],[-12.36027,8.34986],[-12.36293,8.35004],[-12.37057,8.35306],[-12.37111,8.34986],[-12.37235,8.34738],[-12.37955,8.34205],[-12.38399,8.33601],[-12.39109,8.33192],[-12.39216,8.32552],[-12.39482,8.32002],[-12.39749,8.31682],[-12.40442,8.31699],[-12.40762,8.31451],[-12.41508,8.31344],[-12.41774,8.31131],[-12.42148,8.31166],[-12.42592,8.31451],[-12.43205,8.31522],[-12.43578,8.3138],[-12.43773,8.31042],[-12.44075,8.30811],[-12.44662,8.30616],[-12.45319,8.30225],[-12.45674,8.29923],[-12.46367,8.29159],[-12.47735,8.29408],[-12.48144,8.29372],[-12.49077,8.28875],[-12.51582,8.28715],[-12.5247,8.28786],[-12.53652,8.28999],[-12.54558,8.29372],[-12.55375,8.29869],[-12.56654,8.30296],[-12.56921,8.30527],[-12.57703,8.30527],[-12.58342,8.30651],[-12.58635,8.30811],[-12.59239,8.30971],[-12.59435,8.31433],[-12.59453,8.31664],[-12.5979,8.32126],[-12.59915,8.32996],[-12.60199,8.33299],[-12.60376,8.33618],[-12.60448,8.3408],[-12.60554,8.34134],[-12.61425,8.34151],[-12.61816,8.34738],[-12.61869,8.34915],[-12.62349,8.35217],[-12.63237,8.35484],[-12.63841,8.35217],[-12.64108,8.35431],[-12.64481,8.35431],[-12.64676,8.35662],[-12.64765,8.36035],[-12.64666,8.36755],[-12.65016,8.36845],[-12.65332,8.37479],[-12.6557,8.37479],[-12.65847,8.37202],[-12.66005,8.37637],[-12.66955,8.37558],[-12.66955,8.37202],[-12.67311,8.37004],[-12.67311,8.36766],[-12.67509,8.3645],[-12.67746,8.36608],[-12.67905,8.37122],[-12.6834,8.36885],[-12.69369,8.36489],[-12.69963,8.3641],[-12.70873,8.3637],[-12.71427,8.36568],[-12.71862,8.36925],[-12.72021,8.36766],[-12.71862,8.3645],[-12.71941,8.36173],[-12.72258,8.35896],[-12.71862,8.35381],[-12.72337,8.35104],[-12.72733,8.34985],[-12.7297,8.34669],[-12.73129,8.35025],[-12.73604,8.34867],[-12.74039,8.35223],[-12.74316,8.34946],[-12.74573,8.35144],[-12.74771,8.35539],[-12.75325,8.35223],[-12.75365,8.35658],[-12.76077,8.35856],[-12.76235,8.36529],[-12.76512,8.36885],[-12.76512,8.3732],[-12.77066,8.37202],[-12.77462,8.37874],[-12.78056,8.37953],[-12.78333,8.38745],[-12.78768,8.38626],[-12.79006,8.38705],[-12.79045,8.3918],[-12.79678,8.39101],[-12.80589,8.38824],[-12.80945,8.38824],[-12.81182,8.39576],[-12.81578,8.39774],[-12.82013,8.39537],[-12.82409,8.39497],[-12.82963,8.39734],[-12.82963,8.39418],[-12.82686,8.38864],[-12.82765,8.3831],[-12.82488,8.37756],[-12.82607,8.37399],[-12.83122,8.3732],[-12.83715,8.37399],[-12.84032,8.37281],[-12.8415,8.37004],[-12.84111,8.36647],[-12.83992,8.36291],[-12.83755,8.35896],[-12.83953,8.35658],[-12.84309,8.355],[-12.84625,8.35183],[-12.85456,8.35223],[-12.85615,8.34867],[-12.85338,8.3455],[-12.85219,8.34313],[-12.84982,8.34194],[-12.84784,8.33877],[-12.84863,8.33402],[-12.85259,8.33204],[-12.85813,8.33165],[-12.86367,8.33284],[-12.86802,8.32571],[-12.86921,8.32057],[-12.86842,8.3178],[-12.86644,8.31463],[-12.86288,8.31186],[-12.86189,8.30949],[-12.86505,8.30592],[-12.86901,8.30315],[-12.87336,8.30236],[-12.87653,8.30553],[-12.87772,8.30949],[-12.88326,8.31146],[-12.88524,8.30276],[-12.88484,8.29761],[-12.88682,8.29445],[-12.89276,8.2893],[-12.89236,8.28614],[-12.88603,8.28416],[-12.88326,8.2798],[-12.88761,8.27743],[-12.89196,8.27624],[-12.8979,8.27268],[-12.90423,8.27703],[-12.91373,8.27149],[-12.91413,8.26714],[-12.91254,8.26279],[-12.91808,8.262],[-12.92877,8.25883],[-12.93273,8.25883],[-12.93459,8.26223]]]]}},{"type":"Feature","properties":{"level":"ADM2","name":"Kenema"},"geometry":{"type":"MultiPolygon","coordinates":[[[[-11.14348,7.34092],[-11.13865,7.34528],[-11.13241,7.34844],[-11.12741,7.35269],[-11.12712,7.3544],[-11.12828,7.35706],[-11.12784,7.35915],[-11.1252,7.36331],[-11.11396,7.37039],[-11.11271,7.37289],[-11.11379,7.37505],[-11.1135,7.37692],[-11.11225,7.37776],[-11.11046,7.3773],[-11.10796,7.37846],[-11.10488,7.38246],[-11.10388,7.38271],[-11.10273,7.38438],[-11.10192,7.39033],[-11.09976,7.39075],[-11.09651,7.389],[-11.09093,7.39241],[-11.08294,7.39125],[-11.08135,7.39166],[-11.07344,7.39708],[-11.06919,7.39816],[-11.05924,7.40362],[-11.05391,7.40986],[-11.05025,7.41211],[-11.04883,7.41486],[-11.04608,7.41694],[-11.0435,7.42027],[-11.04163,7.42514],[-11.03672,7.42489],[-11.0333,7.42689],[-11.03422,7.43356],[-11.03388,7.4363],[-11.03297,7.43672],[-11.03147,7.43605],[-11.02855,7.43322],[-11.02672,7.43331],[-11.02705,7.4368],[-11.02622,7.43805],[-11.02014,7.4398],[-11.0151,7.44209],[-11.01402,7.44326],[-11.01186,7.44226],[-11.00994,7.44217],[-11.00927,7.44309],[-11.01019,7.44701],[-11.00994,7.44867],[-11.00936,7.44992],[-11.00519,7.4535],[-11.00469,7.455],[-11.00286,7.45533],[-11.00053,7.45467],[-10.99907,7.45569],[-10.99387,7.46308],[-10.98862,7.46741],[-10.98494,7.46854],[-10.98196,7.47182],[-10.97754,7.47091],[-10.97559,7.47181],[-10.97536,7.47414],[-10.97729,7.47607],[-10.97696,7.4774],[-10.97446,7.47915],[-10.97255,7.48255],[-10.96858,7.48723],[-10.96563,7.48873],[-10.96181,7.48956],[-10.96204,7.49283],[-10.96085,7.49352],[-10.95885,7.49235],[-10.95714,7.49283],[-10.95652,7.49402],[-10.95714,7.49587],[-10.95144,7.4996],[-10.94919,7.50218],[-10.94612,7.5044],[-10.94023,7.5063],[-10.93507,7.51271],[-10.9327,7.51295],[-10.93261,7.50965],[-10.93132,7.50822],[-10.9298,7.50802],[-10.92807,7.50647],[-10.92774,7.50472],[-10.92949,7.5018],[-10.92783,7.49989],[-10.92533,7.49939],[-10.92283,7.49714],[-10.92166,7.49739],[-10.91783,7.50355],[-10.91625,7.50475],[-10.91317,7.50422],[-10.91088,7.50662],[-10.90878,7.50778],[-10.9075,7.50988],[-10.90517,7.51055],[-10.90284,7.5123],[-10.89943,7.51269],[-10.89693,7.5143],[-10.89569,7.51993],[-10.89242,7.52227],[-10.89014,7.52516],[-10.88698,7.52666],[-10.88265,7.5255],[-10.87981,7.52591],[-10.87781,7.52991],[-10.8764,7.53091],[-10.8682,7.53389],[-10.86628,7.53638],[-10.8632,7.53805],[-10.86012,7.53847],[-10.84888,7.54604],[-10.84696,7.54804],[-10.84413,7.54904],[-10.84305,7.55129],[-10.84355,7.55296],[-10.83764,7.5567],[-10.83647,7.5617],[-10.83439,7.56378],[-10.83289,7.56428],[-10.83122,7.56378],[-10.82914,7.56178],[-10.82723,7.5622],[-10.82581,7.56512],[-10.82602,7.56724],[-10.82485,7.56932],[-10.82585,7.57157],[-10.82152,7.5744],[-10.81894,7.57732],[-10.81969,7.57882],[-10.82235,7.5794],[-10.82185,7.58131],[-10.81415,7.59052],[-10.81773,7.5951],[-10.81598,7.59551],[-10.8104,7.59243],[-10.80491,7.5921],[-10.80316,7.59102],[-10.80116,7.59118],[-10.79891,7.59185],[-10.7965,7.5936],[-10.79425,7.59701],[-10.793,7.60134],[-10.78942,7.60109],[-10.79042,7.60851],[-10.79333,7.60826],[-10.78946,7.61504],[-10.78929,7.61613],[-10.78987,7.61687],[-10.79121,7.61696],[-10.79354,7.61463],[-10.79645,7.61554],[-10.80489,7.61595],[-10.81044,7.61416],[-10.81656,7.61941],[-10.82683,7.62574],[-10.83076,7.6323],[-10.83338,7.63842],[-10.84001,7.64253],[-10.86682,7.64913],[-10.88976,7.65153],[-10.90757,7.65044],[-10.91282,7.65109],[-10.91806,7.67491],[-10.9268,7.68059],[-10.93139,7.68606],[-10.93161,7.70376],[-10.92779,7.71949],[-10.92429,7.72714],[-10.91817,7.73369],[-10.91424,7.74112],[-10.90834,7.74702],[-10.9079,7.75314],[-10.90877,7.76057],[-10.91314,7.76276],[-10.91555,7.7621],[-10.91795,7.7645],[-10.91992,7.76538],[-10.92298,7.76494],[-10.92582,7.76756],[-10.92866,7.76254],[-10.92866,7.75839],[-10.92997,7.75817],[-10.93325,7.76101],[-10.93565,7.76188],[-10.93696,7.75948],[-10.94068,7.76363],[-10.94308,7.76385],[-10.94483,7.76232],[-10.95204,7.77499],[-10.95521,7.78614],[-10.9598,7.79553],[-10.96417,7.80078],[-10.96876,7.79816],[-10.97466,7.79597],[-10.98165,7.79903],[-10.9952,7.81848],[-10.99935,7.82656],[-11.00459,7.84033],[-11.00733,7.84405],[-11.0117,7.85694],[-11.02219,7.87486],[-11.02525,7.8777],[-11.02765,7.87748],[-11.02983,7.87245],[-11.03683,7.87049],[-11.04032,7.87136],[-11.04295,7.87573],[-11.04295,7.8801],[-11.0401,7.88403],[-11.03377,7.8895],[-11.02852,7.89889],[-11.02699,7.90414],[-11.02645,7.91004],[-11.02273,7.91332],[-11.02208,7.91703],[-11.02448,7.92337],[-11.02339,7.92512],[-11.01989,7.92512],[-11.01705,7.92818],[-11.01749,7.93408],[-11.0153,7.94347],[-11.01683,7.94697],[-11.01574,7.95003],[-11.0094,7.95746],[-11.00984,7.96095],[-11.01148,7.9627],[-11.00951,7.96489],[-11.00602,7.96379],[-11.00449,7.96838],[-10.99837,7.97822],[-10.99422,7.97997],[-10.9905,7.98849],[-10.98766,7.99155],[-10.987,7.99461],[-10.98034,8.00881],[-10.98165,8.01427],[-10.97728,8.02214],[-10.97291,8.0335],[-10.96985,8.03656],[-10.96941,8.04006],[-10.96657,8.04443],[-10.96329,8.05361],[-10.96526,8.05514],[-10.95466,8.06803],[-10.95619,8.06956],[-10.961,8.07109],[-10.96187,8.07524],[-10.95707,8.07874],[-10.96362,8.08376],[-10.96034,8.08595],[-10.95073,8.08704],[-10.94505,8.09054],[-10.94221,8.09818],[-10.94046,8.10081],[-10.9374,8.1019],[-10.93871,8.10452],[-10.93543,8.10824],[-10.93325,8.11261],[-10.9291,8.11698],[-10.92494,8.11873],[-10.92178,8.1231],[-10.91719,8.12441],[-10.91478,8.12659],[-10.91369,8.12943],[-10.9067,8.13402],[-10.90451,8.13883],[-10.90735,8.14298],[-10.90582,8.14342],[-10.90408,8.14713],[-10.90014,8.14757],[-10.90036,8.15063],[-10.89861,8.15697],[-10.89643,8.15697],[-10.89533,8.15937],[-10.89249,8.16112],[-10.8914,8.16352],[-10.889,8.16265],[-10.88856,8.16461],[-10.89009,8.16614],[-10.88747,8.16811],[-10.889,8.1703],[-10.88725,8.17139],[-10.88834,8.17379],[-10.89053,8.17379],[-10.89271,8.1751],[-10.89096,8.17729],[-10.88943,8.18122],[-10.89096,8.1821],[-10.88998,8.18384],[-10.89086,8.18603],[-10.88976,8.18821],[-10.88801,8.18821],[-10.88889,8.19127],[-10.88561,8.19302],[-10.88517,8.19652],[-10.88714,8.19849],[-10.88714,8.1998],[-10.88845,8.20133],[-10.88627,8.20548],[-10.88408,8.20526],[-10.88386,8.20744],[-10.8819,8.2081],[-10.87971,8.21094],[-10.87753,8.21225],[-10.87534,8.2116],[-10.87403,8.21422],[-10.87556,8.21662],[-10.87403,8.21815],[-10.87512,8.22143],[-10.87053,8.22493],[-10.87381,8.22908],[-10.87075,8.22973],[-10.8725,8.23192],[-10.86966,8.23913],[-10.86573,8.2435],[-10.86616,8.24547],[-10.86452,8.25202],[-10.85775,8.25836],[-10.86059,8.25989],[-10.85819,8.26142],[-10.85906,8.26513],[-10.85709,8.26688],[-10.85513,8.27322],[-10.85731,8.27387],[-10.85775,8.27715],[-10.85709,8.2813],[-10.85862,8.28327],[-10.86234,8.28262],[-10.86562,8.28699],[-10.86649,8.2907],[-10.86889,8.2931],[-10.87239,8.29179],[-10.87698,8.29136],[-10.87982,8.28983],[-10.88332,8.29136],[-10.88834,8.28895],[-10.89118,8.28852],[-10.89424,8.28917],[-10.89686,8.28808],[-10.89905,8.28873],[-10.9032,8.28633],[-10.90626,8.28655],[-10.9067,8.29092],[-10.90342,8.29463],[-10.90014,8.30184],[-10.89293,8.30906],[-10.88998,8.3108],[-10.88211,8.31823],[-10.87774,8.32523],[-10.87359,8.32829],[-10.86835,8.33725],[-10.87119,8.33637],[-10.87272,8.34271],[-10.87097,8.35626],[-10.87425,8.36675],[-10.87337,8.37002],[-10.86605,8.37527],[-10.86431,8.37876],[-10.86409,8.38248],[-10.85644,8.38882],[-10.85505,8.3922],[-10.8703,8.39088],[-10.88223,8.38623],[-10.89417,8.37562],[-10.91075,8.38226],[-10.92401,8.3796],[-10.92799,8.3869],[-10.93793,8.39021],[-10.94788,8.38822],[-10.95186,8.3869],[-10.95716,8.37894],[-10.96645,8.3743],[-10.97507,8.37231],[-10.98634,8.37231],[-10.99562,8.37032],[-11.00093,8.3617],[-11.02016,8.35706],[-11.02546,8.35441],[-11.03408,8.34711],[-11.04071,8.33915],[-11.0553,8.33385],[-11.05994,8.33451],[-11.06657,8.3438],[-11.07254,8.34844],[-11.08116,8.34446],[-11.08646,8.33982],[-11.09343,8.34446],[-11.10072,8.34645],[-11.10934,8.34645],[-11.1173,8.34114],[-11.12525,8.34181],[-11.13321,8.34114],[-11.13984,8.34512],[-11.14714,8.35308],[-11.15244,8.35706],[-11.1604,8.35905],[-11.17101,8.36369],[-11.18559,8.36568],[-11.19753,8.36568],[-11.20482,8.36037],[-11.22007,8.34181],[-11.22737,8.33451],[-11.23798,8.3438],[-11.24196,8.35441],[-11.23997,8.36568],[-11.23997,8.3743],[-11.24859,8.39552],[-11.25124,8.4048],[-11.24792,8.41276],[-11.25058,8.42204],[-11.25058,8.43132],[-11.23864,8.4426],[-11.23201,8.44989],[-11.23731,8.45785],[-11.24328,8.46315],[-11.2519,8.47376],[-11.26052,8.48039],[-11.25124,8.49166],[-11.2519,8.50095],[-11.25853,8.51222],[-11.26052,8.51487],[-11.26516,8.51553],[-11.26848,8.51355],[-11.27644,8.51752],[-11.27958,8.52067],[-11.28235,8.52605],[-11.28535,8.52888],[-11.28998,8.53103],[-11.29781,8.53261],[-11.30893,8.53145],[-11.31489,8.5288],[-11.32351,8.52217],[-11.32882,8.51951],[-11.33346,8.51819],[-11.34009,8.52217],[-11.33877,8.52614],[-11.34341,8.52614],[-11.34473,8.5341],[-11.34772,8.54272],[-11.35435,8.5467],[-11.35772,8.552],[-11.36007,8.54814],[-11.36238,8.54797],[-11.36487,8.55099],[-11.36647,8.5501],[-11.36629,8.54424],[-11.37162,8.54246],[-11.37269,8.54015],[-11.37162,8.53731],[-11.37304,8.53571],[-11.37642,8.53535],[-11.37686,8.5334],[-11.38006,8.53144],[-11.38308,8.53269],[-11.3877,8.53819],[-11.38557,8.54157],[-11.38806,8.54761],[-11.3996,8.55116],[-11.40227,8.54939],[-11.40796,8.55276],[-11.41098,8.55099],[-11.414,8.55276],[-11.42039,8.55276],[-11.43505,8.54885],[-11.45051,8.54939],[-11.45921,8.54903],[-11.46454,8.5469],[-11.46934,8.54335],[-11.47538,8.54264],[-11.48204,8.53997],[-11.49235,8.53446],[-11.49928,8.53606],[-11.50603,8.53553],[-11.511,8.53695],[-11.52717,8.53873],[-11.53277,8.53873],[-11.53614,8.53517],[-11.5429,8.52984],[-11.55125,8.52576],[-11.55942,8.52363],[-11.56706,8.52309],[-11.57417,8.52363],[-11.57665,8.52434],[-11.58003,8.52718],[-11.58172,8.52505],[-11.589,8.52096],[-11.58989,8.51883],[-11.58634,8.50426],[-11.58722,8.50159],[-11.58669,8.49911],[-11.58847,8.49289],[-11.5858,8.49342],[-11.58261,8.492],[-11.58296,8.48951],[-11.58776,8.48862],[-11.59226,8.48878],[-11.59006,8.48235],[-11.59006,8.46775],[-11.58495,8.46191],[-11.56998,8.45388],[-11.56195,8.44621],[-11.55629,8.43453],[-11.55374,8.43052],[-11.55337,8.41628],[-11.5541,8.39767],[-11.55009,8.3816],[-11.54644,8.37029],[-11.54206,8.36481],[-11.52563,8.35496],[-11.50738,8.35094],[-11.50045,8.35021],[-11.49059,8.34145],[-11.478,8.32795],[-11.46851,8.31407],[-11.4696,8.29801],[-11.46887,8.28633],[-11.46522,8.2783],[-11.46157,8.26808],[-11.4466,8.25092],[-11.44478,8.24691],[-11.44076,8.24216],[-11.43784,8.23596],[-11.4331,8.23705],[-11.42726,8.23705],[-11.42251,8.23596],[-11.41704,8.23559],[-11.41229,8.23267],[-11.40645,8.23121],[-11.40025,8.22829],[-11.40006,8.22172],[-11.40152,8.21588],[-11.39897,8.21114],[-11.39349,8.21077],[-11.3913,8.20968],[-11.38948,8.19836],[-11.38583,8.1969],[-11.38218,8.19435],[-11.38291,8.18668],[-11.38729,8.17865],[-11.39605,8.17208],[-11.40371,8.16295],[-11.39933,8.15456],[-11.40262,8.14799],[-11.40152,8.14543],[-11.40335,8.1374],[-11.39897,8.13302],[-11.38473,8.13375],[-11.36904,8.1312],[-11.35735,8.12791],[-11.34567,8.12864],[-11.34239,8.12353],[-11.34348,8.11842],[-11.34111,8.11404],[-11.3371,8.0998],[-11.33454,8.09433],[-11.33491,8.07535],[-11.33527,8.06695],[-11.33637,8.06001],[-11.33637,8.05162],[-11.33819,8.04432],[-11.33491,8.03884],[-11.33637,8.03227],[-11.336,8.02424],[-11.33783,8.02169],[-11.36995,8.02424],[-11.37761,8.02607],[-11.38491,8.02205],[-11.38747,8.01658],[-11.38765,8.00891],[-11.38291,8.00344],[-11.3778,7.99942],[-11.37269,7.99723],[-11.36685,7.99321],[-11.36319,7.97496],[-11.36027,7.97095],[-11.36064,7.96547],[-11.35735,7.96146],[-11.3537,7.96036],[-11.35954,7.95525],[-11.36867,7.94321],[-11.39021,7.93627],[-11.39021,7.92605],[-11.38875,7.92094],[-11.38473,7.9151],[-11.384,7.90816],[-11.38729,7.9078],[-11.39057,7.91254],[-11.39897,7.91072],[-11.40773,7.91145],[-11.41211,7.90853],[-11.41722,7.91035],[-11.41868,7.91291],[-11.42123,7.91327],[-11.42488,7.91729],[-11.42817,7.91327],[-11.43072,7.91254],[-11.43584,7.91254],[-11.43803,7.90853],[-11.44241,7.9067],[-11.44697,7.90305],[-11.44952,7.89758],[-11.44843,7.89539],[-11.44989,7.89064],[-11.44587,7.88261],[-11.44733,7.87422],[-11.45317,7.86838],[-11.46193,7.864],[-11.47033,7.86144],[-11.47362,7.85706],[-11.47727,7.84976],[-11.48092,7.8399],[-11.48457,7.83224],[-11.48201,7.82786],[-11.48019,7.82165],[-11.48201,7.818],[-11.4853,7.81435],[-11.48639,7.80997],[-11.48639,7.80559],[-11.48165,7.79939],[-11.49187,7.79062],[-11.49296,7.78551],[-11.48822,7.78223],[-11.47727,7.77967],[-11.47289,7.77967],[-11.46887,7.7815],[-11.46887,7.78515],[-11.46595,7.78624],[-11.46741,7.78807],[-11.46485,7.79135],[-11.45719,7.79391],[-11.45609,7.79902],[-11.45098,7.8045],[-11.45098,7.80924],[-11.4466,7.81143],[-11.43894,7.81837],[-11.43419,7.81983],[-11.43054,7.82238],[-11.42543,7.82275],[-11.42324,7.81691],[-11.41996,7.81618],[-11.41813,7.80888],[-11.41521,7.80377],[-11.4143,7.79866],[-11.4143,7.79427],[-11.41211,7.79172],[-11.40992,7.79135],[-11.40846,7.78624],[-11.40481,7.7804],[-11.40152,7.77967],[-11.40189,7.77602],[-11.40444,7.77347],[-11.40408,7.77018],[-11.40116,7.76872],[-11.40335,7.7596],[-11.40262,7.75704],[-11.40371,7.75376],[-11.40773,7.75339],[-11.41101,7.75485],[-11.41284,7.75157],[-11.41503,7.74938],[-11.41174,7.74646],[-11.41612,7.74427],[-11.41612,7.74208],[-11.41284,7.73843],[-11.41685,7.73624],[-11.41831,7.73295],[-11.41357,7.72674],[-11.41685,7.72638],[-11.42123,7.722],[-11.4205,7.71287],[-11.42269,7.71178],[-11.42561,7.70192],[-11.43036,7.70448],[-11.43219,7.70046],[-11.43876,7.70083],[-11.44058,7.69316],[-11.44277,7.69462],[-11.44788,7.69426],[-11.44825,7.69827],[-11.45299,7.69535],[-11.45263,7.6928],[-11.45518,7.6928],[-11.45701,7.69535],[-11.4581,7.70046],[-11.46175,7.70192],[-11.46285,7.70703],[-11.46978,7.70813],[-11.47343,7.71397],[-11.48292,7.71324],[-11.4873,7.70594],[-11.48785,7.69134],[-11.49114,7.68586],[-11.49771,7.67893],[-11.51012,7.6709],[-11.51523,7.66433],[-11.51705,7.65739],[-11.51669,7.65118],[-11.51377,7.64571],[-11.51012,7.64388],[-11.50502,7.64019],[-11.49263,7.62594],[-11.48855,7.62033],[-11.49532,7.60561],[-11.49789,7.58996],[-11.50069,7.58342],[-11.50139,7.57851],[-11.50093,7.56894],[-11.50163,7.56029],[-11.50537,7.54885],[-11.50817,7.54371],[-11.50443,7.5409],[-11.50069,7.5409],[-11.47476,7.54277],[-11.46986,7.54184],[-11.45724,7.54184],[-11.4521,7.54254],[-11.44953,7.54417],[-11.44603,7.54768],[-11.44206,7.55422],[-11.43668,7.55959],[-11.43026,7.57034],[-11.42185,7.58809],[-11.41601,7.5979],[-11.41063,7.60398],[-11.40479,7.61216],[-11.40503,7.61636],[-11.40363,7.62033],[-11.39872,7.62804],[-11.37325,7.65537],[-11.37069,7.65421],[-11.36928,7.65094],[-11.36835,7.64323],[-11.36882,7.63692],[-11.36449,7.61216],[-11.36146,7.60678],[-11.35305,7.59744],[-11.34861,7.5958],[-11.33226,7.59907],[-11.32455,7.60001],[-11.3152,7.59837],[-11.31053,7.5965],[-11.32151,7.58763],[-11.33155,7.58833],[-11.33763,7.58272],[-11.34207,7.57688],[-11.34814,7.57267],[-11.35784,7.56426],[-11.36204,7.55889],[-11.35947,7.55375],[-11.36531,7.5388],[-11.36508,7.53319],[-11.36671,7.52642],[-11.36508,7.52104],[-11.36111,7.51474],[-11.36391,7.50633],[-11.36391,7.50352],[-11.35912,7.49792],[-11.36076,7.49535],[-11.35935,7.49301],[-11.35608,7.48997],[-11.35211,7.48226],[-11.35422,7.47853],[-11.35468,7.47432],[-11.35351,7.46918],[-11.34861,7.46007],[-11.35422,7.45563],[-11.35165,7.45143],[-11.34837,7.45166],[-11.35048,7.44862],[-11.34931,7.44091],[-11.34604,7.43951],[-11.34277,7.43928],[-11.34277,7.43484],[-11.3409,7.4311],[-11.3277,7.42549],[-11.31719,7.41919],[-11.30667,7.41078],[-11.28752,7.39746],[-11.27794,7.39232],[-11.26766,7.38555],[-11.25061,7.3762],[-11.22596,7.36873],[-11.18741,7.35541],[-11.16755,7.3498],[-11.14348,7.34092]]]]}},{"type":"Feature","properties":{"level":"ADM2","name":"Tonkolili"},"geometry":{"type":"MultiPolygon","coordinates":[[[[-12.64666,8.36755],[-12.64765,8.36035],[-12.64676,8.35662],[-12.64481,8.35431],[-12.64108,8.35431],[-12.63841,8.35217],[-12.63237,8.35484],[-12.62349,8.35217],[-12.61869,8.34915],[-12.61816,8.34738],[-12.61425,8.34151],[-12.60554,8.34134],[-12.60448,8.3408],[-12.60376,8.33618],[-12.60199,8.33299],[-12.59915,8.32996],[-12.5979,8.32126],[-12.59453,8.31664],[-12.59435,8.31433],[-12.59239,8.30971],[-12.58635,8.30811],[-12.58342,8.30651],[-12.57703,8.30527],[-12.56921,8.30527],[-12.56654,8.30296],[-12.55375,8.29869],[-12.54558,8.29372],[-12.53652,8.28999],[-12.5247,8.28786],[-12.51582,8.28715],[-12.49077,8.28875],[-12.48144,8.29372],[-12.47735,8.29408],[-12.46367,8.29159],[-12.45674,8.29923],[-12.45319,8.30225],[-12.44662,8.30616],[-12.44075,8.30811],[-12.43773,8.31042],[-12.43578,8.3138],[-12.43205,8.31522],[-12.42592,8.31451],[-12.42148,8.31166],[-12.41774,8.31131],[-12.41508,8.31344],[-12.40762,8.31451],[-12.40442,8.31699],[-12.39749,8.31682],[-12.39482,8.32002],[-12.39216,8.32552],[-12.39109,8.33192],[-12.38399,8.33601],[-12.37955,8.34205],[-12.37235,8.34738],[-12.37111,8.34986],[-12.37057,8.35306],[-12.36293,8.35004],[-12.36027,8.34986],[-12.3521,8.35448],[-12.34979,8.35377],[-12.34907,8.352],[-12.34446,8.352],[-12.34197,8.3504],[-12.33646,8.34116],[-12.32624,8.33156],[-12.31701,8.3289],[-12.30617,8.3289],[-12.30101,8.32783],[-12.29959,8.32197],[-12.29533,8.32197],[-12.29409,8.31948],[-12.29195,8.32019],[-12.29107,8.32375],[-12.29213,8.32694],[-12.28769,8.32872],[-12.28574,8.33103],[-12.28538,8.33405],[-12.28254,8.33689],[-12.28076,8.33725],[-12.27987,8.33991],[-12.27552,8.34507],[-12.27019,8.3488],[-12.26717,8.34898],[-12.25775,8.35217],[-12.25047,8.35217],[-12.24674,8.35413],[-12.24496,8.34951],[-12.23696,8.34738],[-12.23448,8.34507],[-12.23021,8.34418],[-12.22897,8.34507],[-12.22702,8.34507],[-12.22648,8.34773],[-12.22364,8.34809],[-12.22213,8.35093],[-12.21929,8.35271],[-12.21893,8.35093],[-12.21556,8.35253],[-12.21147,8.35111],[-12.20561,8.35057],[-12.19974,8.35413],[-12.19264,8.3559],[-12.18588,8.35892],[-12.17913,8.3607],[-12.17185,8.36141],[-12.16945,8.3607],[-12.16714,8.35892],[-12.16643,8.35733],[-12.16909,8.35182],[-12.16963,8.3488],[-12.16821,8.34347],[-12.16554,8.33903],[-12.1579,8.32996],[-12.15417,8.32872],[-12.14671,8.32748],[-12.14138,8.32552],[-12.13392,8.32002],[-12.13427,8.31415],[-12.13605,8.3122],[-12.13187,8.30491],[-12.12885,8.30367],[-12.1237,8.30296],[-12.12334,8.30136],[-12.12068,8.30118],[-12.12157,8.29905],[-12.11428,8.29727],[-12.10256,8.28679],[-12.09918,8.28537],[-12.09918,8.28288],[-12.08799,8.27951],[-12.08221,8.27666],[-12.07919,8.27204],[-12.08026,8.26938],[-12.07848,8.266],[-12.07546,8.26281],[-12.06889,8.26014],[-12.06658,8.26014],[-12.06498,8.26138],[-12.06356,8.26085],[-12.05787,8.25534],[-12.05539,8.2541],[-12.05521,8.25232],[-12.05841,8.25037],[-12.05698,8.24877],[-12.0513,8.24806],[-12.04455,8.25055],[-12.03886,8.24966],[-12.03424,8.24166],[-12.03407,8.23811],[-12.03193,8.23651],[-12.02953,8.23722],[-12.02918,8.24042],[-12.03184,8.24682],[-12.03575,8.25303],[-12.03575,8.2557],[-12.03309,8.26476],[-12.03291,8.26867],[-12.03362,8.2724],[-12.03664,8.27702],[-12.03966,8.2843],[-12.03966,8.28661],[-12.03442,8.2891],[-12.03531,8.29727],[-12.03833,8.29745],[-12.04117,8.29585],[-12.04242,8.29283],[-12.04526,8.29159],[-12.05006,8.29141],[-12.05396,8.29372],[-12.05716,8.29994],[-12.06054,8.30918],[-12.06249,8.31166],[-12.06551,8.31309],[-12.06747,8.31593],[-12.06747,8.31895],[-12.06249,8.32606],[-12.05414,8.33458],[-12.05165,8.33814],[-12.05121,8.34134],[-12.0457,8.34755],[-12.0441,8.35146],[-12.04304,8.36443],[-12.03611,8.36959],[-12.03451,8.36941],[-12.03451,8.36585],[-12.03611,8.36283],[-12.03575,8.3607],[-12.03415,8.35804],[-12.03202,8.3575],[-12.02794,8.35786],[-12.02616,8.36159],[-12.02438,8.3703],[-12.02243,8.37172],[-12.01283,8.37172],[-12.00804,8.37314],[-12.0004,8.38824],[-11.9964,8.39144],[-11.99569,8.38753],[-11.99569,8.37882],[-11.99622,8.37616],[-11.99356,8.37403],[-11.99089,8.37349],[-11.98787,8.37047],[-11.98201,8.36781],[-11.9765,8.3639],[-11.96762,8.36123],[-11.96389,8.36212],[-11.96175,8.36123],[-11.9598,8.35839],[-11.9566,8.35999],[-11.95536,8.3575],[-11.95305,8.35839],[-11.95092,8.35626],[-11.94896,8.35821],[-11.94825,8.35448],[-11.94496,8.35644],[-11.94336,8.35573],[-11.94283,8.35324],[-11.94177,8.35164],[-11.93946,8.35164],[-11.93857,8.35075],[-11.93661,8.352],[-11.93501,8.3504],[-11.93111,8.3488],[-11.93022,8.35093],[-11.92755,8.35022],[-11.92453,8.35146],[-11.92275,8.35608],[-11.92116,8.35466],[-11.92045,8.35679],[-11.91636,8.35821],[-11.91476,8.36052],[-11.91067,8.36017],[-11.90961,8.35857],[-11.90268,8.35875],[-11.90037,8.35999],[-11.89877,8.35999],[-11.89069,8.35537],[-11.88589,8.35484],[-11.88003,8.35573],[-11.87754,8.35448],[-11.87274,8.35395],[-11.86865,8.35057],[-11.86563,8.3504],[-11.85782,8.35324],[-11.8516,8.35964],[-11.8484,8.36052],[-11.84209,8.36088],[-11.83605,8.35733],[-11.83214,8.35608],[-11.82735,8.35644],[-11.82326,8.35768],[-11.82077,8.35928],[-11.81811,8.36301],[-11.81633,8.37189],[-11.81331,8.37509],[-11.80318,8.38167],[-11.79652,8.38202],[-11.79528,8.38362],[-11.79137,8.38184],[-11.78906,8.38344],[-11.78835,8.38717],[-11.78675,8.38877],[-11.78444,8.38877],[-11.7816,8.39233],[-11.78,8.39002],[-11.77289,8.39393],[-11.76667,8.39268],[-11.76525,8.39464],[-11.76649,8.39624],[-11.76596,8.3989],[-11.76383,8.39943],[-11.76365,8.39695],[-11.76205,8.39659],[-11.76099,8.39908],[-11.76223,8.40103],[-11.76187,8.40476],[-11.75939,8.40601],[-11.75885,8.40281],[-11.75708,8.40352],[-11.75335,8.4108],[-11.75406,8.41276],[-11.74855,8.41969],[-11.74659,8.42182],[-11.741,8.42218],[-11.7394,8.42804],[-11.73922,8.43106],[-11.73691,8.43461],[-11.73851,8.43692],[-11.73887,8.43888],[-11.73762,8.44048],[-11.7346,8.43941],[-11.733,8.43959],[-11.73247,8.4419],[-11.73105,8.44421],[-11.7314,8.44527],[-11.73016,8.44652],[-11.73052,8.44776],[-11.73158,8.44847],[-11.73034,8.45025],[-11.72838,8.4506],[-11.72678,8.45202],[-11.72696,8.45895],[-11.72856,8.46055],[-11.7298,8.46375],[-11.72892,8.46695],[-11.73034,8.4689],[-11.73087,8.47121],[-11.73283,8.47317],[-11.73185,8.47867],[-11.72936,8.48347],[-11.72616,8.48276],[-11.71977,8.47921],[-11.71035,8.47601],[-11.70413,8.47459],[-11.69969,8.47459],[-11.68619,8.47121],[-11.67064,8.47317],[-11.65323,8.47334],[-11.64719,8.47423],[-11.64061,8.47423],[-11.63475,8.4753],[-11.62978,8.47494],[-11.62436,8.47548],[-11.61139,8.4801],[-11.59291,8.4888],[-11.58776,8.48862],[-11.58296,8.48951],[-11.58261,8.492],[-11.5858,8.49342],[-11.58847,8.49289],[-11.58669,8.49911],[-11.58722,8.50159],[-11.58634,8.50426],[-11.58989,8.51883],[-11.589,8.52096],[-11.58172,8.52505],[-11.58003,8.52718],[-11.57665,8.52434],[-11.57417,8.52363],[-11.56706,8.52309],[-11.55942,8.52363],[-11.55125,8.52576],[-11.5429,8.52984],[-11.53614,8.53517],[-11.53277,8.53873],[-11.52717,8.53873],[-11.511,8.53695],[-11.50603,8.53553],[-11.49928,8.53606],[-11.49235,8.53446],[-11.48204,8.53997],[-11.47538,8.54264],[-11.46934,8.54335],[-11.46454,8.5469],[-11.45921,8.54903],[-11.45051,8.54939],[-11.43505,8.54885],[-11.42039,8.55276],[-11.414,8.55276],[-11.41098,8.55099],[-11.40796,8.55276],[-11.40227,8.54939],[-11.3996,8.55116],[-11.38806,8.54761],[-11.38557,8.54157],[-11.3877,8.53819],[-11.38308,8.53269],[-11.38006,8.53144],[-11.37686,8.5334],[-11.37642,8.53535],[-11.37304,8.53571],[-11.37162,8.53731],[-11.37269,8.54015],[-11.37162,8.54246],[-11.36629,8.54424],[-11.36647,8.5501],[-11.36487,8.55099],[-11.36238,8.54797],[-11.36007,8.54814],[-11.3583,8.55063],[-11.35652,8.5549],[-11.35457,8.55454],[-11.35226,8.55312],[-11.34852,8.55525],[-11.34355,8.55951],[-11.33929,8.56467],[-11.33964,8.57231],[-11.3368,8.57462],[-11.3384,8.57817],[-11.33822,8.58332],[-11.34151,8.59114],[-11.3408,8.59452],[-11.34222,8.59629],[-11.34293,8.59949],[-11.34542,8.59914],[-11.3463,8.60731],[-11.3495,8.61406],[-11.34897,8.61974],[-11.35128,8.62099],[-11.35234,8.62436],[-11.3527,8.62721],[-11.35217,8.63058],[-11.35288,8.63183],[-11.35003,8.6368],[-11.35066,8.64195],[-11.34817,8.6416],[-11.34728,8.64551],[-11.34924,8.64728],[-11.34995,8.65208],[-11.35119,8.65546],[-11.35066,8.65954],[-11.36141,8.66363],[-11.36869,8.67464],[-11.36905,8.67713],[-11.37189,8.68388],[-11.37669,8.6901],[-11.37455,8.69543],[-11.37828,8.70005],[-11.37846,8.70432],[-11.3813,8.70947],[-11.38326,8.7116],[-11.3813,8.71693],[-11.3829,8.72226],[-11.38202,8.72741],[-11.38584,8.73363],[-11.38477,8.73683],[-11.38761,8.73949],[-11.38708,8.74198],[-11.39223,8.74376],[-11.3933,8.74927],[-11.39578,8.75193],[-11.39454,8.75922],[-11.39845,8.77219],[-11.40271,8.77574],[-11.40609,8.78196],[-11.40653,8.78711],[-11.40849,8.78853],[-11.40831,8.79191],[-11.414,8.79617],[-11.41524,8.80381],[-11.41879,8.81039],[-11.4211,8.81269],[-11.42199,8.81785],[-11.42395,8.81998],[-11.42608,8.82762],[-11.42874,8.83046],[-11.42972,8.83437],[-11.4315,8.83775],[-11.43274,8.84574],[-11.43736,8.85125],[-11.44233,8.86173],[-11.44464,8.86369],[-11.44766,8.8644],[-11.45619,8.86902],[-11.47254,8.86173],[-11.47982,8.85605],[-11.48284,8.85249],[-11.48391,8.84254],[-11.49475,8.84183],[-11.50274,8.84308],[-11.51731,8.84396],[-11.53019,8.84592],[-11.54174,8.84965],[-11.54689,8.84894],[-11.55364,8.84929],[-11.55702,8.85356],[-11.55844,8.85622],[-11.55844,8.85853],[-11.55951,8.86013],[-11.55844,8.86173],[-11.55453,8.86031],[-11.55293,8.86102],[-11.55151,8.86013],[-11.55009,8.86298],[-11.55222,8.86582],[-11.55151,8.86902],[-11.54316,8.87843],[-11.54316,8.88554],[-11.54085,8.88732],[-11.54174,8.88998],[-11.53854,8.89016],[-11.54085,8.89442],[-11.5357,8.89425],[-11.53401,8.89904],[-11.52993,8.90295],[-11.52922,8.90953],[-11.52779,8.9113],[-11.52389,8.91148],[-11.52051,8.91788],[-11.51909,8.91788],[-11.52033,8.91308],[-11.51856,8.91272],[-11.51625,8.91379],[-11.50949,8.91894],[-11.50878,8.92214],[-11.50789,8.91805],[-11.51145,8.91468],[-11.50825,8.90935],[-11.50043,8.91237],[-11.49972,8.90864],[-11.49812,8.90668],[-11.4951,8.90722],[-11.49386,8.90384],[-11.49173,8.90473],[-11.49137,8.91006],[-11.48924,8.91414],[-11.49066,8.91699],[-11.48746,8.92409],[-11.4864,8.92942],[-11.48409,8.93156],[-11.48151,8.92978],[-11.4808,8.92552],[-11.47902,8.9248],[-11.47583,8.92178],[-11.47192,8.92783],[-11.47298,8.93102],[-11.47458,8.93085],[-11.47245,8.93475],[-11.47014,8.93689],[-11.47014,8.93902],[-11.46783,8.94328],[-11.4673,8.94701],[-11.46836,8.94968],[-11.46659,8.95394],[-11.4657,8.95821],[-11.46037,8.9591],[-11.46019,8.96194],[-11.45699,8.9662],[-11.45841,8.96869],[-11.45664,8.97153],[-11.45788,8.97349],[-11.45593,8.97846],[-11.45522,8.98432],[-11.45788,8.9845],[-11.45459,8.98663],[-11.45317,8.98965],[-11.45068,8.98681],[-11.44766,8.9861],[-11.44358,8.98628],[-11.44269,8.99516],[-11.44411,8.99587],[-11.44074,8.99907],[-11.44091,9.00653],[-11.43807,9.00991],[-11.43629,9.014],[-11.43949,9.01595],[-11.44056,9.0179],[-11.43985,9.02537],[-11.44145,9.02537],[-11.44269,9.02803],[-11.44624,9.02945],[-11.44766,9.03247],[-11.44997,9.03532],[-11.44829,9.03958],[-11.44864,9.04473],[-11.44509,9.04882],[-11.44615,9.05184],[-11.44438,9.06357],[-11.44456,9.06605],[-11.44633,9.0673],[-11.44598,9.06907],[-11.44189,9.07387],[-11.44313,9.07849],[-11.44171,9.08435],[-11.4442,9.08595],[-11.44233,9.09466],[-11.44358,9.09714],[-11.44198,9.09928],[-11.44411,9.10478],[-11.44358,9.11118],[-11.44447,9.11225],[-11.44376,9.11402],[-11.44411,9.11562],[-11.4434,9.11847],[-11.44393,9.12166],[-11.44145,9.12522],[-11.44233,9.1277],[-11.44358,9.12841],[-11.44411,9.12966],[-11.44358,9.13321],[-11.44376,9.13943],[-11.44562,9.1492],[-11.4442,9.15133],[-11.44509,9.15613],[-11.44687,9.15791],[-11.44704,9.1604],[-11.44829,9.16359],[-11.4506,9.16537],[-11.45255,9.16519],[-11.45237,9.16732],[-11.45468,9.16839],[-11.45628,9.17088],[-11.45628,9.17265],[-11.45788,9.17639],[-11.45912,9.17443],[-11.4609,9.17354],[-11.46268,9.17603],[-11.4625,9.17923],[-11.4641,9.18243],[-11.4657,9.18278],[-11.46783,9.18189],[-11.46978,9.18403],[-11.47121,9.18456],[-11.47511,9.18118],[-11.4792,9.18065],[-11.48329,9.18527],[-11.48435,9.18438],[-11.48631,9.1842],[-11.48613,9.18562],[-11.48791,9.18669],[-11.49022,9.18634],[-11.49075,9.18474],[-11.49182,9.18438],[-11.49466,9.1858],[-11.49999,9.17941],[-11.50265,9.1787],[-11.50461,9.17425],[-11.50976,9.16857],[-11.51118,9.16573],[-11.51331,9.16484],[-11.51989,9.16395],[-11.52415,9.16004],[-11.52735,9.16359],[-11.53055,9.16164],[-11.53392,9.15773],[-11.53694,9.15542],[-11.54219,9.15453],[-11.54236,9.15169],[-11.54716,9.15098],[-11.55178,9.1492],[-11.55391,9.14956],[-11.55551,9.14778],[-11.55764,9.14796],[-11.55995,9.15045],[-11.56226,9.15151],[-11.56422,9.15009],[-11.56972,9.13659],[-11.57754,9.13215],[-11.57967,9.13019],[-11.57772,9.12557],[-11.57879,9.12344],[-11.57683,9.12024],[-11.58163,9.11669],[-11.58643,9.11616],[-11.58891,9.11438],[-11.59282,9.10905],[-11.60002,9.10247],[-11.60428,9.0975],[-11.60624,9.09377],[-11.60961,9.09075],[-11.61299,9.08595],[-11.62169,9.07991],[-11.6288,9.07174],[-11.63999,9.06392],[-11.64159,9.05912],[-11.64586,9.05379],[-11.64737,9.06747],[-11.6527,9.07902],[-11.66922,9.0943],[-11.68326,9.10141],[-11.68805,9.10461],[-11.7052,9.10923],[-11.71728,9.11349],[-11.71426,9.12095],[-11.71284,9.12913],[-11.71373,9.13446],[-11.71088,9.13925],[-11.71035,9.14405],[-11.70769,9.14778],[-11.70964,9.1508],[-11.7084,9.15578],[-11.70866,9.16093],[-11.70813,9.16537],[-11.7092,9.16804],[-11.70795,9.17212],[-11.70742,9.18509],[-11.70777,9.18989],[-11.70582,9.19326],[-11.70973,9.19628],[-11.70991,9.19948],[-11.70813,9.20233],[-11.70955,9.20588],[-11.70911,9.22951],[-11.71302,9.25634],[-11.71328,9.26842],[-11.71275,9.27588],[-11.71346,9.28263],[-11.71772,9.29098],[-11.72394,9.28654],[-11.73194,9.27943],[-11.7426,9.26753],[-11.74633,9.26167],[-11.74828,9.25634],[-11.74899,9.25083],[-11.75113,9.24514],[-11.76445,9.2439],[-11.77067,9.24514],[-11.77795,9.24443],[-11.78168,9.24585],[-11.78666,9.24461],[-11.79643,9.24408],[-11.79714,9.23288],[-11.79674,9.231],[-11.79631,9.23112],[-11.79631,9.21617],[-11.79717,9.21019],[-11.7993,9.2072],[-11.80571,9.2025],[-11.81254,9.19994],[-11.82151,9.18584],[-11.8181,9.17004],[-11.82493,9.16235],[-11.83433,9.1568],[-11.83817,9.14826],[-11.83796,9.14142],[-11.84223,9.12135],[-11.83881,9.11452],[-11.83369,9.10811],[-11.82685,9.1064],[-11.81959,9.10597],[-11.81617,9.10042],[-11.8166,9.09102],[-11.81319,9.08291],[-11.8055,9.07778],[-11.79781,9.07437],[-11.79226,9.07266],[-11.78628,9.07309],[-11.78115,9.06882],[-11.76407,9.06113],[-11.76236,9.05643],[-11.76791,9.05472],[-11.76748,9.04447],[-11.76877,9.04148],[-11.77432,9.04319],[-11.77944,9.0402],[-11.7803,9.03166],[-11.78457,9.0308],[-11.78905,9.02226],[-11.79845,9.02012],[-11.79845,9.015],[-11.80016,9.01286],[-11.80571,9.01286],[-11.81297,9.01585],[-11.82151,9.02867],[-11.82408,9.02739],[-11.82023,9.0197],[-11.82151,9.01671],[-11.82536,9.02098],[-11.82963,9.02183],[-11.83219,9.02098],[-11.83347,9.01842],[-11.82877,9.01116],[-11.83219,9.00518],[-11.83817,8.99877],[-11.84116,8.99706],[-11.84458,8.99962],[-11.85098,9.00133],[-11.86422,8.9945],[-11.87106,8.98766],[-11.86508,8.98254],[-11.86764,8.97613],[-11.87063,8.97314],[-11.87875,8.97442],[-11.88302,8.974],[-11.88729,8.97186],[-11.88515,8.96631],[-11.88216,8.9646],[-11.88003,8.96161],[-11.88045,8.95777],[-11.87917,8.95563],[-11.87447,8.9552],[-11.87149,8.95264],[-11.87277,8.94923],[-11.8749,8.94709],[-11.86978,8.94453],[-11.87234,8.93129],[-11.87341,8.9189],[-11.87255,8.91378],[-11.87255,8.90481],[-11.86828,8.89712],[-11.86914,8.89157],[-11.867,8.88302],[-11.867,8.87918],[-11.87127,8.8779],[-11.87127,8.87363],[-11.87512,8.86765],[-11.88451,8.85996],[-11.88067,8.85569],[-11.88195,8.85056],[-11.88195,8.84629],[-11.88408,8.84245],[-11.88323,8.83305],[-11.88622,8.8275],[-11.88408,8.80999],[-11.88216,8.80486],[-11.88387,8.80145],[-11.88473,8.79675],[-11.88131,8.7929],[-11.87917,8.78778],[-11.88302,8.77924],[-11.88643,8.78137],[-11.88814,8.78137],[-11.88857,8.77881],[-11.88643,8.77497],[-11.88772,8.76984],[-11.89028,8.76642],[-11.89626,8.76386],[-11.90266,8.75276],[-11.90523,8.75233],[-11.90779,8.75489],[-11.90992,8.75446],[-11.91121,8.74977],[-11.91334,8.74806],[-11.9159,8.74806],[-11.91847,8.75019],[-11.92231,8.74806],[-11.92701,8.74421],[-11.93213,8.74165],[-11.93555,8.73866],[-11.94068,8.73695],[-11.9458,8.73396],[-11.94879,8.73012],[-11.95306,8.72713],[-11.971,8.71901],[-11.98082,8.71261],[-11.9962,8.7062],[-11.99962,8.69766],[-11.99983,8.68954],[-12.00282,8.68399],[-12.00496,8.68143],[-12.01094,8.67972],[-12.01478,8.68015],[-12.01905,8.68314],[-12.02161,8.68356],[-12.02546,8.68271],[-12.02503,8.68613],[-12.02546,8.68826],[-12.02802,8.68912],[-12.03443,8.67972],[-12.03827,8.67929],[-12.04126,8.68143],[-12.03955,8.68784],[-12.04041,8.6904],[-12.04425,8.69211],[-12.05279,8.69168],[-12.05834,8.68613],[-12.06005,8.68613],[-12.06176,8.68912],[-12.06262,8.6951],[-12.06176,8.69894],[-12.06005,8.70278],[-12.06347,8.70492],[-12.07287,8.70407],[-12.07586,8.69253],[-12.07415,8.68741],[-12.07158,8.68442],[-12.07287,8.681],[-12.08098,8.68314],[-12.09123,8.67759],[-12.09379,8.67545],[-12.09807,8.67545],[-12.10319,8.67417],[-12.10575,8.66819],[-12.10832,8.66434],[-12.11131,8.66349],[-12.11472,8.66392],[-12.116,8.66904],[-12.11857,8.6746],[-12.12156,8.67759],[-12.12625,8.69125],[-12.12924,8.69382],[-12.13223,8.70022],[-12.13565,8.70449],[-12.14291,8.70492],[-12.15359,8.70919],[-12.15701,8.71304],[-12.16128,8.71645],[-12.17469,8.73781],[-12.17776,8.74054],[-12.18118,8.74225],[-12.18596,8.73917],[-12.19109,8.73337],[-12.19587,8.72516],[-12.19895,8.72311],[-12.2051,8.72277],[-12.20988,8.72892],[-12.21364,8.72892],[-12.22047,8.7238],[-12.2215,8.72106],[-12.22047,8.71457],[-12.22594,8.71457],[-12.23004,8.7156],[-12.23277,8.71799],[-12.24063,8.72141],[-12.2461,8.72653],[-12.24952,8.732],[-12.25088,8.73644],[-12.25293,8.7402],[-12.25874,8.74669],[-12.26182,8.74396],[-12.26319,8.73952],[-12.26216,8.73439],[-12.26216,8.72653],[-12.26284,8.72141],[-12.26455,8.71765],[-12.26968,8.71286],[-12.27822,8.71081],[-12.28027,8.71355],[-12.28095,8.71799],[-12.27924,8.72072],[-12.27241,8.72277],[-12.27104,8.72619],[-12.2707,8.73029],[-12.27173,8.74054],[-12.26592,8.74703],[-12.26797,8.75045],[-12.27344,8.7525],[-12.27822,8.75182],[-12.28198,8.74908],[-12.28437,8.74567],[-12.28744,8.74464],[-12.29325,8.74874],[-12.29496,8.75557],[-12.29701,8.75933],[-12.30077,8.76104],[-12.30419,8.76104],[-12.30624,8.75831],[-12.30795,8.75455],[-12.31068,8.73815],[-12.31375,8.73302],[-12.32046,8.73014],[-12.32421,8.72378],[-12.3234,8.72135],[-12.31772,8.71827],[-12.31513,8.71762],[-12.31383,8.71616],[-12.31627,8.70968],[-12.31918,8.70709],[-12.32194,8.7079],[-12.32534,8.71017],[-12.33231,8.71941],[-12.3341,8.71941],[-12.33474,8.71746],[-12.33426,8.71049],[-12.33653,8.70822],[-12.35152,8.69704],[-12.36384,8.69282],[-12.36741,8.69331],[-12.37179,8.69574],[-12.3747,8.69817],[-12.37713,8.70109],[-12.37697,8.70563],[-12.37827,8.70725],[-12.38508,8.7006],[-12.38362,8.69266],[-12.38524,8.68812],[-12.3914,8.68034],[-12.38848,8.67353],[-12.38832,8.67013],[-12.38978,8.66818],[-12.39578,8.66915],[-12.40113,8.66818],[-12.39456,8.65213],[-12.39002,8.64743],[-12.38727,8.6463],[-12.38402,8.6463],[-12.38046,8.64484],[-12.37819,8.64306],[-12.37106,8.63965],[-12.36506,8.63949],[-12.36003,8.63835],[-12.35403,8.63527],[-12.3516,8.63252],[-12.34706,8.62993],[-12.33345,8.63301],[-12.33021,8.63333],[-12.32826,8.63268],[-12.32696,8.63106],[-12.3281,8.62263],[-12.32777,8.61858],[-12.32526,8.60642],[-12.32315,8.60415],[-12.31926,8.59767],[-12.31764,8.59637],[-12.31278,8.59475],[-12.30516,8.58972],[-12.30103,8.5881],[-12.29957,8.58551],[-12.29007,8.57401],[-12.29065,8.57254],[-12.29244,8.57141],[-12.29454,8.57108],[-12.29406,8.56914],[-12.29552,8.56752],[-12.29714,8.56119],[-12.29973,8.5573],[-12.30184,8.55552],[-12.30476,8.55568],[-12.30719,8.55374],[-12.3097,8.55293],[-12.31975,8.54709],[-12.32186,8.54401],[-12.32267,8.54109],[-12.32526,8.54109],[-12.32834,8.54369],[-12.33012,8.54401],[-12.33337,8.54417],[-12.33564,8.54288],[-12.35566,8.5244],[-12.35857,8.52051],[-12.36457,8.51564],[-12.3743,8.50559],[-12.38897,8.49927],[-12.39253,8.497],[-12.40955,8.49246],[-12.41231,8.49084],[-12.41782,8.49003],[-12.42414,8.48955],[-12.44157,8.49036],[-12.44578,8.48955],[-12.45421,8.48355],[-12.45843,8.48241],[-12.4744,8.47528],[-12.47715,8.47317],[-12.48396,8.47009],[-12.49985,8.46134],[-12.51022,8.45761],[-12.52894,8.45388],[-12.53235,8.45404],[-12.5351,8.45307],[-12.53526,8.44821],[-12.53851,8.43881],[-12.54175,8.43362],[-12.54434,8.43362],[-12.54564,8.43216],[-12.55115,8.43573],[-12.55456,8.43978],[-12.5599,8.43994],[-12.56088,8.44091],[-12.56153,8.44335],[-12.56542,8.44497],[-12.56639,8.45275],[-12.56841,8.45696],[-12.57036,8.46442],[-12.57571,8.46474],[-12.57976,8.46831],[-12.5796,8.4722],[-12.58219,8.48193],[-12.58933,8.48906],[-12.59127,8.48825],[-12.5984,8.49263],[-12.60148,8.497],[-12.6044,8.49246],[-12.60829,8.4782],[-12.61072,8.47188],[-12.61243,8.45291],[-12.61648,8.44156],[-12.61729,8.42989],[-12.61859,8.42438],[-12.62458,8.41692],[-12.62847,8.4106],[-12.63139,8.40282],[-12.63107,8.39942],[-12.63253,8.39309],[-12.63269,8.38791],[-12.63196,8.38304],[-12.63342,8.3751],[-12.6352,8.3717],[-12.63682,8.37056],[-12.64006,8.37072],[-12.64525,8.36764],[-12.64666,8.36755]]]]}},{"type":"Feature","properties":{"level":"ADM2","name":"Kono"},"geometry":{"type":"MultiPolygon","coordinates":[[[[-10.64344,8.45428],[-10.64223,8.4534],[-10.64048,8.45781],[-10.64048,8.46089],[-10.64215,8.46373],[-10.63873,8.46706],[-10.63988,8.46978],[-10.64226,8.47235],[-10.64054,8.47509],[-10.63476,8.47543],[-10.63201,8.47793],[-10.6316,8.48101],[-10.63358,8.48541],[-10.63376,8.48842],[-10.63268,8.49092],[-10.62366,8.48667],[-10.62024,8.49157],[-10.62167,8.49279],[-10.62035,8.49602],[-10.62122,8.49751],[-10.62606,8.50104],[-10.62708,8.50514],[-10.62583,8.50891],[-10.62252,8.51347],[-10.62001,8.52772],[-10.61522,8.53046],[-10.61368,8.53303],[-10.61323,8.53542],[-10.61494,8.53816],[-10.61459,8.54192],[-10.61186,8.54546],[-10.60938,8.54206],[-10.60739,8.54305],[-10.6047,8.54614],[-10.60062,8.54555],[-10.59612,8.54736],[-10.59346,8.55001],[-10.59262,8.5543],[-10.5895,8.56288],[-10.58488,8.57047],[-10.57917,8.57399],[-10.57684,8.57225],[-10.57409,8.57274],[-10.57434,8.57899],[-10.57291,8.58317],[-10.57368,8.58599],[-10.57301,8.58982],[-10.5748,8.59261],[-10.5757,8.59566],[-10.57525,8.59754],[-10.57224,8.59908],[-10.569,8.60237],[-10.56442,8.60103],[-10.56201,8.59929],[-10.56051,8.59879],[-10.55959,8.5992],[-10.55918,8.60378],[-10.55801,8.6042],[-10.55551,8.60328],[-10.55326,8.60462],[-10.55168,8.60678],[-10.55027,8.60736],[-10.54735,8.60695],[-10.54602,8.60745],[-10.54377,8.60903],[-10.54135,8.61494],[-10.53777,8.61619],[-10.53527,8.61652],[-10.53111,8.61494],[-10.52944,8.61528],[-10.52553,8.61669],[-10.5217,8.61961],[-10.51987,8.61994],[-10.51804,8.61869],[-10.5162,8.61561],[-10.51224,8.61433],[-10.51065,8.61614],[-10.50951,8.62061],[-10.4932,8.62549],[-10.49143,8.62726],[-10.49299,8.63017],[-10.49234,8.63224],[-10.49008,8.63484],[-10.47928,8.64045],[-10.47772,8.64534],[-10.47419,8.64638],[-10.47127,8.64903],[-10.47112,8.65069],[-10.47258,8.65318],[-10.47643,8.65677],[-10.47289,8.65993],[-10.47233,8.66116],[-10.47195,8.66232],[-10.47247,8.66762],[-10.46998,8.67136],[-10.46832,8.67261],[-10.46593,8.66991],[-10.46478,8.67219],[-10.46634,8.67406],[-10.46509,8.67701],[-10.46509,8.67909],[-10.46634,8.68059],[-10.46993,8.68284],[-10.47209,8.68684],[-10.47483,8.68367],[-10.477,8.68309],[-10.47541,8.689],[-10.47608,8.69267],[-10.47434,8.69433],[-10.47546,8.69571],[-10.47812,8.69487],[-10.47987,8.69562],[-10.48146,8.6997],[-10.4827,8.69954],[-10.48295,8.69887],[-10.4837,8.69912],[-10.48412,8.70245],[-10.48953,8.70728],[-10.49212,8.7062],[-10.49503,8.70595],[-10.495,8.70849],[-10.49378,8.70995],[-10.49345,8.71228],[-10.49786,8.71111],[-10.49944,8.71245],[-10.49969,8.71394],[-10.49878,8.71619],[-10.49661,8.71661],[-10.49636,8.71736],[-10.49586,8.72394],[-10.49745,8.72527],[-10.50086,8.72644],[-10.50186,8.72918],[-10.50419,8.73152],[-10.50586,8.73601],[-10.50427,8.73951],[-10.50094,8.74068],[-10.49736,8.73976],[-10.4957,8.74143],[-10.49711,8.74318],[-10.50053,8.74351],[-10.50452,8.74118],[-10.50636,8.74159],[-10.50777,8.74309],[-10.5099,8.74238],[-10.51073,8.74047],[-10.51177,8.74126],[-10.51152,8.74476],[-10.50994,8.74617],[-10.50985,8.74751],[-10.51085,8.74867],[-10.5121,8.75267],[-10.51244,8.75875],[-10.51464,8.76337],[-10.51598,8.76795],[-10.51943,8.78282],[-10.52193,8.78465],[-10.52393,8.78448],[-10.52476,8.78673],[-10.52843,8.78757],[-10.53222,8.7906],[-10.53255,8.79244],[-10.53346,8.79352],[-10.53471,8.79477],[-10.53605,8.7946],[-10.53713,8.79552],[-10.53671,8.79827],[-10.53963,8.79993],[-10.53971,8.8026],[-10.54063,8.80343],[-10.54396,8.80393],[-10.54529,8.80201],[-10.54871,8.80077],[-10.54871,8.79877],[-10.54929,8.79827],[-10.55004,8.7986],[-10.55137,8.8021],[-10.55503,8.80526],[-10.56003,8.80376],[-10.56078,8.80401],[-10.56086,8.8056],[-10.55895,8.80934],[-10.56176,8.81597],[-10.55816,8.81979],[-10.55749,8.82154],[-10.55874,8.82296],[-10.55757,8.82429],[-10.55907,8.82687],[-10.55832,8.82854],[-10.55916,8.82904],[-10.55966,8.83054],[-10.55891,8.83289],[-10.55966,8.83553],[-10.55891,8.83853],[-10.55966,8.84295],[-10.55891,8.84486],[-10.56157,8.84661],[-10.56116,8.84994],[-10.5617,8.85415],[-10.56368,8.85439],[-10.56307,8.85769],[-10.56365,8.85902],[-10.56532,8.8596],[-10.56607,8.86102],[-10.56757,8.8701],[-10.5694,8.87126],[-10.57115,8.87551],[-10.57007,8.87718],[-10.57032,8.87942],[-10.56932,8.87959],[-10.56923,8.88059],[-10.57036,8.88238],[-10.57136,8.88613],[-10.57227,8.88638],[-10.57277,8.88521],[-10.57452,8.88688],[-10.57361,8.89029],[-10.57585,8.89196],[-10.57511,8.89737],[-10.57594,8.89879],[-10.57411,8.90478],[-10.57452,8.90678],[-10.57327,8.90845],[-10.57548,8.91365],[-10.5749,8.91598],[-10.5754,8.92123],[-10.5779,8.92348],[-10.57823,8.92698],[-10.57723,8.92931],[-10.57952,8.93118],[-10.58202,8.93177],[-10.5811,8.93318],[-10.58302,8.93693],[-10.58277,8.93951],[-10.58435,8.94076],[-10.58252,8.94168],[-10.58377,8.94268],[-10.58335,8.94509],[-10.58535,8.95267],[-10.58801,8.95742],[-10.58943,8.957],[-10.5891,8.959],[-10.58535,8.95917],[-10.58531,8.96379],[-10.58597,8.96412],[-10.58781,8.96337],[-10.58872,8.96537],[-10.58897,8.96762],[-10.58806,8.96962],[-10.58922,8.97195],[-10.59022,8.97686],[-10.58964,8.98411],[-10.59155,8.98886],[-10.59139,8.99219],[-10.58972,8.99718],[-10.58864,8.99785],[-10.58881,8.9986],[-10.58772,9.00043],[-10.58614,9.00051],[-10.58597,9.00351],[-10.58831,9.00451],[-10.58918,9.00822],[-10.58772,9.01217],[-10.58472,9.01267],[-10.58248,9.01384],[-10.58323,9.01592],[-10.5801,9.01496],[-10.57952,9.01771],[-10.58127,9.02313],[-10.57977,9.02554],[-10.57994,9.02787],[-10.58127,9.02979],[-10.57777,9.03354],[-10.57777,9.03553],[-10.57694,9.03778],[-10.57536,9.0392],[-10.57511,9.0417],[-10.57344,9.04403],[-10.57344,9.04594],[-10.57844,9.04694],[-10.58882,9.04268],[-10.59744,9.04136],[-10.60407,9.04202],[-10.60871,9.04069],[-10.62198,9.04202],[-10.62595,9.03672],[-10.63126,9.0334],[-10.64187,9.02478],[-10.67303,9.01815],[-10.67834,9.0155],[-10.679,9.00887],[-10.68232,9.00887],[-10.68431,9.00224],[-10.68232,8.99494],[-10.68696,8.98234],[-10.69425,8.97173],[-10.69425,8.96577],[-10.68696,8.9651],[-10.679,8.96311],[-10.67502,8.95648],[-10.67398,8.94711],[-10.6744,8.93989],[-10.6737,8.9346],[-10.69027,8.93593],[-10.70287,8.93593],[-10.7168,8.9346],[-10.72873,8.93062],[-10.73801,8.93328],[-10.74067,8.93858],[-10.74796,8.93659],[-10.75559,8.93261],[-10.76089,8.9346],[-10.76885,8.93991],[-10.77614,8.93991],[-10.78145,8.94388],[-10.79007,8.94322],[-10.79978,8.93369],[-10.82587,8.93593],[-10.83648,8.93792],[-10.84275,8.94647],[-10.8448,8.94806],[-10.84846,8.94906],[-10.85129,8.95272],[-10.85712,8.95189],[-10.86195,8.94939],[-10.86545,8.94864],[-10.8667,8.94747],[-10.86845,8.94889],[-10.87028,8.94881],[-10.8707,8.94964],[-10.87203,8.94981],[-10.87534,8.94771],[-10.87598,8.94876],[-10.87557,8.95359],[-10.88077,8.95597],[-10.88319,8.95822],[-10.8936,8.97146],[-10.89701,8.97437],[-10.89768,8.97446],[-10.91142,8.95772],[-10.9125,8.95755],[-10.91542,8.96138],[-10.91733,8.96255],[-10.91999,8.96577],[-10.92316,8.97162],[-10.92491,8.97321],[-10.92591,8.97637],[-10.93024,8.98095],[-10.93166,8.98478],[-10.93191,8.98578],[-10.93127,8.98642],[-10.93197,8.98765],[-10.92401,8.99627],[-10.91406,9.00887],[-10.92799,9.01682],[-10.93727,9.02412],[-10.95352,9.03008],[-10.96346,9.03605],[-10.97142,9.0387],[-10.99463,9.05064],[-11.00457,9.06059],[-11.01187,9.05661],[-11.04568,9.07385],[-11.05563,9.07783],[-11.07353,9.07584],[-11.08016,9.07053],[-11.08215,9.06258],[-11.09144,9.06655],[-11.09608,9.06788],[-11.1047,9.06788],[-11.11663,9.05396],[-11.12194,9.04467],[-11.1226,9.03274],[-11.12724,9.02279],[-11.1352,9.0155],[-11.13586,9.00953],[-11.13321,9.00025],[-11.12923,9.00025],[-11.12525,8.99627],[-11.12393,8.97836],[-11.12724,8.97306],[-11.13653,8.96776],[-11.14448,8.96444],[-11.14647,8.95648],[-11.14515,8.94786],[-11.14946,8.93991],[-11.15741,8.9346],[-11.16404,8.922],[-11.17598,8.93725],[-11.1899,8.93858],[-11.20118,8.92996],[-11.21179,8.93261],[-11.22306,8.93792],[-11.22704,8.93328],[-11.23168,8.93195],[-11.23831,8.93129],[-11.23964,8.92797],[-11.24693,8.91869],[-11.24892,8.91471],[-11.25621,8.9094],[-11.25422,8.90543],[-11.25024,8.9094],[-11.25223,8.90012],[-11.25555,8.89747],[-11.2529,8.89017],[-11.2582,8.88288],[-11.26947,8.86233],[-11.28406,8.86166],[-11.29334,8.86034],[-11.29732,8.85503],[-11.29732,8.84376],[-11.29865,8.83182],[-11.30661,8.82188],[-11.30528,8.81392],[-11.30329,8.80729],[-11.30594,8.80132],[-11.32053,8.7927],[-11.33976,8.77612],[-11.3391,8.76552],[-11.34109,8.75955],[-11.34109,8.75093],[-11.34639,8.74828],[-11.34772,8.74164],[-11.34838,8.7317],[-11.34705,8.72507],[-11.35103,8.71711],[-11.34838,8.70982],[-11.35037,8.7012],[-11.34061,8.67618],[-11.33262,8.66502],[-11.33258,8.66323],[-11.34119,8.66102],[-11.35066,8.65954],[-11.35119,8.65546],[-11.34995,8.65208],[-11.34924,8.64728],[-11.34728,8.64551],[-11.34817,8.6416],[-11.35066,8.64195],[-11.35003,8.6368],[-11.35288,8.63183],[-11.35217,8.63058],[-11.3527,8.62721],[-11.35128,8.62099],[-11.34897,8.61974],[-11.3495,8.61406],[-11.3463,8.60731],[-11.34542,8.59914],[-11.34293,8.59949],[-11.34222,8.59629],[-11.3408,8.59452],[-11.34151,8.59114],[-11.33822,8.58332],[-11.3384,8.57817],[-11.3368,8.57462],[-11.33964,8.57231],[-11.33929,8.56467],[-11.34355,8.55951],[-11.34852,8.55525],[-11.35226,8.55312],[-11.35457,8.55454],[-11.35652,8.5549],[-11.35772,8.552],[-11.35435,8.5467],[-11.34772,8.54272],[-11.34473,8.5341],[-11.34341,8.52614],[-11.33877,8.52614],[-11.34009,8.52217],[-11.33346,8.51819],[-11.32882,8.51951],[-11.32351,8.52217],[-11.31489,8.5288],[-11.30893,8.53145],[-11.29581,8.53236],[-11.28998,8.53103],[-11.28535,8.52888],[-11.28235,8.52605],[-11.27958,8.52067],[-11.27644,8.51752],[-11.26848,8.51355],[-11.26516,8.51553],[-11.26052,8.51487],[-11.2519,8.50095],[-11.25124,8.49166],[-11.26052,8.48039],[-11.2519,8.47376],[-11.24328,8.46315],[-11.23731,8.45785],[-11.23201,8.44989],[-11.23864,8.4426],[-11.25058,8.43132],[-11.25058,8.42204],[-11.24792,8.41276],[-11.25124,8.4048],[-11.24859,8.39552],[-11.23997,8.3743],[-11.23997,8.36568],[-11.24196,8.35441],[-11.23798,8.3438],[-11.22737,8.33451],[-11.22007,8.34181],[-11.20482,8.36037],[-11.19753,8.36568],[-11.18559,8.36568],[-11.17101,8.36369],[-11.1604,8.35905],[-11.15244,8.35706],[-11.14714,8.35308],[-11.13984,8.34512],[-11.13321,8.34114],[-11.12525,8.34181],[-11.1173,8.34114],[-11.10934,8.34645],[-11.10072,8.34645],[-11.09343,8.34446],[-11.08646,8.33982],[-11.08116,8.34446],[-11.07254,8.34844],[-11.06657,8.3438],[-11.05994,8.33451],[-11.0553,8.33385],[-11.04071,8.33915],[-11.03408,8.34711],[-11.02546,8.35441],[-11.02016,8.35706],[-11.00093,8.3617],[-10.99562,8.37032],[-10.98634,8.37231],[-10.97507,8.37231],[-10.96645,8.3743],[-10.95716,8.37894],[-10.95186,8.3869],[-10.94788,8.38822],[-10.93793,8.39021],[-10.92799,8.3869],[-10.92401,8.3796],[-10.91075,8.38226],[-10.89417,8.37562],[-10.88223,8.38623],[-10.8703,8.39088],[-10.85505,8.3922],[-10.84444,8.39154],[-10.84444,8.39751],[-10.84842,8.40347],[-10.83847,8.41077],[-10.82985,8.41342],[-10.82256,8.41408],[-10.81327,8.41143],[-10.80465,8.40812],[-10.78078,8.41143],[-10.76686,8.41143],[-10.75426,8.41408],[-10.74299,8.41475],[-10.73636,8.42005],[-10.73067,8.42625],[-10.7284,8.4353],[-10.72442,8.4426],[-10.69856,8.44193],[-10.69657,8.44923],[-10.68928,8.44923],[-10.68132,8.45055],[-10.67303,8.45652],[-10.6611,8.45917],[-10.65778,8.46315],[-10.65049,8.4658],[-10.64344,8.45428]]]]}},{"type":"Feature","properties":{"level":"ADM2","name":"Western Area Rural"},"geometry":{"type":"MultiPolygon","coordinates":[[[[-13.24441,8.09522],[-13.24153,8.097],[-13.24152,8.09808],[-13.2445,8.10216],[-13.24571,8.10121],[-13.24536,8.09846],[-13.25017,8.09716],[-13.25137,8.09609],[-13.2509,8.09477],[-13.2491,8.09441],[-13.24574,8.09427],[-13.24441,8.09522]]],[[[-13.22131,8.10888],[-13.21962,8.11222],[-13.22129,8.11354],[-13.23102,8.11143],[-13.23464,8.10774],[-13.2362,8.10811],[-13.23764,8.10751],[-13.23814,8.10405],[-13.23909,8.10441],[-13.24162,8.10346],[-13.24282,8.10227],[-13.24211,8.1],[-13.24104,8.0982],[-13.23911,8.09975],[-13.23659,8.10057],[-13.23239,8.0996],[-13.22999,8.09995],[-13.22458,8.10267],[-13.22037,8.10385],[-13.22024,8.10744],[-13.22131,8.10888]]],[[[-13.19069,8.13937],[-13.19008,8.14116],[-13.19199,8.14284],[-13.19548,8.14214],[-13.19645,8.13915],[-13.19909,8.13916],[-13.19898,8.13629],[-13.20127,8.13427],[-13.2026,8.13416],[-13.2026,8.13224],[-13.20512,8.13225],[-13.20369,8.13117],[-13.20369,8.13045],[-13.20634,8.12963],[-13.20695,8.12664],[-13.20923,8.12593],[-13.21357,8.12248],[-13.21681,8.12178],[-13.21994,8.12],[-13.22032,8.1151],[-13.21961,8.11342],[-13.21397,8.11232],[-13.20929,8.11277],[-13.20712,8.11432],[-13.20843,8.11696],[-13.20818,8.12031],[-13.20721,8.12126],[-13.20672,8.12401],[-13.206,8.12424],[-13.20361,8.12292],[-13.20276,8.12327],[-13.2024,8.12447],[-13.20311,8.12662],[-13.20262,8.12818],[-13.20046,8.12912],[-13.19698,8.12935],[-13.19565,8.13078],[-13.19457,8.13101],[-13.1954,8.13341],[-13.19323,8.13459],[-13.19286,8.13746],[-13.19069,8.13937]]],[[[-13.16331,8.20237],[-13.16446,8.20665],[-13.16758,8.2055],[-13.1676,8.20122],[-13.16331,8.20237]]],[[[-13.04111,8.3757],[-13.04779,8.37487],[-13.06445,8.37447],[-13.06504,8.37169],[-13.06074,8.36563],[-13.06065,8.36439],[-13.05979,8.36342],[-13.06041,8.36261],[-13.06642,8.3699],[-13.06783,8.37497],[-13.07101,8.37685],[-13.07217,8.37825],[-13.07601,8.3799],[-13.079,8.38283],[-13.08084,8.37933],[-13.0798,8.38583],[-13.08144,8.38883],[-13.08234,8.39215],[-13.08889,8.40166],[-13.09212,8.41161],[-13.09352,8.41356],[-13.09584,8.41413],[-13.10537,8.41254],[-13.10485,8.41091],[-13.10608,8.41101],[-13.10656,8.41013],[-13.10543,8.40481],[-13.10607,8.403],[-13.10788,8.40143],[-13.1084,8.40376],[-13.10744,8.40437],[-13.10751,8.40698],[-13.10865,8.41014],[-13.1108,8.41271],[-13.11535,8.41522],[-13.12013,8.41322],[-13.12525,8.41355],[-13.12979,8.41814],[-13.13187,8.41884],[-13.13315,8.41859],[-13.13369,8.4183],[-13.13366,8.41708],[-13.13169,8.41561],[-13.13191,8.4145],[-13.13423,8.4127],[-13.13551,8.41502],[-13.13674,8.41544],[-13.14062,8.41079],[-13.1406,8.40914],[-13.13735,8.40604],[-13.13714,8.40511],[-13.13957,8.40354],[-13.14176,8.39927],[-13.14447,8.39935],[-13.14665,8.39806],[-13.14877,8.39863],[-13.14986,8.39804],[-13.15324,8.39965],[-13.15475,8.3994],[-13.15674,8.40044],[-13.16235,8.40122],[-13.16264,8.40404],[-13.16717,8.40534],[-13.16716,8.40694],[-13.16946,8.40763],[-13.16996,8.40911],[-13.17133,8.40811],[-13.17262,8.40837],[-13.17465,8.41036],[-13.17613,8.41074],[-13.17647,8.41219],[-13.17913,8.41385],[-13.17991,8.42289],[-13.17882,8.42669],[-13.18789,8.43773],[-13.19041,8.43978],[-13.19626,8.44746],[-13.20037,8.45412],[-13.20281,8.4552],[-13.20774,8.46004],[-13.20986,8.46405],[-13.21121,8.46847],[-13.21423,8.47155],[-13.21346,8.47319],[-13.21415,8.4743],[-13.21524,8.47462],[-13.21587,8.47721],[-13.22133,8.48028],[-13.22312,8.48356],[-13.22528,8.47865],[-13.22289,8.47621],[-13.2213,8.47214],[-13.22275,8.46939],[-13.2224,8.46805],[-13.22332,8.46876],[-13.22292,8.46732],[-13.22574,8.46576],[-13.22273,8.4633],[-13.22325,8.46057],[-13.22713,8.45694],[-13.23145,8.45471],[-13.2419,8.46232],[-13.24418,8.45999],[-13.24578,8.46052],[-13.24777,8.45847],[-13.24747,8.45782],[-13.24487,8.45758],[-13.24387,8.45577],[-13.24451,8.45522],[-13.24548,8.45554],[-13.2446,8.45245],[-13.24377,8.452],[-13.2432,8.4428],[-13.24192,8.43874],[-13.25425,8.43952],[-13.25915,8.43898],[-13.26123,8.43946],[-13.26174,8.43939],[-13.26169,8.43837],[-13.26353,8.43884],[-13.26772,8.43821],[-13.26867,8.43857],[-13.27098,8.44151],[-13.27694,8.44244],[-13.27847,8.4413],[-13.28,8.44127],[-13.28171,8.43708],[-13.28245,8.43759],[-13.283,8.43691],[-13.28359,8.43734],[-13.28475,8.436],[-13.28672,8.43638],[-13.28722,8.43494],[-13.2891,8.43536],[-13.29169,8.43703],[-13.29357,8.43657],[-13.29045,8.4312],[-13.28975,8.42638],[-13.29416,8.42332],[-13.29129,8.42091],[-13.28961,8.42081],[-13.28786,8.41982],[-13.28367,8.41951],[-13.27938,8.41488],[-13.27288,8.40547],[-13.27059,8.39762],[-13.26813,8.39611],[-13.26443,8.39012],[-13.26361,8.38688],[-13.26481,8.38725],[-13.26494,8.38498],[-13.26147,8.38197],[-13.26171,8.38137],[-13.26016,8.37945],[-13.25824,8.37932],[-13.25705,8.37669],[-13.24445,8.36006],[-13.23764,8.35238],[-13.23406,8.34578],[-13.22963,8.34433],[-13.22483,8.34407],[-13.21931,8.34273],[-13.21715,8.34188],[-13.21236,8.33767],[-13.2078,8.33717],[-13.20529,8.33537],[-13.20458,8.33381],[-13.20241,8.33428],[-13.19701,8.32008],[-13.19597,8.31182],[-13.19215,8.30642],[-13.19067,8.30324],[-13.19223,8.30193],[-13.1944,8.30182],[-13.19488,8.30075],[-13.1932,8.30098],[-13.19308,8.30038],[-13.19428,8.29979],[-13.19273,8.29751],[-13.19526,8.2968],[-13.19442,8.29584],[-13.18866,8.29546],[-13.18796,8.29223],[-13.1864,8.29162],[-13.18414,8.28611],[-13.18427,8.28503],[-13.18655,8.28385],[-13.1868,8.28301],[-13.18608,8.28241],[-13.18415,8.28407],[-13.17983,8.28286],[-13.17659,8.28296],[-13.17623,8.28212],[-13.17504,8.28176],[-13.17478,8.28415],[-13.17287,8.28319],[-13.1713,8.28533],[-13.16746,8.28496],[-13.16553,8.28674],[-13.15952,8.28635],[-13.16554,8.28315],[-13.17035,8.28162],[-13.17186,8.28001],[-13.16852,8.27533],[-13.16782,8.2721],[-13.16952,8.2678],[-13.1712,8.26637],[-13.17325,8.26626],[-13.17326,8.2622],[-13.17507,8.26149],[-13.17592,8.25946],[-13.17281,8.25669],[-13.17089,8.25644],[-13.16766,8.25475],[-13.16611,8.25152],[-13.16583,8.24595],[-13.16431,8.23781],[-13.16156,8.23481],[-13.15966,8.23049],[-13.15705,8.21216],[-13.16189,8.20317],[-13.16262,8.2003],[-13.16228,8.19719],[-13.16336,8.196],[-13.16434,8.19326],[-13.16257,8.18679],[-13.16454,8.1746],[-13.16419,8.17268],[-13.1612,8.17123],[-13.15963,8.17158],[-13.14391,8.18389],[-13.13945,8.18854],[-13.13499,8.19139],[-13.12933,8.19722],[-13.1274,8.19793],[-13.12188,8.19695],[-13.11515,8.20038],[-13.11106,8.20096],[-13.10949,8.20227],[-13.10745,8.2025],[-13.10539,8.20668],[-13.10311,8.20727],[-13.10169,8.21149],[-13.09871,8.21248],[-13.09398,8.21248],[-13.09005,8.21516],[-13.08934,8.21661],[-13.08331,8.21871],[-13.08186,8.22038],[-13.08233,8.22242],[-13.08147,8.2266],[-13.07845,8.2291],[-13.07821,8.23089],[-13.07579,8.23327],[-13.07063,8.23384],[-13.06521,8.23633],[-13.06112,8.23942],[-13.05812,8.23869],[-13.04755,8.24031],[-13.03784,8.23632],[-13.03353,8.23546],[-13.02968,8.2358],[-13.01719,8.23976],[-13.017,8.23836],[-13.0121,8.2351],[-13.00442,8.23351],[-13.00274,8.23434],[-13.00129,8.23637],[-12.99864,8.23743],[-12.98976,8.23691],[-12.98807,8.23869],[-12.98286,8.24811],[-12.98057,8.25026],[-12.97868,8.25557],[-12.97466,8.26264],[-12.9745,8.26412],[-12.97249,8.26629],[-12.96797,8.26613],[-12.9658,8.26128],[-12.96546,8.25826],[-12.96273,8.25298],[-12.95693,8.24956],[-12.95425,8.24923],[-12.95141,8.25006],[-12.9499,8.25174],[-12.94856,8.25943],[-12.94655,8.26312],[-12.94388,8.26462],[-12.93902,8.26613],[-12.93685,8.26496],[-12.93459,8.26223],[-12.93273,8.26595],[-12.93629,8.26793],[-12.93075,8.26991],[-12.92956,8.27189],[-12.92679,8.27268],[-12.92758,8.27664],[-12.926,8.2802],[-12.92323,8.28178],[-12.92125,8.28416],[-12.91848,8.28891],[-12.91729,8.29326],[-12.91571,8.29366],[-12.91333,8.2988],[-12.9169,8.30276],[-12.91452,8.30632],[-12.91769,8.31107],[-12.92085,8.32057],[-12.92007,8.32451],[-12.926,8.33007],[-12.92758,8.33877],[-12.926,8.34431],[-12.9256,8.35104],[-12.92046,8.35183],[-12.91888,8.35302],[-12.91808,8.35777],[-12.91808,8.3637],[-12.92085,8.36727],[-12.92916,8.36647],[-12.94183,8.36885],[-12.9634,8.37122],[-12.97448,8.37122],[-12.97923,8.37043],[-12.9816,8.36885],[-12.98398,8.36608],[-12.98754,8.3641],[-12.99862,8.36727],[-13.00337,8.36608],[-13.00654,8.36806],[-13.01287,8.37558],[-13.01485,8.37518],[-13.01603,8.37795],[-13.0188,8.37795],[-13.02157,8.38349],[-13.02355,8.3831],[-13.02395,8.37716],[-13.02553,8.3736],[-13.02949,8.37241],[-13.03266,8.3736],[-13.03463,8.37518],[-13.03701,8.37043],[-13.04017,8.3732],[-13.04111,8.3757]]]]}},{"type":"Feature","properties":{"level":"ADM2","name":"Western Area Urban"},"geometry":{"type":"MultiPolygon","coordinates":[[[[-13.13369,8.4183],[-13.13401,8.41872],[-13.13224,8.41943],[-13.12729,8.41808],[-13.12612,8.41926],[-13.1288,8.42198],[-13.13076,8.42643],[-13.13163,8.4274],[-13.13261,8.42668],[-13.13279,8.42567],[-13.13325,8.42591],[-13.13509,8.42472],[-13.1392,8.42626],[-13.14021,8.42602],[-13.1411,8.42716],[-13.14305,8.4275],[-13.14283,8.42951],[-13.1475,8.43335],[-13.14955,8.43563],[-13.14998,8.43703],[-13.1506,8.43703],[-13.15038,8.43757],[-13.15145,8.43778],[-13.15053,8.43819],[-13.15317,8.44279],[-13.15323,8.44319],[-13.15265,8.44299],[-13.15294,8.44434],[-13.15438,8.44548],[-13.15477,8.44792],[-13.15565,8.44773],[-13.1554,8.44888],[-13.15801,8.45228],[-13.15869,8.45237],[-13.15886,8.4537],[-13.16232,8.45582],[-13.1644,8.45645],[-13.16589,8.45612],[-13.16733,8.45823],[-13.16905,8.45875],[-13.16933,8.46226],[-13.17137,8.4639],[-13.1709,8.4654],[-13.17202,8.46766],[-13.17929,8.47343],[-13.18205,8.47794],[-13.18305,8.47831],[-13.18605,8.47713],[-13.18499,8.48025],[-13.18552,8.48145],[-13.18755,8.4823],[-13.18979,8.4808],[-13.19143,8.4809],[-13.19386,8.48243],[-13.19544,8.48195],[-13.19544,8.48112],[-13.19653,8.48059],[-13.19939,8.4818],[-13.202,8.481],[-13.20331,8.48285],[-13.20239,8.48572],[-13.20538,8.48583],[-13.20612,8.48479],[-13.20725,8.48567],[-13.20662,8.4876],[-13.20399,8.48729],[-13.20284,8.48807],[-13.20286,8.49042],[-13.2058,8.49093],[-13.2096,8.49403],[-13.21621,8.49407],[-13.21631,8.492],[-13.21926,8.49071],[-13.2235,8.49064],[-13.22694,8.49196],[-13.22814,8.48985],[-13.22901,8.48961],[-13.23131,8.49129],[-13.23237,8.49312],[-13.23701,8.49072],[-13.23732,8.48963],[-13.23898,8.48875],[-13.23915,8.48737],[-13.24175,8.48793],[-13.24542,8.49311],[-13.24509,8.49245],[-13.24721,8.49376],[-13.24934,8.49336],[-13.25074,8.49279],[-13.25311,8.4892],[-13.2528,8.48699],[-13.25163,8.48672],[-13.25045,8.48502],[-13.25234,8.48517],[-13.25502,8.48424],[-13.25599,8.48433],[-13.25641,8.48546],[-13.25773,8.48594],[-13.25757,8.48803],[-13.25872,8.48702],[-13.26012,8.48793],[-13.25895,8.48992],[-13.2613,8.49396],[-13.26804,8.49713],[-13.27094,8.49467],[-13.27084,8.49363],[-13.27211,8.49271],[-13.27161,8.49038],[-13.27377,8.48791],[-13.27299,8.48598],[-13.2742,8.48578],[-13.27431,8.48253],[-13.27679,8.48214],[-13.276,8.47793],[-13.27872,8.47424],[-13.27934,8.47637],[-13.27795,8.47938],[-13.27862,8.48155],[-13.27943,8.48141],[-13.27962,8.48289],[-13.28057,8.48336],[-13.27984,8.48375],[-13.28028,8.48423],[-13.27959,8.48438],[-13.27964,8.48548],[-13.28072,8.48721],[-13.28178,8.48745],[-13.28303,8.48656],[-13.28307,8.48707],[-13.28124,8.49022],[-13.27932,8.49204],[-13.27507,8.49181],[-13.27398,8.49302],[-13.27322,8.49292],[-13.27493,8.49422],[-13.2791,8.49456],[-13.2808,8.49648],[-13.28403,8.49621],[-13.28712,8.49972],[-13.29022,8.49933],[-13.29089,8.49762],[-13.29211,8.49698],[-13.29375,8.49707],[-13.29582,8.49915],[-13.29708,8.49936],[-13.2975,8.49676],[-13.29886,8.49408],[-13.29585,8.49175],[-13.29316,8.49178],[-13.29105,8.48904],[-13.28492,8.47743],[-13.28058,8.46525],[-13.27839,8.45501],[-13.2777,8.45434],[-13.27941,8.45293],[-13.27996,8.45342],[-13.28078,8.45291],[-13.27965,8.44673],[-13.28,8.44127],[-13.27847,8.4413],[-13.27694,8.44244],[-13.2715,8.44169],[-13.26772,8.43821],[-13.26353,8.43884],[-13.26169,8.43837],[-13.26174,8.43939],[-13.26123,8.43946],[-13.25915,8.43898],[-13.25425,8.43952],[-13.24192,8.43874],[-13.2432,8.4428],[-13.24377,8.452],[-13.2446,8.45245],[-13.24548,8.45554],[-13.24451,8.45522],[-13.24387,8.45577],[-13.24487,8.45758],[-13.24747,8.45782],[-13.24777,8.45847],[-13.24578,8.46052],[-13.24418,8.45999],[-13.2419,8.46232],[-13.23145,8.45471],[-13.22713,8.45694],[-13.22325,8.46057],[-13.22273,8.4633],[-13.22574,8.46576],[-13.22292,8.46732],[-13.22332,8.46876],[-13.2224,8.46805],[-13.22275,8.46939],[-13.2213,8.47214],[-13.22289,8.47621],[-13.22528,8.47865],[-13.22312,8.48356],[-13.22133,8.48028],[-13.21587,8.47721],[-13.21524,8.47462],[-13.21415,8.4743],[-13.21346,8.47319],[-13.21423,8.47155],[-13.21121,8.46847],[-13.20986,8.46405],[-13.20774,8.46004],[-13.20281,8.4552],[-13.20037,8.45412],[-13.19626,8.44746],[-13.19041,8.43978],[-13.18789,8.43773],[-13.17882,8.42669],[-13.17991,8.42289],[-13.17913,8.41385],[-13.17647,8.41219],[-13.17613,8.41074],[-13.17465,8.41036],[-13.17418,8.40937],[-13.17204,8.4081],[-13.16996,8.40911],[-13.16946,8.40763],[-13.16716,8.40694],[-13.16717,8.40534],[-13.16264,8.40404],[-13.16235,8.40122],[-13.15674,8.40044],[-13.15475,8.3994],[-13.15324,8.39965],[-13.14986,8.39804],[-13.14877,8.39863],[-13.14665,8.39806],[-13.14447,8.39935],[-13.14123,8.39965],[-13.13957,8.40354],[-13.13714,8.40511],[-13.13735,8.40604],[-13.1406,8.40914],[-13.14062,8.41079],[-13.13674,8.41544],[-13.13551,8.41502],[-13.13423,8.4127],[-13.13191,8.4145],[-13.13169,8.41561],[-13.13366,8.41708],[-13.13369,8.4183]]]]}}]}