{"type":"FeatureCollection","attribution":"Chiefdoms from geoBoundaries (gbOpen, CC BY 4.0)","features":[{"type":"Feature","properties":{"name":"Bonthe Urban","district":"Bonthe"},"geometry":{"type":"MultiPolygon","coordinates":[[[[-12.48914,7.53539],[-12.49231,7.52936],[-12.4836,7.52084],[-12.48294,7.52284],[-12.48432,7.52751],[-12.48914,7.53539]]],[[[-12.49341,7.54743],[-12.49656,7.54523],[-12.4944,7.5425],[-12.4934,7.5425],[-12.49248,7.54508],[-12.49341,7.54743]]],[[[-12.48194,7.55087],[-12.48316,7.55008],[-12.48316,7.54792],[-12.48068,7.54291],[-12.47933,7.54242],[-12.47749,7.54442],[-12.47308,7.5445],[-12.47265,7.5457],[-12.48194,7.55087]]],[[[-12.47493,7.52302],[-12.47666,7.51935],[-12.47741,7.51252],[-12.47266,7.51327],[-12.47208,7.51519],[-12.47493,7.52302]]],[[[-12.4927,7.54195],[-12.4969,7.54192],[-12.49716,7.5322],[-12.49526,7.53184],[-12.4924,7.53617],[-12.4927,7.54195]]],[[[-12.46589,7.54357],[-12.47041,7.54434],[-12.47741,7.53993],[-12.47771,7.53833],[-12.47265,7.5256],[-12.46908,7.52152],[-12.467,7.52243],[-12.46658,7.5251],[-12.46134,7.52768],[-12.46109,7.53326],[-12.45909,7.53467],[-12.45942,7.54067],[-12.46589,7.54357]]],[[[-12.50002,7.51956],[-12.49995,7.52577],[-12.5021,7.53376],[-12.50992,7.54041],[-12.51541,7.5487],[-12.5191,7.54865],[-12.52393,7.54607],[-12.53347,7.5372],[-12.53495,7.52192],[-12.52797,7.52029],[-12.51235,7.5206],[-12.50989,7.51873],[-12.50002,7.51956]]]]}},{"type":"Feature","properties":{"name":"York Rural","district":"Western Area Rural"},"geometry":{"type":"MultiPolygon","coordinates":[[[[-13.24441,8.09522],[-13.24152,8.09808],[-13.2445,8.10216],[-13.24571,8.10121],[-13.24536,8.09846],[-13.25137,8.09609],[-13.2491,8.09441],[-13.24441,8.09522]]],[[[-13.22131,8.10888],[-13.21962,8.11222],[-13.22129,8.11354],[-13.23102,8.11143],[-13.23464,8.10774],[-13.23764,8.10751],[-13.23814,8.10405],[-13.24282,8.10227],[-13.24211,8.1],[-13.24104,8.0982],[-13.23659,8.10057],[-13.22999,8.09995],[-13.22037,8.10385],[-13.22131,8.10888]]],[[[-13.19069,8.13937],[-13.19008,8.14116],[-13.19199,8.14284],[-13.19548,8.14214],[-13.19645,8.13915],[-13.19909,8.13916],[-13.19898,8.13629],[-13.2026,8.13416],[-13.2026,8.13224],[-13.20512,8.13225],[-13.20369,8.13045],[-13.20634,8.12963],[-13.20695,8.12664],[-13.21994,8.12],[-13.21961,8.11342],[-13.21397,8.11232],[-13.20929,8.11277],[-13.20712,8.11432],[-13.20843,8.11696],[-13.20672,8.12401],[-13.20276,8.12327],[-13.20262,8.12818],[-13.19457,8.13101],[-13.1954,8.13341],[-13.19323,8.13459],[-13.19286,8.13746],[-13.19069,8.13937]]],[[[-13.16331,8.20237],[-13.16446,8.20665],[-13.16758,8.2055],[-13.1676,8.20122],[-13.16331,8.20237]]],[[[-13.24192,8.43874],[-13.26123,8.43946],[-13.26169,8.43837],[-13.26772,8.43821],[-13.27098,8.44151],[-13.27728,8.44236],[-13.28,8.44127],[-13.28171,8.43708],[-13.28672,8.43638],[-13.28722,8.43494],[-13.29345,8.43671],[-13.29045,8.4312],[-13.28975,8.42638],[-13.29416,8.42332],[-13.29129,8.42091],[-13.28367,8.41951],[-13.27938,8.41488],[-13.27288,8.40547],[-13.27059,8.39762],[-13.26813,8.39611],[-13.26443,8.39012],[-13.26361,8.38688],[-13.26481,8.38725],[-13.26494,8.38498],[-13.26016,8.37945],[-13.25824,8.37932],[-13.23764,8.35238],[-13.23406,8.34578],[-13.21931,8.34273],[-13.21236,8.33767],[-13.2078,8.33717],[-13.20458,8.33381],[-13.20241,8.33428],[-13.19701,8.32008],[-13.19597,8.31182],[-13.19067,8.30324],[-13.1944,8.30182],[-13.19488,8.30075],[-13.1932,8.30098],[-13.19428,8.29979],[-13.19273,8.29751],[-13.19526,8.2968],[-13.18866,8.29546],[-13.18414,8.28611],[-13.1868,8.28301],[-13.18608,8.28241],[-13.18415,8.28407],[-13.17504,8.28176],[-13.17478,8.28415],[-13.17287,8.28319],[-13.1713,8.28533],[-13.16746,8.28496],[-13.16553,8.28674],[-13.15952,8.28635],[-13.17186,8.28001],[-13.16852,8.27533],[-13.16782,8.2721],[-13.16952,8.2678],[-13.17325,8.26626],[-13.17326,8.2622],[-13.17507,8.26149],[-13.17592,8.25946],[-13.17281,8.25669],[-13.16766,8.25475],[-13.16611,8.25152],[-13.16431,8.23781],[-13.15966,8.23049],[-13.15756,8.21757],[-13.15705,8.21216],[-13.16189,8.20317],[-13.16228,8.19719],[-13.16434,8.19326],[-13.16257,8.18679],[-13.16419,8.17268],[-13.15963,8.17158],[-13.12933,8.19722],[-13.12188,8.19695],[-13.10745,8.2025],[-13.10539,8.20668],[-13.10311,8.20727],[-13.10169,8.21149],[-13.09398,8.21248],[-13.08934,8.21661],[-13.08331,8.21871],[-13.08186,8.22038],[-13.08147,8.2266],[-13.07579,8.23327],[-13.07063,8.23384],[-13.06112,8.23942],[-13.05812,8.23869],[-13.04755,8.24031],[-13.03353,8.23546],[-13.01719,8.23976],[-13.01685,8.24553],[-13.01127,8.25555],[-13.01859,8.2575],[-13.02277,8.26063],[-13.02658,8.26747],[-13.03203,8.27067],[-13.03443,8.27151],[-13.03936,8.26923],[-13.03664,8.26721],[-13.038,8.26434],[-13.04118,8.26359],[-13.0429,8.26446],[-13.04346,8.26801],[-13.04638,8.27009],[-13.04722,8.26569],[-13.0559,8.26413],[-13.05701,8.26246],[-13.05615,8.2614],[-13.05869,8.26276],[-13.05904,8.2606],[-13.06222,8.25842],[-13.06479,8.26188],[-13.06753,8.26232],[-13.06651,8.26341],[-13.06807,8.26902],[-13.06728,8.27265],[-13.06818,8.27096],[-13.06996,8.27073],[-13.07474,8.27582],[-13.08281,8.27495],[-13.08397,8.27271],[-13.08987,8.27522],[-13.09968,8.28154],[-13.10333,8.28923],[-13.10838,8.2911],[-13.1206,8.29964],[-13.14089,8.32074],[-13.1524,8.33574],[-13.15573,8.34397],[-13.17599,8.37369],[-13.19,8.38201],[-13.20902,8.3986],[-13.21367,8.40628],[-13.22109,8.41193],[-13.22581,8.41752],[-13.23691,8.43524],[-13.24192,8.43874]]]]}},{"type":"Feature","properties":{"name":"Yoni","district":"Tonkolili"},"geometry":{"type":"Polygon","coordinates":[[[-12.099,8.49228],[-12.10276,8.48427],[-12.10518,8.45928],[-12.1077,8.45128],[-12.11943,8.43973],[-12.12582,8.43775],[-12.13112,8.43982],[-12.14164,8.44998],[-12.14928,8.45303],[-12.15841,8.46638],[-12.15904,8.47241],[-12.16416,8.48338],[-12.17275,8.48827],[-12.1794,8.48899],[-12.18722,8.48486],[-12.19136,8.48504],[-12.19774,8.4809],[-12.20493,8.47946],[-12.20547,8.48153],[-12.20116,8.48693],[-12.20053,8.48998],[-12.20997,8.49007],[-12.21999,8.48787],[-12.22458,8.48805],[-12.23546,8.49308],[-12.25128,8.49749],[-12.26391,8.53098],[-12.26859,8.53754],[-12.27196,8.54532],[-12.27358,8.55719],[-12.29007,8.57401],[-12.29065,8.57254],[-12.29454,8.57108],[-12.29406,8.56914],[-12.29714,8.56119],[-12.30184,8.55552],[-12.30476,8.55568],[-12.31975,8.54709],[-12.32267,8.54109],[-12.32526,8.54109],[-12.33012,8.54401],[-12.33337,8.54417],[-12.33564,8.54288],[-12.3743,8.50559],[-12.39253,8.497],[-12.41231,8.49084],[-12.42414,8.48955],[-12.44157,8.49036],[-12.44578,8.48955],[-12.45421,8.48355],[-12.4744,8.47528],[-12.49985,8.46134],[-12.51022,8.45761],[-12.5351,8.45307],[-12.53526,8.44821],[-12.53851,8.43881],[-12.54175,8.43362],[-12.54434,8.43362],[-12.54564,8.43216],[-12.55115,8.43573],[-12.55456,8.43978],[-12.5599,8.43994],[-12.56153,8.44335],[-12.56542,8.44497],[-12.56639,8.45275],[-12.57036,8.46442],[-12.57571,8.46474],[-12.57976,8.46831],[-12.5796,8.4722],[-12.58219,8.48193],[-12.58933,8.48906],[-12.59127,8.48825],[-12.5984,8.49263],[-12.60148,8.497],[-12.6044,8.49246],[-12.61072,8.47188],[-12.61243,8.45291],[-12.61648,8.44156],[-12.61859,8.42438],[-12.62847,8.4106],[-12.63139,8.40282],[-12.63269,8.38791],[-12.63196,8.38304],[-12.63342,8.3751],[-12.63682,8.37056],[-12.64006,8.37072],[-12.64666,8.36755],[-12.64765,8.36035],[-12.64676,8.35662],[-12.64481,8.35431],[-12.64108,8.35431],[-12.63841,8.35217],[-12.63237,8.35484],[-12.62349,8.35217],[-12.61869,8.34915],[-12.61425,8.34151],[-12.60448,8.3408],[-12.60376,8.33618],[-12.59915,8.32996],[-12.5979,8.32126],[-12.59453,8.31664],[-12.59239,8.30971],[-12.57703,8.30527],[-12.56921,8.30527],[-12.56654,8.30296],[-12.55375,8.29869],[-12.53652,8.28999],[-12.51582,8.28715],[-12.49077,8.28875],[-12.48144,8.29372],[-12.47735,8.29408],[-12.46367,8.29159],[-12.45319,8.30225],[-12.44075,8.30811],[-12.43578,8.3138],[-12.43205,8.31522],[-12.42592,8.31451],[-12.42148,8.31166],[-12.41774,8.31131],[-12.41508,8.31344],[-12.40762,8.31451],[-12.40442,8.31699],[-12.39749,8.31682],[-12.39216,8.32552],[-12.39109,8.33192],[-12.38399,8.33601],[-12.37955,8.34205],[-12.37235,8.34738],[-12.37057,8.35306],[-12.36027,8.34986],[-12.3521,8.35448],[-12.34979,8.35377],[-12.34907,8.352],[-12.34446,8.352],[-12.34197,8.3504],[-12.33646,8.34116],[-12.32624,8.33156],[-12.31701,8.3289],[-12.30101,8.32783],[-12.29959,8.32197],[-12.29533,8.32197],[-12.29409,8.31948],[-12.29195,8.32019],[-12.29107,8.32375],[-12.29213,8.32694],[-12.28769,8.32872],[-12.28574,8.33103],[-12.28538,8.33405],[-12.28076,8.33725],[-12.27552,8.34507],[-12.27019,8.3488],[-12.25775,8.35217],[-12.25047,8.35217],[-12.24674,8.35413],[-12.24496,8.34951],[-12.23021,8.34418],[-12.22702,8.34507],[-12.22648,8.34773],[-12.22364,8.34809],[-12.22213,8.35093],[-12.21929,8.35271],[-12.21893,8.35093],[-12.21556,8.35253],[-12.20561,8.35057],[-12.19974,8.35413],[-12.18588,8.35892],[-12.17185,8.36141],[-12.16945,8.3607],[-12.16643,8.35733],[-12.16963,8.3488],[-12.16554,8.33903],[-12.1579,8.32996],[-12.14138,8.32552],[-12.13392,8.32002],[-12.13427,8.31415],[-12.13605,8.3122],[-12.13187,8.30491],[-12.1237,8.30296],[-12.12334,8.30136],[-12.12068,8.30118],[-12.12157,8.29905],[-12.11428,8.29727],[-12.10256,8.28679],[-12.09918,8.28537],[-12.09918,8.28288],[-12.08221,8.27666],[-12.07919,8.27204],[-12.08026,8.26938],[-12.07546,8.26281],[-12.06889,8.26014],[-12.06356,8.26085],[-12.05539,8.2541],[-12.05521,8.25232],[-12.05841,8.25037],[-12.05698,8.24877],[-12.0513,8.24806],[-12.04455,8.25055],[-12.03886,8.24966],[-12.03424,8.24166],[-12.03407,8.23811],[-12.03193,8.23651],[-12.02953,8.23722],[-12.02918,8.24042],[-12.03575,8.25303],[-12.03291,8.26867],[-12.03362,8.2724],[-12.03966,8.2843],[-12.03966,8.28661],[-12.03442,8.2891],[-12.03531,8.29727],[-12.03833,8.29745],[-12.04117,8.29585],[-12.04242,8.29283],[-12.04526,8.29159],[-12.05006,8.29141],[-12.05396,8.29372],[-12.06054,8.30918],[-12.06551,8.31309],[-12.06747,8.31593],[-12.06747,8.31895],[-12.06249,8.32606],[-12.05414,8.33458],[-12.05165,8.33814],[-12.05121,8.34134],[-12.0457,8.34755],[-12.0441,8.35146],[-12.04304,8.36443],[-12.03611,8.36959],[-12.03451,8.36941],[-12.03575,8.3607],[-12.03415,8.35804],[-12.02794,8.35786],[-12.02438,8.3703],[-12.02243,8.37172],[-12.01283,8.37172],[-12.00804,8.37314],[-12.0004,8.38824],[-11.9964,8.39144],[-11.99609,8.39951],[-11.99747,8.40089],[-12.00495,8.39784],[-12.00583,8.40522],[-12.027,8.41093],[-12.0269,8.41772],[-12.0207,8.42707],[-12.0208,8.43209],[-12.02513,8.43091],[-12.03005,8.42481],[-12.03517,8.42323],[-12.03891,8.42402],[-12.03999,8.42992],[-12.04353,8.43298],[-12.04659,8.43199],[-12.04826,8.42933],[-12.06224,8.42353],[-12.06617,8.4252],[-12.06932,8.4313],[-12.06893,8.43445],[-12.06701,8.43568],[-12.06297,8.43549],[-12.06268,8.43765],[-12.06711,8.45222],[-12.06573,8.45478],[-12.05736,8.45852],[-12.05756,8.46059],[-12.05992,8.46206],[-12.06608,8.46339],[-12.06293,8.47009],[-12.06745,8.47855],[-12.06568,8.4884],[-12.06765,8.48967],[-12.07562,8.4878],[-12.07892,8.48854],[-12.08384,8.49593],[-12.08719,8.49445],[-12.08827,8.49248],[-12.0931,8.49415],[-12.09743,8.49169],[-12.099,8.49228]]]}},{"type":"Feature","properties":{"name":"Yawei","district":"Kailahun"},"geometry":{"type":"Polygon","coordinates":[[[-10.76381,8.41207],[-10.77473,8.40968],[-10.78089,8.41009],[-10.80146,8.40759],[-10.80629,8.40793],[-10.81845,8.41259],[-10.83213,8.41272],[-10.84652,8.40335],[-10.84677,8.401],[-10.84452,8.39827],[-10.84444,8.39154],[-10.85533,8.39152],[-10.85644,8.38882],[-10.86409,8.38248],[-10.86605,8.37527],[-10.87337,8.37002],[-10.87425,8.36675],[-10.87097,8.35626],[-10.87272,8.34271],[-10.87119,8.33637],[-10.86835,8.33725],[-10.87359,8.32829],[-10.87774,8.32523],[-10.88211,8.31823],[-10.90014,8.30184],[-10.90342,8.29463],[-10.9067,8.29092],[-10.90626,8.28655],[-10.9032,8.28633],[-10.89905,8.28873],[-10.88834,8.28895],[-10.88332,8.29136],[-10.87982,8.28983],[-10.86889,8.2931],[-10.86234,8.28262],[-10.85862,8.28327],[-10.85709,8.2813],[-10.85731,8.27387],[-10.85513,8.27322],[-10.85709,8.26688],[-10.85906,8.26513],[-10.85819,8.26142],[-10.86059,8.25989],[-10.85775,8.25836],[-10.86452,8.25202],[-10.86573,8.2435],[-10.86745,8.24156],[-10.86249,8.24063],[-10.8552,8.24185],[-10.84021,8.23861],[-10.83656,8.23942],[-10.82239,8.23861],[-10.80294,8.24995],[-10.7831,8.26413],[-10.76568,8.27101],[-10.76446,8.27952],[-10.76548,8.31314],[-10.76629,8.32529],[-10.76993,8.34311],[-10.78046,8.36013],[-10.78613,8.36296],[-10.78856,8.3662],[-10.78168,8.37471],[-10.77925,8.382],[-10.76791,8.40104],[-10.76381,8.41207]]]}},{"type":"Feature","properties":{"name":"Yawbeko","district":"Bonthe"},"geometry":{"type":"Polygon","coordinates":[[[-12.13012,7.50755],[-12.13336,7.50775],[-12.13478,7.50613],[-12.137,7.50654],[-12.13984,7.50512],[-12.14712,7.5118],[-12.14793,7.51423],[-12.15117,7.5124],[-12.15684,7.51544],[-12.15967,7.51382],[-12.1617,7.51746],[-12.16878,7.51402],[-12.1702,7.5118],[-12.17263,7.5122],[-12.17526,7.51402],[-12.17586,7.51605],[-12.17465,7.52273],[-12.17607,7.52475],[-12.17607,7.52799],[-12.17404,7.529],[-12.18315,7.53184],[-12.18072,7.53386],[-12.18092,7.53568],[-12.18436,7.53447],[-12.187,7.53669],[-12.19104,7.53528],[-12.19165,7.54519],[-12.19712,7.54742],[-12.19813,7.54702],[-12.19813,7.54358],[-12.19934,7.54418],[-12.20137,7.55106],[-12.2042,7.55167],[-12.2044,7.54783],[-12.20703,7.54438],[-12.20643,7.54175],[-12.20744,7.53912],[-12.21371,7.54054],[-12.21351,7.54358],[-12.21554,7.54398],[-12.21776,7.54034],[-12.21938,7.54074],[-12.22029,7.54388],[-12.22252,7.54449],[-12.22535,7.53902],[-12.22474,7.53092],[-12.22616,7.5285],[-12.23021,7.52586],[-12.23061,7.52384],[-12.22657,7.51736],[-12.21402,7.52404],[-12.20754,7.52121],[-12.2045,7.52222],[-12.19762,7.51959],[-12.19519,7.51595],[-12.19175,7.51838],[-12.18953,7.51635],[-12.19013,7.51453],[-12.19317,7.51453],[-12.1954,7.51109],[-12.19823,7.51048],[-12.20066,7.50522],[-12.19803,7.49571],[-12.19499,7.49409],[-12.19621,7.49146],[-12.19893,7.49006],[-12.19722,7.48822],[-12.19823,7.4866],[-12.19621,7.48599],[-12.19459,7.48235],[-12.19195,7.48073],[-12.19418,7.47931],[-12.19013,7.47101],[-12.18649,7.4702],[-12.18649,7.46737],[-12.19135,7.46413],[-12.19843,7.45158],[-12.19479,7.44207],[-12.19013,7.43741],[-12.18366,7.42648],[-12.18345,7.42041],[-12.17576,7.41454],[-12.17455,7.41211],[-12.17738,7.40827],[-12.17677,7.40665],[-12.179,7.40503],[-12.18102,7.39754],[-12.17839,7.38782],[-12.16301,7.38863],[-12.15937,7.39025],[-12.15613,7.39369],[-12.15289,7.3943],[-12.14702,7.39187],[-12.13751,7.39855],[-12.13164,7.3943],[-12.12597,7.39309],[-12.12132,7.39511],[-12.11615,7.3946],[-12.11109,7.39056],[-12.10907,7.39137],[-12.10786,7.39035],[-12.10887,7.38793],[-12.1034,7.38489],[-12.10421,7.38104],[-12.10138,7.37861],[-12.10158,7.37113],[-12.09794,7.37011],[-12.08984,7.36465],[-12.07871,7.36181],[-12.07729,7.35979],[-12.07749,7.35655],[-12.07507,7.35554],[-12.06535,7.35797],[-12.05928,7.35736],[-12.05341,7.35311],[-12.0498,7.3474],[-12.02406,7.34198],[-12.01183,7.33686],[-12.0194,7.34825],[-12.02446,7.35918],[-12.0273,7.37274],[-12.03782,7.37214],[-12.04997,7.37335],[-12.04217,7.39046],[-12.04258,7.39734],[-12.04541,7.40523],[-12.044,7.40887],[-12.0446,7.41211],[-12.04784,7.4198],[-12.05068,7.43397],[-12.05361,7.44035],[-12.05968,7.44723],[-12.07021,7.45108],[-12.09854,7.4527],[-12.11777,7.45816],[-12.12162,7.4616],[-12.12506,7.46727],[-12.12729,7.47455],[-12.13316,7.48022],[-12.13397,7.48245],[-12.13275,7.49115],[-12.13113,7.49257],[-12.13397,7.49318],[-12.13498,7.49702],[-12.13032,7.5039],[-12.13012,7.50755]]]}},{"type":"Feature","properties":{"name":"Yakemu Kpukumu","district":"Pujehun"},"geometry":{"type":"MultiPolygon","coordinates":[[[[-11.68766,7.22149],[-11.68439,7.22313],[-11.67621,7.22378],[-11.66247,7.21724],[-11.65658,7.21233],[-11.65003,7.20971],[-11.64545,7.21036],[-11.63989,7.21593],[-11.63825,7.21985],[-11.64021,7.22869],[-11.64561,7.23605],[-11.63056,7.24325],[-11.62303,7.24423],[-11.61289,7.24783],[-11.60929,7.2511],[-11.61027,7.25274],[-11.62172,7.2534],[-11.62794,7.25209],[-11.63547,7.24783],[-11.64038,7.24718],[-11.64954,7.25569],[-11.65608,7.25667],[-11.67899,7.24751],[-11.68015,7.24853],[-11.6821,7.24636],[-11.69584,7.24211],[-11.70043,7.23949],[-11.7027,7.23647],[-11.70108,7.23065],[-11.69552,7.22411],[-11.68766,7.22149]]],[[[-11.72444,7.22284],[-11.73004,7.22558],[-11.73102,7.22722],[-11.73037,7.22918],[-11.72808,7.22623],[-11.72644,7.22853],[-11.7271,7.23572],[-11.73266,7.24391],[-11.732,7.24489],[-11.72775,7.24391],[-11.7284,7.24652],[-11.73691,7.25143],[-11.73855,7.25307],[-11.73888,7.25634],[-11.73429,7.26289],[-11.73397,7.26747],[-11.73266,7.26747],[-11.72742,7.26092],[-11.72513,7.25994],[-11.72284,7.26092],[-11.72284,7.26256],[-11.73462,7.27598],[-11.74117,7.27892],[-11.74706,7.2799],[-11.74967,7.28219],[-11.74411,7.28841],[-11.74117,7.29757],[-11.75066,7.30608],[-11.7572,7.29757],[-11.7608,7.28841],[-11.76636,7.28252],[-11.76964,7.27467],[-11.77356,7.27238],[-11.78207,7.27303],[-11.78436,7.27139],[-11.786,7.26649],[-11.786,7.26125],[-11.78338,7.25405],[-11.78338,7.24521],[-11.78207,7.24096],[-11.78273,7.23867],[-11.78927,7.23442],[-11.79549,7.23278],[-11.80072,7.23474],[-11.83803,7.26649],[-11.84883,7.25372],[-11.85341,7.25176],[-11.86028,7.25143],[-11.86715,7.25405],[-11.87075,7.2583],[-11.87566,7.26059],[-11.88184,7.2695],[-11.88323,7.25898],[-11.88551,7.25387],[-11.8892,7.24989],[-11.89119,7.24194],[-11.89297,7.22352],[-11.89488,7.21381],[-11.89688,7.21076],[-11.89464,7.20856],[-11.8845,7.20693],[-11.8629,7.19973],[-11.84948,7.19286],[-11.83247,7.18631],[-11.80367,7.17977],[-11.79189,7.18042],[-11.78927,7.18271],[-11.7896,7.18664],[-11.79549,7.19122],[-11.79712,7.19449],[-11.7896,7.19744],[-11.78404,7.19449],[-11.78109,7.18795],[-11.77782,7.17715],[-11.77684,7.1657],[-11.77389,7.15784],[-11.76996,7.15653],[-11.76047,7.15719],[-11.7536,7.15784],[-11.75,7.15948],[-11.74902,7.16144],[-11.74117,7.16504],[-11.73266,7.17126],[-11.73168,7.17322],[-11.732,7.1886],[-11.72939,7.1994],[-11.73299,7.21576],[-11.72444,7.22284]]]]}},{"type":"Feature","properties":{"name":"Wonde","district":"Bo"},"geometry":{"type":"Polygon","coordinates":[[[-11.40262,7.75704],[-11.40335,7.7596],[-11.40116,7.76872],[-11.40408,7.77018],[-11.40444,7.77347],[-11.40189,7.77602],[-11.40152,7.77967],[-11.40481,7.7804],[-11.40846,7.78624],[-11.40992,7.79135],[-11.41211,7.79172],[-11.4143,7.79427],[-11.41521,7.80377],[-11.41813,7.80888],[-11.41996,7.81618],[-11.42324,7.81691],[-11.42543,7.82275],[-11.43054,7.82238],[-11.43894,7.81837],[-11.4466,7.81143],[-11.45098,7.80924],[-11.45098,7.8045],[-11.45609,7.79902],[-11.45719,7.79391],[-11.46485,7.79135],[-11.46741,7.78807],[-11.46595,7.78624],[-11.46887,7.78515],[-11.46887,7.7815],[-11.47289,7.77967],[-11.47941,7.78013],[-11.47974,7.77882],[-11.49512,7.77086],[-11.50129,7.76621],[-11.51755,7.75893],[-11.54589,7.73985],[-11.5496,7.73641],[-11.55536,7.72188],[-11.56822,7.71308],[-11.57017,7.70588],[-11.57561,7.69649],[-11.57853,7.69389],[-11.58654,7.68973],[-11.59558,7.68718],[-11.60919,7.68499],[-11.61769,7.68553],[-11.62427,7.68345],[-11.64259,7.66956],[-11.66622,7.65947],[-11.67602,7.65795],[-11.68887,7.65181],[-11.71185,7.63462],[-11.71606,7.6335],[-11.72273,7.62535],[-11.72679,7.61804],[-11.72963,7.60789],[-11.74182,7.58636],[-11.74019,7.57824],[-11.72557,7.55833],[-11.72192,7.5498],[-11.71542,7.54818],[-11.71826,7.5559],[-11.71582,7.55752],[-11.71582,7.56077],[-11.71054,7.5624],[-11.70932,7.56849],[-11.70242,7.57255],[-11.69389,7.58311],[-11.69389,7.59814],[-11.6878,7.60829],[-11.67967,7.61845],[-11.6752,7.6286],[-11.66871,7.63307],[-11.65002,7.63307],[-11.64718,7.6347],[-11.62727,7.6351],[-11.61509,7.63713],[-11.60778,7.63185],[-11.6025,7.62617],[-11.58787,7.62576],[-11.58138,7.62779],[-11.57244,7.63998],[-11.57,7.64932],[-11.5631,7.66272],[-11.55782,7.66882],[-11.54563,7.67653],[-11.53182,7.67694],[-11.51139,7.66926],[-11.49771,7.67893],[-11.49114,7.68586],[-11.48785,7.69134],[-11.4873,7.70594],[-11.48292,7.71324],[-11.47343,7.71397],[-11.46978,7.70813],[-11.46285,7.70703],[-11.46175,7.70192],[-11.4581,7.70046],[-11.45518,7.6928],[-11.45263,7.6928],[-11.45299,7.69535],[-11.44825,7.69827],[-11.44788,7.69426],[-11.44277,7.69462],[-11.44058,7.69316],[-11.43876,7.70083],[-11.43219,7.70046],[-11.43036,7.70448],[-11.42561,7.70192],[-11.42269,7.71178],[-11.4205,7.71287],[-11.42123,7.722],[-11.41685,7.72638],[-11.41357,7.72674],[-11.41831,7.73295],[-11.41685,7.73624],[-11.41284,7.73843],[-11.41612,7.74208],[-11.41612,7.74427],[-11.41174,7.74646],[-11.41503,7.74938],[-11.41101,7.75485],[-11.40773,7.75339],[-11.40371,7.75376],[-11.40262,7.75704]]]}},{"type":"Feature","properties":{"name":"West III","district":"Western Area Urban"},"geometry":{"type":"Polygon","coordinates":[[[-13.24192,8.43874],[-13.24377,8.452],[-13.24548,8.45554],[-13.24387,8.45577],[-13.24487,8.45758],[-13.24777,8.45847],[-13.24607,8.46028],[-13.25061,8.46189],[-13.25191,8.46713],[-13.25608,8.46614],[-13.25424,8.4679],[-13.25449,8.46931],[-13.25755,8.47219],[-13.25998,8.47206],[-13.25758,8.47801],[-13.25958,8.48066],[-13.25877,8.48331],[-13.2596,8.48446],[-13.25726,8.48778],[-13.25872,8.48702],[-13.26012,8.48793],[-13.25895,8.48992],[-13.2613,8.49396],[-13.26804,8.49713],[-13.27094,8.49467],[-13.27219,8.49223],[-13.27161,8.49038],[-13.27377,8.48791],[-13.27294,8.48616],[-13.2742,8.48578],[-13.27431,8.48253],[-13.27679,8.48214],[-13.276,8.47793],[-13.27872,8.47424],[-13.27934,8.47637],[-13.27795,8.47938],[-13.28057,8.48336],[-13.27964,8.48548],[-13.28072,8.48721],[-13.28307,8.48707],[-13.27932,8.49204],[-13.27507,8.49181],[-13.27322,8.49292],[-13.2791,8.49456],[-13.2808,8.49648],[-13.28403,8.49621],[-13.28712,8.49972],[-13.29022,8.49933],[-13.29211,8.49698],[-13.29708,8.49936],[-13.29886,8.49408],[-13.29585,8.49175],[-13.29316,8.49178],[-13.29105,8.48904],[-13.28492,8.47743],[-13.28058,8.46525],[-13.2777,8.45434],[-13.28078,8.45291],[-13.28,8.44127],[-13.27694,8.44244],[-13.2715,8.44169],[-13.26772,8.43821],[-13.26169,8.43837],[-13.26123,8.43946],[-13.24192,8.43874]]]}},{"type":"Feature","properties":{"name":"West II","district":"Western Area Urban"},"geometry":{"type":"Polygon","coordinates":[[[-13.24607,8.46028],[-13.24418,8.45999],[-13.2419,8.46232],[-13.23145,8.45471],[-13.22325,8.46057],[-13.22273,8.4633],[-13.22574,8.46576],[-13.22292,8.46732],[-13.23042,8.47107],[-13.23293,8.47611],[-13.24329,8.47915],[-13.24354,8.47682],[-13.24711,8.47558],[-13.25108,8.47106],[-13.2503,8.47369],[-13.25177,8.47621],[-13.2507,8.47866],[-13.25163,8.48251],[-13.25045,8.48502],[-13.25599,8.48433],[-13.25769,8.48741],[-13.2596,8.48446],[-13.25877,8.48331],[-13.25963,8.48084],[-13.25758,8.47801],[-13.25998,8.47206],[-13.25755,8.47219],[-13.25449,8.46931],[-13.25424,8.4679],[-13.25608,8.46614],[-13.25191,8.46713],[-13.25061,8.46189],[-13.24607,8.46028]]]}},{"type":"Feature","properties":{"name":"West I","district":"Western Area Urban"},"geometry":{"type":"Polygon","coordinates":[[[-13.24055,8.47817],[-13.23895,8.47914],[-13.24022,8.48218],[-13.23873,8.48375],[-13.2405,8.48786],[-13.24206,8.48825],[-13.24542,8.49311],[-13.25074,8.49279],[-13.25311,8.4892],[-13.2528,8.48699],[-13.2504,8.48517],[-13.25163,8.48251],[-13.2507,8.47866],[-13.25177,8.47621],[-13.2503,8.47369],[-13.25123,8.47115],[-13.24711,8.47558],[-13.24354,8.47682],[-13.24329,8.47915],[-13.24055,8.47817]]]}},{"type":"Feature","properties":{"name":"Waterloo Rural","district":"Western Area Rural"},"geometry":{"type":"Polygon","coordinates":[[[-13.03936,8.26923],[-13.03921,8.27154],[-13.04084,8.27289],[-13.03612,8.2744],[-13.03554,8.27564],[-13.03726,8.2769],[-13.0357,8.28034],[-13.03666,8.28092],[-13.03792,8.2791],[-13.04166,8.28219],[-13.04088,8.28458],[-13.03862,8.28337],[-13.0389,8.28539],[-13.04168,8.28722],[-13.04148,8.29029],[-13.03935,8.29258],[-13.04211,8.29911],[-13.03881,8.3037],[-13.04698,8.30565],[-13.04716,8.30863],[-13.04562,8.3091],[-13.04508,8.31116],[-13.04113,8.31142],[-13.0389,8.31554],[-13.04624,8.32706],[-13.04805,8.33416],[-13.05365,8.33865],[-13.05184,8.34519],[-13.03651,8.34386],[-13.03187,8.34212],[-13.03023,8.34641],[-13.03242,8.35092],[-13.02952,8.35398],[-13.02979,8.35772],[-13.03266,8.36089],[-13.03632,8.35947],[-13.03447,8.36349],[-13.03043,8.36433],[-13.03013,8.36548],[-13.0335,8.36512],[-13.03734,8.36734],[-13.04111,8.3757],[-13.06445,8.37447],[-13.06504,8.37169],[-13.06074,8.36563],[-13.06041,8.36261],[-13.06642,8.3699],[-13.06783,8.37497],[-13.079,8.38283],[-13.08084,8.37933],[-13.08029,8.38726],[-13.08449,8.3959],[-13.08889,8.40166],[-13.09352,8.41356],[-13.105,8.41286],[-13.10485,8.41091],[-13.10656,8.41013],[-13.10543,8.40481],[-13.10788,8.40143],[-13.10751,8.40698],[-13.1108,8.41271],[-13.11535,8.41522],[-13.12013,8.41322],[-13.12525,8.41355],[-13.12926,8.4178],[-13.13187,8.41884],[-13.13382,8.41781],[-13.13191,8.4145],[-13.13423,8.4127],[-13.13674,8.41544],[-13.14062,8.41079],[-13.1406,8.40914],[-13.13714,8.40511],[-13.13957,8.40354],[-13.14176,8.39927],[-13.14986,8.39804],[-13.16235,8.40122],[-13.16264,8.40404],[-13.16717,8.40534],[-13.16716,8.40694],[-13.16946,8.40763],[-13.16996,8.40911],[-13.17653,8.4062],[-13.18793,8.38953],[-13.19275,8.38453],[-13.17599,8.37369],[-13.15573,8.34397],[-13.1524,8.33574],[-13.14089,8.32074],[-13.1206,8.29964],[-13.10838,8.2911],[-13.10333,8.28923],[-13.09968,8.28154],[-13.08987,8.27522],[-13.08397,8.27271],[-13.08281,8.27495],[-13.07474,8.27582],[-13.06996,8.27073],[-13.06818,8.27096],[-13.06728,8.27265],[-13.06807,8.26902],[-13.06651,8.26341],[-13.06753,8.26232],[-13.06479,8.26188],[-13.06222,8.25842],[-13.05904,8.2606],[-13.05869,8.26276],[-13.05615,8.2614],[-13.05701,8.26246],[-13.0559,8.26413],[-13.04722,8.26569],[-13.04638,8.27009],[-13.04251,8.26666],[-13.0429,8.26446],[-13.03935,8.26368],[-13.03664,8.26721],[-13.03936,8.26923]]]}},{"type":"Feature","properties":{"name":"Wara Wara Yagal","district":"Koinadugu"},"geometry":{"type":"Polygon","coordinates":[[[-11.51024,9.63823],[-11.51374,9.64524],[-11.51252,9.64769],[-11.51456,9.65177],[-11.51293,9.65421],[-11.51497,9.66319],[-11.51333,9.66564],[-11.52292,9.66401],[-11.52537,9.66605],[-11.53435,9.66074],[-11.5372,9.66401],[-11.55352,9.65625],[-11.57025,9.65258],[-11.59147,9.64524],[-11.59677,9.64524],[-11.63267,9.6534],[-11.64015,9.65143],[-11.64028,9.63911],[-11.64482,9.62551],[-11.65129,9.61223],[-11.65162,9.60317],[-11.66878,9.58082],[-11.68659,9.56139],[-11.69145,9.55686],[-11.69727,9.55427],[-11.70407,9.55233],[-11.71194,9.55234],[-11.72467,9.53368],[-11.73346,9.52665],[-11.73492,9.52372],[-11.73375,9.51435],[-11.71412,9.50615],[-11.71207,9.5041],[-11.71266,9.49999],[-11.70973,9.49736],[-11.70621,9.49501],[-11.70065,9.49355],[-11.68893,9.49296],[-11.69127,9.48828],[-11.69127,9.48535],[-11.69889,9.47656],[-11.69537,9.4748],[-11.69713,9.47246],[-11.69655,9.46718],[-11.70006,9.46836],[-11.70299,9.46689],[-11.70387,9.46133],[-11.70153,9.45898],[-11.71219,9.44164],[-11.71336,9.43906],[-11.71219,9.43695],[-11.70539,9.44844],[-11.69743,9.45734],[-11.68782,9.45547],[-11.685,9.45664],[-11.68125,9.46554],[-11.66555,9.47398],[-11.66555,9.47586],[-11.66227,9.47609],[-11.65969,9.48218],[-11.65688,9.48195],[-11.65501,9.48007],[-11.65126,9.48171],[-11.64446,9.47984],[-11.6273,9.48185],[-11.62254,9.48404],[-11.61155,9.47892],[-11.57823,9.46866],[-11.56651,9.46097],[-11.55882,9.46097],[-11.55553,9.47965],[-11.54894,9.48807],[-11.54015,9.49576],[-11.53759,9.50016],[-11.53502,9.5192],[-11.54088,9.543],[-11.54344,9.56021],[-11.53868,9.56827],[-11.53832,9.57229],[-11.54258,9.58829],[-11.54048,9.59737],[-11.54217,9.59221],[-11.54807,9.59308],[-11.55104,9.59182],[-11.55258,9.58816],[-11.55527,9.58739],[-11.55809,9.58958],[-11.55763,9.59232],[-11.55604,9.59341],[-11.55593,9.59615],[-11.55736,9.5965],[-11.55223,9.60012],[-11.54528,9.60196],[-11.5288,9.60232],[-11.52587,9.61111],[-11.51159,9.63198],[-11.51195,9.63491],[-11.51024,9.63823]]]}},{"type":"Feature","properties":{"name":"Wara Wara Bafod","district":"Koinadugu"},"geometry":{"type":"Polygon","coordinates":[[[-11.64015,9.65143],[-11.6394,9.66278],[-11.63655,9.67176],[-11.63696,9.67788],[-11.63084,9.70113],[-11.63043,9.71011],[-11.64756,9.72602],[-11.6545,9.73092],[-11.6696,9.73826],[-11.68714,9.7505],[-11.68796,9.7558],[-11.68673,9.7607],[-11.68347,9.76845],[-11.67633,9.77947],[-11.67755,9.78559],[-11.68122,9.79171],[-11.68082,9.79579],[-11.68367,9.80109],[-11.68734,9.80232],[-11.68653,9.8068],[-11.69387,9.81292],[-11.69591,9.817],[-11.69958,9.81986],[-11.70081,9.82435],[-11.70774,9.82272],[-11.70978,9.81945],[-11.71509,9.8219],[-11.71794,9.81496],[-11.72121,9.81292],[-11.72529,9.80762],[-11.73386,9.81252],[-11.73549,9.82272],[-11.73834,9.82802],[-11.74895,9.83577],[-11.75344,9.83659],[-11.75425,9.83863],[-11.75507,9.84311],[-11.7514,9.85535],[-11.75466,9.85739],[-11.75629,9.868],[-11.75956,9.87086],[-11.75629,9.87657],[-11.75629,9.8831],[-11.76119,9.89085],[-11.75793,9.89411],[-11.75915,9.90717],[-11.75752,9.91247],[-11.75915,9.919],[-11.75466,9.91982],[-11.75425,9.92349],[-11.75548,9.92757],[-11.75997,9.93247],[-11.75874,9.93695],[-11.76119,9.94389],[-11.75874,9.9496],[-11.76282,9.95572],[-11.76445,9.96184],[-11.76323,9.96715],[-11.75589,9.97245],[-11.75629,9.97816],[-11.75303,9.98265],[-11.75263,9.99887],[-11.89549,9.99798],[-11.89782,9.99711],[-11.89695,9.99275],[-11.90069,9.98421],[-11.90549,9.96232],[-11.9087,9.95859],[-11.90923,9.94417],[-11.89588,9.92976],[-11.89962,9.92335],[-11.89215,9.91534],[-11.89749,9.91],[-11.89855,9.90466],[-11.90603,9.90253],[-11.90603,9.89612],[-11.90176,9.88811],[-11.89642,9.88544],[-11.88948,9.88598],[-11.88521,9.88277],[-11.88574,9.8769],[-11.89001,9.86302],[-11.88948,9.85501],[-11.89161,9.84594],[-11.89001,9.83633],[-11.89108,9.83419],[-11.88681,9.82672],[-11.88788,9.82084],[-11.88467,9.81497],[-11.88627,9.8091],[-11.88387,9.79842],[-11.88441,9.79362],[-11.88174,9.78507],[-11.87853,9.7808],[-11.8812,9.77653],[-11.87586,9.77066],[-11.878,9.75411],[-11.878,9.73916],[-11.87693,9.72741],[-11.87319,9.71407],[-11.878,9.71247],[-11.88174,9.70873],[-11.88323,9.70478],[-11.8789,9.6961],[-11.88383,9.67693],[-11.88046,9.67745],[-11.88137,9.6689],[-11.8791,9.66599],[-11.88072,9.66631],[-11.88137,9.66437],[-11.87942,9.66178],[-11.87716,9.66146],[-11.87683,9.64915],[-11.87295,9.64656],[-11.86971,9.63911],[-11.86712,9.63782],[-11.86744,9.6349],[-11.86323,9.62745],[-11.86388,9.62195],[-11.86064,9.61742],[-11.85837,9.61774],[-11.85837,9.61482],[-11.85611,9.61288],[-11.85676,9.60673],[-11.85255,9.60414],[-11.85028,9.60446],[-11.84089,9.62292],[-11.83279,9.6294],[-11.81984,9.62907],[-11.81531,9.62454],[-11.81466,9.62033],[-11.81174,9.61709],[-11.80284,9.61482],[-11.78535,9.575],[-11.77078,9.56075],[-11.76366,9.55751],[-11.74488,9.55395],[-11.70407,9.55233],[-11.69145,9.55686],[-11.68659,9.56139],[-11.66878,9.58082],[-11.65162,9.60317],[-11.65129,9.61223],[-11.64482,9.62551],[-11.64028,9.63911],[-11.64015,9.65143]]]}},{"type":"Feature","properties":{"name":"Wandor","district":"Kenema"},"geometry":{"type":"Polygon","coordinates":[[[-11.24022,8.36423],[-11.24468,8.36554],[-11.25619,8.37525],[-11.26841,8.38028],[-11.28423,8.381],[-11.29106,8.37992],[-11.30148,8.37237],[-11.31155,8.37273],[-11.32197,8.37561],[-11.34092,8.37283],[-11.34077,8.37594],[-11.34516,8.3774],[-11.35127,8.3792],[-11.36385,8.3774],[-11.37428,8.381],[-11.37751,8.38495],[-11.3847,8.38675],[-11.39369,8.38747],[-11.40879,8.38639],[-11.41993,8.38208],[-11.43395,8.37165],[-11.45228,8.35512],[-11.46523,8.33139],[-11.47026,8.32492],[-11.47398,8.32247],[-11.46851,8.31407],[-11.4696,8.29801],[-11.46887,8.28633],[-11.46157,8.26808],[-11.4466,8.25092],[-11.43784,8.23596],[-11.42726,8.23705],[-11.41704,8.23559],[-11.40025,8.22829],[-11.40019,8.22624],[-11.39601,8.23066],[-11.38526,8.23166],[-11.3759,8.23663],[-11.37331,8.23663],[-11.34922,8.22668],[-11.34304,8.21971],[-11.34504,8.23285],[-11.34304,8.25017],[-11.33667,8.25077],[-11.33428,8.25236],[-11.33946,8.26152],[-11.33926,8.26969],[-11.33548,8.28164],[-11.33329,8.28263],[-11.32751,8.28184],[-11.32393,8.27905],[-11.31995,8.28104],[-11.31437,8.27845],[-11.30441,8.27745],[-11.28042,8.28801],[-11.26469,8.30075],[-11.25732,8.30294],[-11.25115,8.30215],[-11.23741,8.30692],[-11.24069,8.31111],[-11.24109,8.31549],[-11.2399,8.31967],[-11.23552,8.32504],[-11.23253,8.32524],[-11.23173,8.33042],[-11.23293,8.33341],[-11.23016,8.33695],[-11.23798,8.3438],[-11.24196,8.35441],[-11.24022,8.36423]]]}},{"type":"Feature","properties":{"name":"Valunia","district":"Bo"},"geometry":{"type":"Polygon","coordinates":[[[-11.56998,8.45388],[-11.58495,8.46191],[-11.59006,8.46775],[-11.59006,8.48235],[-11.59226,8.48878],[-11.62436,8.47548],[-11.67064,8.47317],[-11.68157,8.47139],[-11.68619,8.47121],[-11.71035,8.47601],[-11.72936,8.48347],[-11.73185,8.47867],[-11.73283,8.47317],[-11.72892,8.46695],[-11.7298,8.46375],[-11.72696,8.45895],[-11.72678,8.45202],[-11.73158,8.44847],[-11.73016,8.44652],[-11.733,8.43959],[-11.73762,8.44048],[-11.73887,8.43888],[-11.73691,8.43461],[-11.73922,8.43106],[-11.741,8.42218],[-11.74659,8.42182],[-11.74855,8.41969],[-11.75406,8.41276],[-11.75335,8.4108],[-11.75708,8.40352],[-11.75885,8.40281],[-11.75939,8.40601],[-11.76187,8.40476],[-11.76223,8.40103],[-11.76099,8.39908],[-11.76205,8.39659],[-11.76365,8.39695],[-11.76383,8.39943],[-11.76596,8.3989],[-11.76649,8.39624],[-11.76525,8.39464],[-11.76667,8.39268],[-11.77289,8.39393],[-11.78,8.39002],[-11.7816,8.39233],[-11.78444,8.38877],[-11.78675,8.38877],[-11.78835,8.38717],[-11.78906,8.38344],[-11.79137,8.38184],[-11.79528,8.38362],[-11.79652,8.38202],[-11.80318,8.38167],[-11.81331,8.37509],[-11.81633,8.37189],[-11.81811,8.36301],[-11.82326,8.35768],[-11.81762,8.33105],[-11.81043,8.33557],[-11.80541,8.3349],[-11.8029,8.33289],[-11.80273,8.33691],[-11.79637,8.34109],[-11.79118,8.34259],[-11.78767,8.33925],[-11.78801,8.3354],[-11.78526,8.32973],[-11.78349,8.31448],[-11.77964,8.30093],[-11.78156,8.2847],[-11.81018,8.28587],[-11.82641,8.28386],[-11.83276,8.28186],[-11.83762,8.28219],[-11.83979,8.28018],[-11.83912,8.27215],[-11.83728,8.26897],[-11.82172,8.25826],[-11.80407,8.24387],[-11.80507,8.23166],[-11.80139,8.22329],[-11.80298,8.18866],[-11.80566,8.17661],[-11.81051,8.17125],[-11.80817,8.16858],[-11.81051,8.16774],[-11.81051,8.16557],[-11.81252,8.16506],[-11.81419,8.16188],[-11.81603,8.15804],[-11.81628,8.15268],[-11.81427,8.15147],[-11.79764,8.15199],[-11.79078,8.14886],[-11.77914,8.13976],[-11.77377,8.14662],[-11.76273,8.15229],[-11.75259,8.15378],[-11.74178,8.15102],[-11.71806,8.16027],[-11.68704,8.1631],[-11.68666,8.17734],[-11.68547,8.18152],[-11.68323,8.18421],[-11.67205,8.19569],[-11.66817,8.19808],[-11.64997,8.20419],[-11.64117,8.20554],[-11.63409,8.20382],[-11.61887,8.19696],[-11.60933,8.19845],[-11.60649,8.19606],[-11.60515,8.1898],[-11.60291,8.18816],[-11.59769,8.18831],[-11.58158,8.19248],[-11.56816,8.19233],[-11.57159,8.20919],[-11.58225,8.22761],[-11.58419,8.24327],[-11.5836,8.24834],[-11.58121,8.25342],[-11.58009,8.26304],[-11.58621,8.28392],[-11.58561,8.2872],[-11.57315,8.29861],[-11.56092,8.30741],[-11.53944,8.33515],[-11.5186,8.35055],[-11.51676,8.35337],[-11.52563,8.35496],[-11.54206,8.36481],[-11.54644,8.37029],[-11.5541,8.39767],[-11.55374,8.43052],[-11.56195,8.44621],[-11.56998,8.45388]]]}},{"type":"Feature","properties":{"name":"Upper Banta","district":"Moyamba"},"geometry":{"type":"Polygon","coordinates":[[[-12.13671,7.80381],[-12.13661,7.80711],[-12.14803,7.8102],[-12.15165,7.81001],[-12.15821,7.80392],[-12.16945,7.80326],[-12.17873,7.79869],[-12.19196,7.7865],[-12.20795,7.77813],[-12.22351,7.77489],[-12.22874,7.77232],[-12.24321,7.77232],[-12.25101,7.76023],[-12.26072,7.75291],[-12.27395,7.74729],[-12.28058,7.73943],[-12.27743,7.7337],[-12.26571,7.72099],[-12.25342,7.71078],[-12.25007,7.70442],[-12.24823,7.69472],[-12.24522,7.69204],[-12.23635,7.68903],[-12.21995,7.68836],[-12.21376,7.68568],[-12.20464,7.67882],[-12.19745,7.67079],[-12.18624,7.6641],[-12.1782,7.66677],[-12.17101,7.66493],[-12.16482,7.66962],[-12.16022,7.66962],[-12.1547,7.66426],[-12.15185,7.66343],[-12.14315,7.66426],[-12.13562,7.66192],[-12.1219,7.66293],[-12.10575,7.67715],[-12.1173,7.68719],[-12.11747,7.68869],[-12.11178,7.70409],[-12.10793,7.70978],[-12.10843,7.7158],[-12.10918,7.71982],[-12.11253,7.72383],[-12.11454,7.72969],[-12.12257,7.74324],[-12.12357,7.75127],[-12.13696,7.76516],[-12.13286,7.77754],[-12.13738,7.78424],[-12.13721,7.78658],[-12.12968,7.78925],[-12.12935,7.79126],[-12.13286,7.79762],[-12.13704,7.79929],[-12.13671,7.80381]]]}},{"type":"Feature","properties":{"name":"Upper Bambara","district":"Kailahun"},"geometry":{"type":"Polygon","coordinates":[[[-10.60501,8.03967],[-10.60758,8.04471],[-10.60768,8.06299],[-10.61054,8.07671],[-10.61244,8.08033],[-10.62158,8.0868],[-10.62406,8.09842],[-10.62263,8.11252],[-10.61901,8.12318],[-10.61939,8.12547],[-10.6112,8.13499],[-10.60911,8.1409],[-10.61158,8.14318],[-10.61273,8.14661],[-10.61216,8.15499],[-10.63044,8.15633],[-10.63558,8.15118],[-10.63844,8.14528],[-10.65111,8.15233],[-10.65778,8.15976],[-10.67073,8.16871],[-10.6892,8.16128],[-10.70121,8.16299],[-10.71606,8.16738],[-10.72821,8.16894],[-10.7351,8.15962],[-10.73834,8.15719],[-10.74725,8.15679],[-10.75333,8.14464],[-10.75778,8.14018],[-10.75454,8.126],[-10.75616,8.10859],[-10.75859,8.10454],[-10.76148,8.1034],[-10.76874,8.10599],[-10.77289,8.10522],[-10.77548,8.09511],[-10.7747,8.08396],[-10.76641,8.08577],[-10.76356,8.08862],[-10.75811,8.08344],[-10.74878,8.08422],[-10.74385,8.08111],[-10.73815,8.07488],[-10.74204,8.06763],[-10.73919,8.06374],[-10.73556,8.07048],[-10.73245,8.06789],[-10.73349,8.06477],[-10.73193,8.06063],[-10.73608,8.05544],[-10.72726,8.05311],[-10.72441,8.05803],[-10.72078,8.05518],[-10.71767,8.05674],[-10.71442,8.05443],[-10.71338,8.04819],[-10.71698,8.04169],[-10.7108,8.04196],[-10.70785,8.03802],[-10.70354,8.04222],[-10.69901,8.03355],[-10.69162,8.0347],[-10.68669,8.02874],[-10.6854,8.02874],[-10.68566,8.03133],[-10.67581,8.03859],[-10.66725,8.03963],[-10.6631,8.0373],[-10.66064,8.02978],[-10.65831,8.02874],[-10.65883,8.02693],[-10.65701,8.02693],[-10.65753,8.02485],[-10.65597,8.02485],[-10.65649,8.0233],[-10.65468,8.02304],[-10.65494,8.01708],[-10.65105,8.01837],[-10.6526,8.01371],[-10.65027,8.01267],[-10.65027,8.00748],[-10.64872,8.00826],[-10.64716,8.00671],[-10.64534,8.00826],[-10.64327,8.00308],[-10.6399,8.00334],[-10.6399,8.00178],[-10.63783,8.00256],[-10.6329,8.00126],[-10.63135,7.99971],[-10.62849,7.99971],[-10.63005,7.99815],[-10.6272,7.99841],[-10.62694,7.99737],[-10.62512,7.99867],[-10.62461,7.99685],[-10.62124,7.99478],[-10.62383,7.994],[-10.62201,7.99271],[-10.6202,7.99323],[-10.61994,7.99089],[-10.61761,7.99063],[-10.61864,7.98882],[-10.61657,7.98571],[-10.61657,7.98156],[-10.61009,7.97975],[-10.60616,7.97911],[-10.60501,8.03967]]]}},{"type":"Feature","properties":{"name":"Tunkia","district":"Kenema"},"geometry":{"type":"Polygon","coordinates":[[[-11.18121,7.65171],[-11.18161,7.65051],[-11.1911,7.65029],[-11.21055,7.65368],[-11.22027,7.653],[-11.21982,7.63674],[-11.21585,7.63304],[-11.21696,7.6135],[-11.22673,7.60027],[-11.23051,7.59144],[-11.23334,7.5842],[-11.23366,7.57254],[-11.22609,7.55458],[-11.22168,7.54828],[-11.25099,7.52559],[-11.27147,7.51259],[-11.28525,7.49684],[-11.29786,7.48896],[-11.30731,7.48541],[-11.33252,7.47202],[-11.33764,7.47123],[-11.35107,7.46482],[-11.34861,7.46007],[-11.35422,7.45563],[-11.35165,7.45143],[-11.34837,7.45166],[-11.35048,7.44862],[-11.34931,7.44091],[-11.34277,7.43928],[-11.34277,7.43484],[-11.3409,7.4311],[-11.3277,7.42549],[-11.31719,7.41919],[-11.28752,7.39746],[-11.25061,7.3762],[-11.16755,7.3498],[-11.14365,7.34078],[-11.12741,7.35269],[-11.12828,7.35706],[-11.1252,7.36331],[-11.11396,7.37039],[-11.11271,7.37289],[-11.1135,7.37692],[-11.10796,7.37846],[-11.10388,7.38271],[-11.10192,7.39033],[-11.09976,7.39075],[-11.09651,7.389],[-11.09093,7.39241],[-11.08135,7.39166],[-11.07344,7.39708],[-11.05924,7.40362],[-11.04608,7.41694],[-11.04163,7.42514],[-11.03672,7.42489],[-11.0333,7.42689],[-11.03388,7.4363],[-11.02672,7.43331],[-11.02622,7.43805],[-11.01402,7.44326],[-11.00994,7.44217],[-11.00994,7.44867],[-11.00519,7.4535],[-11.01953,7.46174],[-11.0288,7.47374],[-11.03807,7.49828],[-11.04898,7.51955],[-11.05075,7.53019],[-11.04721,7.55228],[-11.04203,7.55773],[-11.03467,7.56918],[-11.03194,7.57818],[-11.02948,7.60899],[-11.0348,7.61417],[-11.03998,7.61717],[-11.04707,7.61745],[-11.05607,7.61336],[-11.06071,7.60981],[-11.0648,7.60436],[-11.09166,7.60354],[-11.10284,7.60136],[-11.11402,7.61117],[-11.15083,7.63435],[-11.15601,7.63899],[-11.1781,7.64881],[-11.18121,7.65171]]]}},{"type":"Feature","properties":{"name":"Tonko Limba","district":"Kambia"},"geometry":{"type":"Polygon","coordinates":[[[-12.40441,9.41768],[-12.39853,9.43197],[-12.40001,9.44008],[-12.40869,9.44999],[-12.41452,9.45907],[-12.41595,9.47338],[-12.41772,9.47268],[-12.41845,9.48507],[-12.42377,9.49163],[-12.43543,9.4963],[-12.44213,9.50041],[-12.46976,9.4755],[-12.47654,9.47216],[-12.48803,9.46872],[-12.51861,9.46527],[-12.55907,9.43745],[-12.57206,9.42285],[-12.58401,9.41228],[-12.59344,9.4001],[-12.60079,9.38745],[-12.60516,9.37573],[-12.61344,9.36331],[-12.6224,9.35918],[-12.63217,9.35745],[-12.67654,9.35584],[-12.69309,9.34987],[-12.71343,9.3355],[-12.72148,9.32607],[-12.72493,9.31895],[-12.73435,9.31159],[-12.74953,9.3024],[-12.75826,9.28745],[-12.76217,9.27527],[-12.76148,9.27389],[-12.76332,9.27067],[-12.76493,9.2709],[-12.76539,9.26929],[-12.77412,9.27228],[-12.77849,9.27251],[-12.78838,9.27872],[-12.79171,9.27906],[-12.79516,9.27768],[-12.79815,9.25745],[-12.80274,9.25079],[-12.82274,9.23194],[-12.82987,9.22228],[-12.83128,9.22234],[-12.83068,9.22148],[-12.83366,9.2178],[-12.83458,9.21481],[-12.83114,9.20309],[-12.82769,9.20217],[-12.81803,9.20309],[-12.81366,9.20516],[-12.8093,9.20975],[-12.80079,9.21205],[-12.79228,9.20952],[-12.78447,9.21067],[-12.78309,9.20975],[-12.78309,9.2047],[-12.78079,9.20148],[-12.77366,9.20401],[-12.76953,9.19504],[-12.76723,9.19642],[-12.75918,9.19159],[-12.75091,9.19228],[-12.7424,9.19021],[-12.72401,9.17941],[-12.7155,9.17274],[-12.71045,9.1663],[-12.70953,9.16056],[-12.71091,9.15297],[-12.70792,9.14975],[-12.71481,9.1355],[-12.71412,9.12952],[-12.70861,9.1247],[-12.6978,9.12286],[-12.69619,9.12079],[-12.69355,9.10747],[-12.66662,9.1082],[-12.66367,9.11337],[-12.66514,9.12295],[-12.66957,9.13254],[-12.66219,9.13254],[-12.65629,9.14508],[-12.65187,9.16647],[-12.65998,9.18417],[-12.66145,9.19228],[-12.6585,9.19892],[-12.64597,9.20924],[-12.6408,9.20998],[-12.6349,9.20408],[-12.62237,9.21219],[-12.61573,9.21957],[-12.61425,9.23211],[-12.61057,9.23358],[-12.60393,9.23358],[-12.60024,9.22768],[-12.60024,9.22178],[-12.59729,9.21588],[-12.57517,9.22326],[-12.56779,9.22326],[-12.55599,9.23063],[-12.56042,9.23801],[-12.5641,9.24759],[-12.56263,9.24981],[-12.55378,9.25128],[-12.5464,9.24907],[-12.54272,9.24391],[-12.54714,9.23579],[-12.55304,9.22989],[-12.54567,9.22547],[-12.53977,9.22473],[-12.53239,9.22768],[-12.53018,9.24169],[-12.52723,9.24833],[-12.51764,9.25792],[-12.52133,9.27193],[-12.51764,9.27267],[-12.51322,9.27046],[-12.50068,9.24612],[-12.4933,9.24907],[-12.49035,9.25349],[-12.48962,9.27341],[-12.48667,9.27267],[-12.4815,9.26677],[-12.47413,9.26603],[-12.46454,9.26898],[-12.45495,9.26529],[-12.44094,9.25202],[-12.43652,9.25276],[-12.43873,9.26161],[-12.4393,9.27081],[-12.43062,9.28594],[-12.43176,9.30775],[-12.42906,9.3135],[-12.4266,9.31433],[-12.42235,9.31366],[-12.4231,9.30892],[-12.42185,9.30409],[-12.41557,9.30105],[-12.40915,9.29022],[-12.40216,9.28589],[-12.39706,9.28521],[-12.39042,9.28742],[-12.38779,9.28993],[-12.38821,9.29834],[-12.39487,9.305],[-12.40324,9.30896],[-12.40899,9.31479],[-12.4114,9.32128],[-12.41219,9.33024],[-12.40345,9.33856],[-12.40003,9.34381],[-12.39927,9.35158],[-12.39479,9.3578],[-12.38796,9.36255],[-12.38371,9.3623],[-12.38105,9.35997],[-12.38083,9.35306],[-12.37563,9.34864],[-12.3718,9.34989],[-12.36722,9.35455],[-12.36655,9.35947],[-12.37572,9.37504],[-12.37614,9.37815],[-12.36977,9.39878],[-12.37488,9.40777],[-12.38157,9.41206],[-12.38604,9.41352],[-12.3967,9.41202],[-12.40298,9.41309],[-12.40441,9.41768]]]}},{"type":"Feature","properties":{"name":"Toli","district":"Kono"},"geometry":{"type":"Polygon","coordinates":[[[-10.58535,8.95267],[-10.58801,8.95742],[-10.58943,8.957],[-10.5891,8.959],[-10.58535,8.95917],[-10.58531,8.96379],[-10.58781,8.96337],[-10.58872,8.96537],[-10.58806,8.96962],[-10.59022,8.97686],[-10.58964,8.98411],[-10.59164,8.99052],[-10.58972,8.99718],[-10.58772,9.00043],[-10.58614,9.00051],[-10.58597,9.00351],[-10.58897,9.00576],[-10.58772,9.01217],[-10.58248,9.01384],[-10.58323,9.01592],[-10.5801,9.01496],[-10.57952,9.01771],[-10.58127,9.02313],[-10.57994,9.02787],[-10.58127,9.02979],[-10.57777,9.03354],[-10.57344,9.04594],[-10.57844,9.04694],[-10.59449,9.04123],[-10.6025,9.04186],[-10.61192,9.03974],[-10.62019,9.04147],[-10.62328,9.03932],[-10.62447,9.03647],[-10.63531,9.02769],[-10.64204,9.02403],[-10.66326,9.0201],[-10.67773,9.01533],[-10.67842,9.00901],[-10.68119,9.00881],[-10.68352,8.99937],[-10.68232,8.99494],[-10.68317,8.99261],[-10.68111,8.98916],[-10.68677,8.98191],[-10.68856,8.97479],[-10.69425,8.96893],[-10.69425,8.96577],[-10.679,8.96311],[-10.67382,8.95214],[-10.6737,8.93656],[-10.67158,8.93481],[-10.6558,8.93858],[-10.64756,8.93618],[-10.63418,8.93721],[-10.62629,8.94064],[-10.61433,8.94334],[-10.59851,8.9499],[-10.58535,8.95267]]]}},{"type":"Feature","properties":{"name":"TMS","district":"Port Loko"},"geometry":{"type":"Polygon","coordinates":[[[-12.45156,8.91275],[-12.45511,8.9174],[-12.45921,8.91685],[-12.46741,8.92423],[-12.46932,8.92696],[-12.46878,8.93024],[-12.47014,8.93653],[-12.47616,8.94063],[-12.48901,8.94501],[-12.49666,8.95321],[-12.49994,8.97726],[-12.49885,8.98191],[-12.50308,8.99393],[-12.50527,9.0087],[-12.5121,9.0251],[-12.51538,9.02537],[-12.53096,9.0128],[-12.53698,9.00542],[-12.53971,8.99968],[-12.54153,8.99968],[-12.54288,8.99626],[-12.56307,8.97034],[-12.55971,8.96058],[-12.5624,8.95418],[-12.56038,8.94543],[-12.56105,8.94139],[-12.55701,8.92893],[-12.56004,8.91479],[-12.55802,8.91076],[-12.55062,8.90369],[-12.55264,8.89662],[-12.55196,8.8919],[-12.54355,8.88214],[-12.54591,8.88012],[-12.55802,8.88584],[-12.5624,8.8845],[-12.56476,8.88517],[-12.56947,8.88887],[-12.58428,8.88955],[-12.58933,8.88854],[-12.60044,8.88315],[-12.60616,8.87777],[-12.62064,8.87474],[-12.61996,8.87339],[-12.62333,8.87541],[-12.62939,8.87608],[-12.63141,8.87844],[-12.63545,8.88012],[-12.63612,8.88281],[-12.63781,8.88315],[-12.63848,8.88517],[-12.64588,8.89258],[-12.64925,8.89258],[-12.65026,8.89392],[-12.66171,8.8919],[-12.66406,8.88652],[-12.6681,8.88551],[-12.66911,8.88248],[-12.67585,8.87474],[-12.68056,8.86699],[-12.68628,8.85184],[-12.68561,8.84915],[-12.68864,8.8441],[-12.68796,8.84141],[-12.6947,8.82761],[-12.68897,8.82087],[-12.6846,8.8064],[-12.6846,8.80169],[-12.68695,8.80068],[-12.68123,8.79361],[-12.68611,8.77896],[-12.69318,8.77425],[-12.68948,8.7692],[-12.68241,8.76853],[-12.67904,8.77021],[-12.67702,8.76651],[-12.67332,8.7692],[-12.66894,8.76752],[-12.6676,8.76954],[-12.66457,8.76853],[-12.65885,8.77459],[-12.6575,8.77829],[-12.65279,8.78065],[-12.6511,8.78031],[-12.65178,8.77627],[-12.64572,8.77223],[-12.63595,8.77391],[-12.6336,8.76954],[-12.62788,8.76886],[-12.61946,8.76987],[-12.61441,8.76281],[-12.60902,8.76348],[-12.60532,8.76045],[-12.60162,8.76079],[-12.58815,8.75473],[-12.58378,8.75776],[-12.58041,8.7554],[-12.5759,8.75967],[-12.57553,8.76264],[-12.57317,8.76567],[-12.56442,8.76634],[-12.56173,8.76836],[-12.56173,8.77476],[-12.56375,8.77644],[-12.56442,8.77981],[-12.56307,8.78048],[-12.5661,8.78452],[-12.56173,8.79596],[-12.56577,8.8027],[-12.56476,8.80573],[-12.56072,8.80842],[-12.5587,8.81246],[-12.54624,8.8202],[-12.54389,8.83266],[-12.54591,8.84074],[-12.54658,8.85117],[-12.54557,8.85891],[-12.54355,8.86161],[-12.53816,8.86733],[-12.52604,8.87238],[-12.51998,8.87709],[-12.50147,8.88551],[-12.49709,8.88618],[-12.49507,8.88921],[-12.49507,8.89763],[-12.48969,8.90402],[-12.48262,8.90604],[-12.46983,8.90234],[-12.4668,8.90402],[-12.46579,8.90705],[-12.46276,8.90739],[-12.45602,8.91177],[-12.45156,8.91275]]]}},{"type":"Feature","properties":{"name":"Timdale","district":"Moyamba"},"geometry":{"type":"Polygon","coordinates":[[[-12.6226,7.69637],[-12.61448,7.70382],[-12.61061,7.70936],[-12.60952,7.71328],[-12.61077,7.71844],[-12.62168,7.72852],[-12.62052,7.73451],[-12.61219,7.73335],[-12.59739,7.73983],[-12.59448,7.7357],[-12.5923,7.73504],[-12.58601,7.73647],[-12.58087,7.73304],[-12.57659,7.73247],[-12.57564,7.72628],[-12.57383,7.72428],[-12.57136,7.72562],[-12.57088,7.72895],[-12.56717,7.7279],[-12.56308,7.72971],[-12.56288,7.73142],[-12.56802,7.73323],[-12.56726,7.7417],[-12.56184,7.74389],[-12.56593,7.74674],[-12.56636,7.74903],[-12.55951,7.74779],[-12.55732,7.74951],[-12.55789,7.7515],[-12.5616,7.75331],[-12.56246,7.75588],[-12.55979,7.75769],[-12.56046,7.75883],[-12.56655,7.76074],[-12.56712,7.7635],[-12.56703,7.76787],[-12.56388,7.76787],[-12.5635,7.7693],[-12.56536,7.77834],[-12.56365,7.78358],[-12.56155,7.78358],[-12.56498,7.789],[-12.56327,7.79195],[-12.5626,7.79709],[-12.56541,7.80033],[-12.56683,7.80547],[-12.58121,7.81204],[-12.5872,7.81794],[-12.5922,7.82888],[-12.59258,7.83174],[-12.58915,7.83774],[-12.58915,7.84202],[-12.58953,7.84449],[-12.59325,7.84982],[-12.61195,7.85848],[-12.62071,7.86391],[-12.60962,7.89637],[-12.61133,7.90093],[-12.62756,7.91226],[-12.64726,7.91178],[-12.65402,7.90617],[-12.65968,7.89494],[-12.65902,7.88038],[-12.66044,7.876],[-12.65959,7.86914],[-12.66325,7.86048],[-12.66163,7.86039],[-12.66211,7.8561],[-12.66392,7.85382],[-12.6702,7.85144],[-12.66849,7.8484],[-12.67191,7.84564],[-12.67248,7.84288],[-12.67619,7.84554],[-12.67876,7.84392],[-12.67957,7.84002],[-12.6829,7.83735],[-12.68024,7.83536],[-12.68205,7.83079],[-12.68376,7.82888],[-12.68671,7.82993],[-12.68662,7.82584],[-12.69518,7.82631],[-12.69613,7.82489],[-12.69385,7.82032],[-12.69433,7.8188],[-12.70346,7.81499],[-12.74092,7.8186],[-12.75001,7.81546],[-12.75457,7.81575],[-12.76742,7.81937],[-12.79393,7.80275],[-12.78866,7.78623],[-12.7887,7.77087],[-12.78362,7.75971],[-12.78012,7.75746],[-12.77779,7.75779],[-12.77338,7.75096],[-12.76418,7.74526],[-12.75985,7.74476],[-12.75951,7.74692],[-12.75551,7.74809],[-12.7541,7.74467],[-12.75485,7.74226],[-12.74985,7.73959],[-12.74927,7.7356],[-12.74206,7.72548],[-12.73182,7.71748],[-12.72233,7.71299],[-12.71566,7.70208],[-12.71075,7.70066],[-12.69372,7.70503],[-12.68164,7.70595],[-12.68098,7.70478],[-12.67194,7.70233],[-12.66536,7.69758],[-12.62901,7.69271],[-12.6256,7.6957],[-12.6226,7.69637]]]}},{"type":"Feature","properties":{"name":"Tikonko","district":"Bo"},"geometry":{"type":"Polygon","coordinates":[[[-11.75669,7.9505],[-11.76606,7.95304],[-11.77358,7.96341],[-11.7801,7.97929],[-11.77777,7.97981],[-11.78173,7.98773],[-11.78042,7.99303],[-11.78148,8.00184],[-11.78022,8.00522],[-11.78623,8.01714],[-11.7977,8.04842],[-11.82029,8.04505],[-11.82192,8.04273],[-11.81892,8.03363],[-11.8196,8.02959],[-11.83355,8.0183],[-11.83587,8.01393],[-11.83733,8.0068],[-11.84647,8.00221],[-11.85626,7.99405],[-11.86791,7.98086],[-11.86756,7.97789],[-11.86311,7.97464],[-11.86188,7.97032],[-11.85912,7.96849],[-11.85422,7.96899],[-11.84786,7.95718],[-11.84685,7.94906],[-11.84795,7.9409],[-11.85314,7.93333],[-11.85098,7.92787],[-11.8485,7.91287],[-11.85011,7.90356],[-11.85463,7.89564],[-11.85447,7.88952],[-11.85612,7.88608],[-11.85174,7.86904],[-11.85117,7.86392],[-11.85263,7.8575],[-11.86295,7.83924],[-11.87708,7.83479],[-11.87857,7.83294],[-11.87791,7.8209],[-11.88039,7.81938],[-11.88773,7.81869],[-11.89158,7.81567],[-11.91075,7.79094],[-11.91307,7.78555],[-11.90767,7.78148],[-11.90378,7.77576],[-11.90346,7.76822],[-11.89917,7.76655],[-11.89501,7.76103],[-11.89485,7.75103],[-11.88691,7.75174],[-11.88643,7.75],[-11.885,7.74984],[-11.88246,7.75389],[-11.88056,7.75365],[-11.87905,7.74928],[-11.86507,7.74436],[-11.85916,7.75226],[-11.84884,7.75424],[-11.84987,7.74916],[-11.84082,7.74504],[-11.83812,7.74218],[-11.83272,7.74416],[-11.83177,7.74615],[-11.83209,7.74837],[-11.83487,7.75083],[-11.82562,7.75214],[-11.82371,7.75413],[-11.82038,7.7527],[-11.81164,7.7523],[-11.81117,7.75524],[-11.80894,7.75603],[-11.78723,7.75091],[-11.77723,7.74559],[-11.76718,7.73404],[-11.77322,7.73039],[-11.77663,7.72673],[-11.77703,7.72253],[-11.77469,7.71542],[-11.75649,7.69262],[-11.74509,7.6737],[-11.73671,7.66578],[-11.73055,7.67865],[-11.72882,7.68867],[-11.72859,7.72276],[-11.7248,7.74471],[-11.72168,7.75166],[-11.71275,7.75993],[-11.71175,7.76472],[-11.71166,7.77967],[-11.72118,7.79552],[-11.7217,7.82153],[-11.71464,7.83309],[-11.70452,7.84133],[-11.68876,7.84864],[-11.66475,7.85641],[-11.66211,7.85911],[-11.66446,7.86199],[-11.69813,7.88432],[-11.69804,7.88995],[-11.69584,7.89826],[-11.69747,7.90136],[-11.69914,7.91347],[-11.69768,7.91893],[-11.72169,7.9369],[-11.72406,7.93736],[-11.7344,7.93444],[-11.74124,7.9366],[-11.75122,7.93705],[-11.75418,7.93831],[-11.76012,7.94283],[-11.75669,7.9505]]]}},{"type":"Feature","properties":{"name":"Tankoro","district":"Kono"},"geometry":{"type":"Polygon","coordinates":[[[-10.90798,8.63916],[-10.91054,8.63967],[-10.91298,8.6382],[-10.91834,8.63918],[-10.92224,8.63699],[-10.9276,8.6382],[-10.93053,8.63674],[-10.94052,8.64405],[-10.94491,8.64576],[-10.95897,8.63734],[-10.96401,8.6374],[-10.96901,8.63218],[-10.97421,8.63197],[-10.97855,8.63454],[-10.98316,8.6318],[-10.98665,8.63236],[-10.98521,8.62651],[-10.98569,8.62284],[-10.98186,8.61422],[-10.98415,8.61278],[-10.98949,8.61286],[-10.99421,8.61516],[-10.9977,8.54488],[-11.0001,8.53642],[-11.0063,8.52458],[-11.01532,8.51612],[-11.01617,8.51302],[-11.01307,8.50851],[-11.02096,8.48736],[-11.01575,8.45296],[-11.01731,8.44052],[-11.00127,8.43492],[-10.99319,8.43839],[-10.98372,8.43608],[-10.96847,8.44278],[-10.96293,8.44832],[-10.96223,8.46449],[-10.9538,8.49013],[-10.95426,8.49983],[-10.94641,8.51115],[-10.93925,8.51739],[-10.93278,8.52848],[-10.92539,8.53564],[-10.92123,8.54326],[-10.92366,8.54927],[-10.9232,8.55897],[-10.91904,8.57075],[-10.90495,8.60009],[-10.90437,8.61556],[-10.90483,8.62041],[-10.9083,8.62873],[-10.90798,8.63916]]]}},{"type":"Feature","properties":{"name":"Tane","district":"Tonkolili"},"geometry":{"type":"Polygon","coordinates":[[[-11.71222,8.75463],[-11.71862,8.75447],[-11.7192,8.75546],[-11.72061,8.76475],[-11.72463,8.77126],[-11.72587,8.77831],[-11.72695,8.77914],[-11.73334,8.77748],[-11.74155,8.78594],[-11.74312,8.78577],[-11.74702,8.78179],[-11.74876,8.78644],[-11.75527,8.78971],[-11.75743,8.79403],[-11.75958,8.81045],[-11.76115,8.8101],[-11.76355,8.80259],[-11.77066,8.79825],[-11.77333,8.79862],[-11.77647,8.80249],[-11.7809,8.80461],[-11.78597,8.80489],[-11.78901,8.80268],[-11.79215,8.80222],[-11.79196,8.80037],[-11.78957,8.79807],[-11.79058,8.79511],[-11.79565,8.7964],[-11.79851,8.79853],[-11.80755,8.79355],[-11.8129,8.79585],[-11.81756,8.79184],[-11.81747,8.78926],[-11.81516,8.78879],[-11.81526,8.78575],[-11.81839,8.78224],[-11.82204,8.76449],[-11.82591,8.76587],[-11.83172,8.76329],[-11.83209,8.75886],[-11.8344,8.75499],[-11.83357,8.74954],[-11.83749,8.73972],[-11.83906,8.73944],[-11.84072,8.74203],[-11.84422,8.73926],[-11.84431,8.73741],[-11.84118,8.73215],[-11.84159,8.7298],[-11.84667,8.72565],[-11.8499,8.71504],[-11.85202,8.71569],[-11.85405,8.71449],[-11.85414,8.71264],[-11.84731,8.7096],[-11.84713,8.70757],[-11.84777,8.70665],[-11.85202,8.70693],[-11.85465,8.69655],[-11.85621,8.6947],[-11.86249,8.69323],[-11.86027,8.68677],[-11.86461,8.68105],[-11.86655,8.68087],[-11.86996,8.68446],[-11.87342,8.67667],[-11.87831,8.67787],[-11.87877,8.67335],[-11.88227,8.67289],[-11.88559,8.66966],[-11.89002,8.66864],[-11.89058,8.66311],[-11.8938,8.66099],[-11.90118,8.66652],[-11.90257,8.66634],[-11.90451,8.66274],[-11.90939,8.66772],[-11.91318,8.6608],[-11.91276,8.65264],[-11.91857,8.65208],[-11.92226,8.6531],[-11.93721,8.64406],[-11.93813,8.64231],[-11.93555,8.63834],[-11.93582,8.63391],[-11.94689,8.63216],[-11.94823,8.62418],[-11.95127,8.6239],[-11.95533,8.61865],[-11.95995,8.61984],[-11.96161,8.61782],[-11.9605,8.61496],[-11.96576,8.61163],[-11.97009,8.60693],[-11.97106,8.60301],[-11.97023,8.59618],[-11.96857,8.5936],[-11.96165,8.59443],[-11.95833,8.5924],[-11.95704,8.58696],[-11.96114,8.5776],[-11.96899,8.57409],[-11.97221,8.57372],[-11.97314,8.57612],[-11.96991,8.58101],[-11.97028,8.5859],[-11.97609,8.58645],[-11.98135,8.58387],[-11.98227,8.58138],[-11.97923,8.57418],[-11.98292,8.57391],[-11.98338,8.57252],[-11.97941,8.56754],[-11.97895,8.56514],[-11.97609,8.5657],[-11.97397,8.56773],[-11.97065,8.56671],[-11.96908,8.56357],[-11.96686,8.56533],[-11.96308,8.56071],[-11.96548,8.55933],[-11.96456,8.55546],[-11.96543,8.55024],[-11.96221,8.54923],[-11.95916,8.55061],[-11.95805,8.55495],[-11.95575,8.55089],[-11.95243,8.55393],[-11.95187,8.55089],[-11.94828,8.5508],[-11.94948,8.54831],[-11.94652,8.54775],[-11.94247,8.55089],[-11.94007,8.546],[-11.93753,8.54577],[-11.93587,8.55038],[-11.92701,8.55306],[-11.92683,8.5514],[-11.92886,8.55121],[-11.92591,8.54734],[-11.92425,8.54808],[-11.92397,8.55094],[-11.92176,8.55241],[-11.9212,8.55038],[-11.9188,8.55232],[-11.91484,8.55315],[-11.9123,8.55864],[-11.90981,8.55753],[-11.91027,8.55947],[-11.90649,8.56187],[-11.90409,8.56039],[-11.90003,8.56297],[-11.90012,8.55882],[-11.89791,8.55984],[-11.89773,8.56427],[-11.89625,8.56436],[-11.89606,8.55938],[-11.8944,8.55873],[-11.88919,8.56394],[-11.88975,8.56533],[-11.88836,8.56551],[-11.88707,8.56339],[-11.88596,8.56745],[-11.88015,8.56957],[-11.88191,8.57843],[-11.87831,8.58009],[-11.87683,8.5835],[-11.87282,8.58751],[-11.86793,8.58641],[-11.86728,8.59028],[-11.86424,8.58816],[-11.86193,8.5901],[-11.86009,8.58641],[-11.85695,8.58687],[-11.85723,8.58853],[-11.85262,8.5877],[-11.85262,8.58963],[-11.85013,8.59083],[-11.84611,8.58903],[-11.84538,8.59106],[-11.84288,8.5906],[-11.84169,8.58876],[-11.83348,8.59632],[-11.82379,8.59817],[-11.82019,8.61191],[-11.81701,8.61306],[-11.81166,8.60504],[-11.80917,8.59812],[-11.81074,8.59489],[-11.8076,8.59369],[-11.80852,8.59166],[-11.80778,8.58917],[-11.8016,8.58585],[-11.79893,8.58677],[-11.79962,8.58516],[-11.78874,8.58378],[-11.7844,8.58101],[-11.77923,8.57999],[-11.77905,8.57575],[-11.77601,8.57427],[-11.7761,8.56957],[-11.77255,8.56722],[-11.76572,8.55476],[-11.76812,8.54997],[-11.76286,8.54222],[-11.76097,8.54024],[-11.75627,8.53968],[-11.75036,8.5347],[-11.74889,8.53535],[-11.74732,8.53433],[-11.74612,8.53645],[-11.74741,8.54144],[-11.74298,8.54706],[-11.74381,8.55223],[-11.74206,8.55333],[-11.73505,8.55343],[-11.7291,8.56242],[-11.72356,8.57755],[-11.72453,8.58267],[-11.73754,8.60112],[-11.74889,8.63322],[-11.73874,8.64475],[-11.74215,8.64789],[-11.74021,8.6537],[-11.74335,8.65444],[-11.74423,8.659],[-11.7458,8.66057],[-11.74413,8.6685],[-11.74026,8.67146],[-11.741,8.67524],[-11.74377,8.67782],[-11.73934,8.67921],[-11.73786,8.68225],[-11.73353,8.68243],[-11.72716,8.67939],[-11.71674,8.67856],[-11.70793,8.68239],[-11.70536,8.68548],[-11.71163,8.69326],[-11.7134,8.69934],[-11.71031,8.70824],[-11.71158,8.71023],[-11.70995,8.71278],[-11.71213,8.71622],[-11.71031,8.71822],[-11.71158,8.71967],[-11.70795,8.72421],[-11.71158,8.73057],[-11.71049,8.73383],[-11.71249,8.73601],[-11.70959,8.7411],[-11.7114,8.74164],[-11.71222,8.74414],[-11.70972,8.74618],[-11.71244,8.74981],[-11.71154,8.75162],[-11.71222,8.75463]]]}},{"type":"Feature","properties":{"name":"Tambakha","district":"Karene"},"geometry":{"type":"Polygon","coordinates":[[[-11.89782,9.99711],[-11.89802,9.99809],[-11.90229,9.99382],[-11.91671,9.9714],[-11.93112,9.96873],[-11.95701,9.95698],[-11.96128,9.95165],[-11.97783,9.93883],[-11.98211,9.93937],[-11.99545,9.93563],[-11.99972,9.93136],[-12.01307,9.92976],[-12.04831,9.9084],[-12.06699,9.90146],[-12.075,9.90093],[-12.08354,9.89132],[-12.10437,9.88598],[-12.10944,9.8801],[-12.12545,9.86889],[-12.12919,9.8753],[-12.13667,9.87103],[-12.13506,9.87637],[-12.14147,9.8737],[-12.14547,9.87744],[-12.14441,9.87103],[-12.15081,9.87477],[-12.15455,9.88064],[-12.15989,9.87957],[-12.16309,9.88491],[-12.16469,9.88224],[-12.16843,9.88277],[-12.17003,9.88705],[-12.1727,9.88811],[-12.17591,9.88598],[-12.18605,9.89292],[-12.18819,9.89238],[-12.19779,9.90199],[-12.20367,9.90039],[-12.21595,9.90947],[-12.21648,9.91854],[-12.21915,9.93082],[-12.23036,9.92655],[-12.24531,9.92388],[-12.26934,9.91694],[-12.28161,9.91214],[-12.30217,9.89986],[-12.31658,9.88705],[-12.34007,9.8785],[-12.34755,9.87904],[-12.36463,9.89452],[-12.39346,9.89719],[-12.42123,9.89559],[-12.47675,9.86035],[-12.48102,9.85448],[-12.48849,9.85074],[-12.49437,9.84594],[-12.49704,9.84167],[-12.49917,9.83579],[-12.4965,9.83206],[-12.4933,9.83099],[-12.4901,9.83366],[-12.48743,9.82992],[-12.48903,9.81177],[-12.4949,9.8139],[-12.4981,9.81177],[-12.50024,9.80483],[-12.4981,9.79682],[-12.50718,9.78187],[-12.50665,9.77493],[-12.50825,9.76799],[-12.51092,9.76318],[-12.51572,9.75891],[-12.51732,9.75411],[-12.51412,9.75411],[-12.50932,9.75624],[-12.50611,9.75251],[-12.50398,9.7461],[-12.50985,9.7429],[-12.52373,9.74503],[-12.52747,9.73702],[-12.52266,9.72421],[-12.51732,9.7162],[-12.51732,9.70873],[-12.52106,9.70606],[-12.52533,9.70819],[-12.5296,9.71247],[-12.5296,9.7162],[-12.52747,9.71994],[-12.53067,9.72474],[-12.53441,9.72208],[-12.53494,9.71567],[-12.54989,9.70713],[-12.56217,9.70446],[-12.56484,9.70019],[-12.56484,9.68417],[-12.56698,9.6767],[-12.57178,9.67029],[-12.57125,9.66175],[-12.57231,9.65641],[-12.57552,9.65748],[-12.57819,9.66228],[-12.58192,9.66548],[-12.58566,9.66495],[-12.5878,9.65961],[-12.5878,9.65427],[-12.58139,9.63505],[-12.58833,9.60943],[-12.58726,9.59938],[-12.58549,9.59938],[-12.57959,9.59275],[-12.57959,9.58685],[-12.57295,9.58611],[-12.56927,9.58316],[-12.56042,9.58021],[-12.55378,9.58168],[-12.54935,9.58095],[-12.54567,9.57726],[-12.53829,9.56398],[-12.52207,9.55808],[-12.50732,9.54849],[-12.46749,9.51383],[-12.45864,9.51014],[-12.43504,9.49687],[-12.42324,9.49244],[-12.41845,9.48507],[-12.41772,9.47268],[-12.3987,9.47769],[-12.38943,9.48785],[-12.39208,9.49977],[-12.39164,9.50816],[-12.39075,9.51478],[-12.38678,9.51964],[-12.36426,9.53245],[-12.3466,9.54437],[-12.34042,9.54569],[-12.33688,9.54437],[-12.33424,9.5351],[-12.33114,9.53156],[-12.32894,9.52626],[-12.3232,9.52936],[-12.31922,9.5351],[-12.30686,9.56115],[-12.29759,9.56424],[-12.29273,9.56203],[-12.28831,9.56247],[-12.28037,9.56689],[-12.27595,9.57174],[-12.26535,9.57086],[-12.26094,9.57704],[-12.2552,9.5819],[-12.24769,9.58455],[-12.24107,9.58455],[-12.23709,9.58322],[-12.20972,9.59073],[-12.20351,9.59788],[-12.19956,9.59912],[-12.19233,9.59931],[-12.18995,9.59693],[-12.18897,9.57704],[-12.18676,9.57351],[-12.18477,9.56203],[-12.17682,9.56291],[-12.17197,9.56512],[-12.16446,9.56512],[-12.16402,9.56777],[-12.16093,9.57086],[-12.15342,9.57528],[-12.14459,9.57837],[-12.13544,9.58989],[-12.11814,9.59971],[-12.11515,9.6027],[-12.11088,9.60868],[-12.11301,9.61551],[-12.1096,9.61978],[-12.10789,9.62662],[-12.08867,9.64413],[-12.06176,9.65566],[-12.05322,9.65737],[-12.0434,9.66463],[-12.03528,9.65908],[-12.03144,9.66036],[-12.02631,9.66548],[-12.02588,9.66847],[-12.03016,9.66975],[-12.02717,9.67232],[-12.02076,9.66634],[-12.00666,9.66805],[-12.00453,9.67232],[-12.00666,9.67958],[-11.9994,9.67872],[-11.99342,9.68171],[-11.97976,9.68257],[-11.97719,9.68897],[-11.94901,9.69495],[-11.92381,9.69666],[-11.92124,9.69965],[-11.91783,9.70051],[-11.91398,9.70392],[-11.91227,9.70051],[-11.90758,9.70136],[-11.90544,9.6988],[-11.89903,9.70051],[-11.89434,9.6988],[-11.8828,9.70136],[-11.88323,9.70478],[-11.88174,9.70873],[-11.878,9.71247],[-11.87319,9.71407],[-11.87693,9.72741],[-11.878,9.73916],[-11.878,9.75411],[-11.87586,9.77066],[-11.8812,9.77653],[-11.87853,9.7808],[-11.88174,9.78507],[-11.88441,9.79362],[-11.88387,9.79842],[-11.88627,9.8091],[-11.88467,9.81497],[-11.88788,9.82084],[-11.88681,9.82672],[-11.89108,9.83419],[-11.89001,9.83633],[-11.89161,9.84594],[-11.88948,9.85501],[-11.89001,9.86302],[-11.88574,9.8769],[-11.88521,9.88277],[-11.88948,9.88598],[-11.89642,9.88544],[-11.90176,9.88811],[-11.90603,9.89612],[-11.90603,9.90253],[-11.89855,9.90466],[-11.89749,9.91],[-11.89215,9.91534],[-11.89962,9.92335],[-11.89588,9.92976],[-11.90923,9.94417],[-11.9087,9.95859],[-11.90549,9.96232],[-11.90069,9.98421],[-11.89695,9.99275],[-11.89782,9.99711]]]}},{"type":"Feature","properties":{"name":"Sulima","district":"Falaba"},"geometry":{"type":"Polygon","coordinates":[[[-11.02864,9.70024],[-11.02571,9.71407],[-11.02111,9.71407],[-11.01566,9.73273],[-11.01135,9.73216],[-11.01192,9.73876],[-11.00618,9.74795],[-11.00991,9.75398],[-11.02427,9.7646],[-11.04437,9.78442],[-11.05608,9.80319],[-11.07306,9.82412],[-11.0848,9.83459],[-11.08812,9.8402],[-11.09808,9.84684],[-11.10344,9.84888],[-11.13867,9.85629],[-11.14429,9.86497],[-11.14863,9.86829],[-11.1545,9.87058],[-11.1568,9.87416],[-11.15565,9.90199],[-11.15795,9.91016],[-11.16127,9.91628],[-11.16229,9.92266],[-11.1605,9.94232],[-11.16229,9.9533],[-11.17033,9.96121],[-11.1762,9.96479],[-11.18488,9.96709],[-11.19739,9.97526],[-11.20147,9.98113],[-11.21603,9.99262],[-11.22049,9.99925],[-11.44056,9.99925],[-11.43975,9.99553],[-11.43734,9.99231],[-11.42715,9.98963],[-11.42581,9.98427],[-11.42206,9.98052],[-11.41992,9.9714],[-11.41965,9.96202],[-11.41429,9.94942],[-11.39901,9.93709],[-11.39579,9.93522],[-11.38158,9.93173],[-11.37408,9.92691],[-11.36899,9.92181],[-11.37167,9.91618],[-11.37354,9.91565],[-11.37381,9.91136],[-11.37569,9.91002],[-11.37596,9.90251],[-11.38239,9.89206],[-11.38158,9.88831],[-11.39003,9.87973],[-11.39137,9.87142],[-11.38547,9.85748],[-11.38654,9.84837],[-11.38494,9.84113],[-11.38574,9.83818],[-11.3844,9.83497],[-11.38762,9.82398],[-11.38628,9.81969],[-11.38534,9.80468],[-11.38802,9.79074],[-11.38775,9.77278],[-11.39177,9.7701],[-11.39633,9.7701],[-11.40276,9.77305],[-11.40651,9.7776],[-11.41053,9.77948],[-11.42367,9.80039],[-11.42715,9.81138],[-11.43278,9.81861],[-11.43385,9.8229],[-11.4368,9.82558],[-11.44216,9.82719],[-11.44645,9.82558],[-11.44913,9.8229],[-11.44994,9.82049],[-11.4486,9.80628],[-11.45074,9.7961],[-11.45021,9.78752],[-11.44779,9.78162],[-11.42983,9.75938],[-11.41589,9.74758],[-11.41027,9.74034],[-11.40973,9.73766],[-11.41697,9.73311],[-11.43332,9.73445],[-11.45329,9.71568],[-11.46642,9.68727],[-11.47677,9.66928],[-11.46845,9.65707],[-11.46886,9.64279],[-11.47085,9.63914],[-11.46908,9.63863],[-11.46135,9.6437],[-11.43601,9.65094],[-11.37531,9.64757],[-11.36879,9.64901],[-11.36493,9.65505],[-11.35817,9.65915],[-11.34369,9.66374],[-11.33572,9.66856],[-11.32426,9.67943],[-11.32136,9.68522],[-11.31581,9.68667],[-11.30205,9.69367],[-11.29047,9.69511],[-11.28757,9.6927],[-11.2796,9.67918],[-11.27067,9.67315],[-11.26247,9.6635],[-11.24955,9.65843],[-11.24593,9.65456],[-11.24111,9.65191],[-11.23604,9.65239],[-11.23073,9.64539],[-11.22831,9.64539],[-11.22662,9.64394],[-11.22687,9.64177],[-11.22421,9.63888],[-11.21962,9.63912],[-11.20611,9.64394],[-11.1763,9.64612],[-11.16278,9.6425],[-11.16061,9.6437],[-11.16061,9.64636],[-11.15699,9.65046],[-11.15675,9.65432],[-11.15168,9.65963],[-11.15096,9.6647],[-11.14323,9.66808],[-11.1413,9.66639],[-11.13913,9.66856],[-11.14034,9.6746],[-11.1413,9.67653],[-11.14251,9.67629],[-11.14299,9.67967],[-11.13985,9.68087],[-11.13503,9.68546],[-11.13889,9.68691],[-11.13358,9.69101],[-11.13599,9.69463],[-11.13527,9.69922],[-11.13116,9.70284],[-11.12947,9.70236],[-11.12899,9.70791],[-11.1273,9.71008],[-11.12875,9.71129],[-11.12694,9.71708],[-11.12742,9.72118],[-11.12453,9.72239],[-11.12356,9.72529],[-11.12115,9.72287],[-11.11922,9.72456],[-11.11753,9.72215],[-11.11487,9.72118],[-11.11101,9.72215],[-11.10884,9.72601],[-11.10473,9.72794],[-11.09798,9.7236],[-11.0946,9.72022],[-11.09339,9.71708],[-11.08494,9.71442],[-11.07891,9.71394],[-11.07649,9.71104],[-11.07601,9.70356],[-11.07384,9.70332],[-11.07191,9.70018],[-11.06708,9.69922],[-11.06274,9.70018],[-11.06129,9.69753],[-11.05694,9.69584],[-11.05031,9.69729],[-11.04548,9.69511],[-11.04331,9.69705],[-11.03727,9.69415],[-11.03148,9.69632],[-11.02864,9.70024]]]}},{"type":"Feature","properties":{"name":"Sowa","district":"Pujehun"},"geometry":{"type":"Polygon","coordinates":[[[-11.7232,7.55281],[-11.73462,7.54366],[-11.73429,7.53875],[-11.74542,7.53548],[-11.74967,7.52697],[-11.75262,7.5129],[-11.75622,7.51061],[-11.76047,7.50308],[-11.76833,7.50373],[-11.77095,7.50275],[-11.77422,7.49883],[-11.77945,7.48541],[-11.77798,7.48165],[-11.77307,7.47674],[-11.76751,7.47346],[-11.75475,7.47543],[-11.74395,7.4823],[-11.73479,7.48492],[-11.70206,7.48263],[-11.68603,7.49114],[-11.64987,7.50046],[-11.64463,7.50864],[-11.63547,7.54006],[-11.62598,7.54726],[-11.62172,7.57115],[-11.61878,7.57442],[-11.60929,7.579],[-11.60896,7.58162],[-11.607,7.58162],[-11.60569,7.57638],[-11.60373,7.57638],[-11.60111,7.58129],[-11.60373,7.58489],[-11.5926,7.59471],[-11.59195,7.59962],[-11.58409,7.60191],[-11.57951,7.60551],[-11.57558,7.60322],[-11.57558,7.60551],[-11.571,7.60681],[-11.55824,7.59962],[-11.54875,7.59209],[-11.54253,7.59013],[-11.53435,7.59307],[-11.52617,7.60092],[-11.52617,7.61271],[-11.52257,7.62743],[-11.52061,7.6487],[-11.51661,7.65103],[-11.51705,7.65739],[-11.51523,7.66433],[-11.51139,7.66926],[-11.53182,7.67694],[-11.54563,7.67653],[-11.55782,7.66882],[-11.5631,7.66272],[-11.57,7.64932],[-11.57244,7.63998],[-11.58138,7.62779],[-11.58787,7.62576],[-11.6025,7.62617],[-11.60778,7.63185],[-11.61509,7.63713],[-11.62727,7.6351],[-11.64718,7.6347],[-11.65002,7.63307],[-11.66871,7.63307],[-11.6752,7.6286],[-11.67967,7.61845],[-11.6878,7.60829],[-11.69389,7.59814],[-11.69389,7.58311],[-11.70242,7.57255],[-11.70932,7.56849],[-11.71054,7.5624],[-11.71582,7.56077],[-11.71582,7.55752],[-11.71826,7.5559],[-11.71542,7.54818],[-11.72192,7.5498],[-11.7232,7.55281]]]}},{"type":"Feature","properties":{"name":"Soro Gbema","district":"Pujehun"},"geometry":{"type":"Polygon","coordinates":[[[-11.42207,7.3064],[-11.42473,7.30772],[-11.4388,7.30837],[-11.44763,7.30608],[-11.46742,7.30403],[-11.47283,7.29168],[-11.48461,7.28514],[-11.49181,7.27761],[-11.49345,7.27303],[-11.49737,7.27172],[-11.50032,7.26845],[-11.50588,7.26649],[-11.5121,7.25929],[-11.51341,7.25503],[-11.51243,7.24096],[-11.51079,7.23638],[-11.50359,7.22983],[-11.50081,7.22084],[-11.51063,7.21331],[-11.51161,7.20087],[-11.5139,7.19335],[-11.51324,7.18386],[-11.52044,7.17175],[-11.52404,7.1616],[-11.52764,7.15702],[-11.5391,7.14819],[-11.54368,7.14099],[-11.5427,7.1351],[-11.53451,7.12888],[-11.53353,7.12594],[-11.53255,7.11612],[-11.53386,7.10237],[-11.52862,7.09321],[-11.53059,7.08372],[-11.53746,7.0739],[-11.54073,7.06441],[-11.53582,7.05427],[-11.54008,7.04903],[-11.54433,7.04936],[-11.55186,7.05558],[-11.55938,7.03529],[-11.56069,7.02515],[-11.56331,7.01991],[-11.56331,7.00191],[-11.56168,6.99602],[-11.56658,6.9934],[-11.57149,6.98588],[-11.5728,6.98031],[-11.58327,6.96821],[-11.58308,6.96633],[-11.50469,6.92596],[-11.49748,6.92338],[-11.48916,6.9254],[-11.46759,6.92735],[-11.46274,6.92493],[-11.45834,6.92433],[-11.45525,6.92778],[-11.45243,6.93529],[-11.43799,6.94179],[-11.42572,6.94107],[-11.42336,6.93837],[-11.41968,6.93789],[-11.41825,6.93968],[-11.42067,6.95045],[-11.43181,6.96811],[-11.43098,6.97168],[-11.42063,6.9693],[-11.41516,6.9718],[-11.41689,6.98534],[-11.41206,6.98953],[-11.39814,6.98655],[-11.39577,7.00242],[-11.38922,7.0088],[-11.38363,7.01082],[-11.38006,7.00963],[-11.37756,7.01082],[-11.37554,7.01535],[-11.36906,7.01974],[-11.3709,7.03057],[-11.3684,7.04604],[-11.36316,7.04913],[-11.36316,7.05223],[-11.36545,7.05583],[-11.3753,7.06401],[-11.37542,7.06888],[-11.37363,7.07269],[-11.36757,7.07995],[-11.36533,7.08088],[-11.35102,7.07965],[-11.34794,7.08054],[-11.3364,7.07721],[-11.33354,7.07793],[-11.33211,7.08007],[-11.33514,7.0977],[-11.33803,7.10564],[-11.33402,7.11278],[-11.33901,7.11778],[-11.34258,7.12694],[-11.34901,7.13218],[-11.35293,7.13943],[-11.35258,7.14158],[-11.34686,7.14776],[-11.34449,7.14824],[-11.3373,7.14389],[-11.33318,7.14491],[-11.32878,7.14788],[-11.33223,7.15442],[-11.33592,7.15704],[-11.33532,7.15859],[-11.32557,7.16715],[-11.32057,7.16977],[-11.32367,7.17358],[-11.31165,7.18714],[-11.31367,7.19297],[-11.31331,7.19583],[-11.31105,7.19844],[-11.30927,7.20427],[-11.31379,7.2066],[-11.31837,7.21216],[-11.31805,7.21805],[-11.32132,7.22165],[-11.32066,7.22722],[-11.31837,7.22722],[-11.32132,7.2318],[-11.3187,7.23213],[-11.31968,7.23376],[-11.3295,7.23867],[-11.33375,7.23802],[-11.34553,7.23965],[-11.35273,7.23867],[-11.36517,7.23998],[-11.37204,7.239],[-11.38317,7.23049],[-11.38611,7.23016],[-11.39658,7.23278],[-11.40902,7.23376],[-11.41425,7.23605],[-11.41753,7.2354],[-11.41818,7.23638],[-11.41556,7.24423],[-11.40902,7.2547],[-11.41033,7.25536],[-11.42014,7.25307],[-11.43192,7.2547],[-11.43356,7.26419],[-11.43225,7.26812],[-11.42407,7.27041],[-11.42374,7.27172],[-11.43225,7.27925],[-11.42374,7.28677],[-11.42207,7.3064]]]}},{"type":"Feature","properties":{"name":"Sogbeni","district":"Bonthe"},"geometry":{"type":"Polygon","coordinates":[[[-12.07107,7.45115],[-12.07203,7.45452],[-12.07021,7.45492],[-12.0696,7.45796],[-12.06272,7.46727],[-12.06231,7.47071],[-12.06454,7.47901],[-12.06414,7.48629],[-12.05351,7.49186],[-12.0446,7.50198],[-12.05715,7.51838],[-12.06201,7.53113],[-12.05786,7.54924],[-12.05786,7.5622],[-12.0609,7.56867],[-12.06049,7.57252],[-12.06414,7.57616],[-12.05685,7.59074],[-12.05985,7.59894],[-12.06353,7.59681],[-12.06393,7.60227],[-12.0615,7.60612],[-12.07891,7.6211],[-12.08601,7.63228],[-12.10547,7.61556],[-12.12293,7.60399],[-12.12557,7.59853],[-12.12071,7.59792],[-12.12293,7.59165],[-12.11929,7.58193],[-12.13225,7.56432],[-12.13488,7.55663],[-12.1287,7.5371],[-12.12972,7.53265],[-12.12526,7.52172],[-12.12911,7.51483],[-12.12729,7.50876],[-12.13012,7.50755],[-12.13032,7.5039],[-12.13498,7.49702],[-12.13397,7.49318],[-12.13113,7.49257],[-12.13275,7.49115],[-12.13397,7.48245],[-12.13316,7.48022],[-12.12729,7.47455],[-12.12506,7.46727],[-12.12162,7.4616],[-12.11777,7.45816],[-12.09854,7.4527],[-12.07107,7.45115]]]}},{"type":"Feature","properties":{"name":"Soa","district":"Kono"},"geometry":{"type":"Polygon","coordinates":[[[-10.56964,8.7152],[-10.59342,8.72962],[-10.62402,8.73683],[-10.63174,8.73758],[-10.64219,8.73211],[-10.65388,8.72788],[-10.66918,8.71917],[-10.68311,8.72862],[-10.69505,8.74206],[-10.70028,8.73658],[-10.70699,8.72589],[-10.71172,8.72141],[-10.72441,8.72066],[-10.74842,8.7229],[-10.75787,8.72141],[-10.75728,8.65289],[-10.75952,8.64791],[-10.76786,8.64119],[-10.77612,8.62985],[-10.77791,8.61074],[-10.77552,8.60358],[-10.77751,8.59223],[-10.77781,8.57711],[-10.77641,8.57113],[-10.77641,8.55979],[-10.77801,8.55641],[-10.779,8.54486],[-10.77671,8.53133],[-10.77671,8.51162],[-10.77512,8.50545],[-10.76756,8.49311],[-10.74915,8.47301],[-10.74397,8.47361],[-10.74059,8.47679],[-10.7386,8.47441],[-10.73522,8.4746],[-10.73462,8.46744],[-10.72865,8.46724],[-10.7173,8.46286],[-10.7169,8.45888],[-10.71591,8.45769],[-10.71372,8.45828],[-10.71292,8.45729],[-10.71432,8.4547],[-10.71133,8.45231],[-10.71272,8.44933],[-10.71093,8.44993],[-10.71113,8.44754],[-10.71392,8.44634],[-10.71173,8.44455],[-10.7121,8.44124],[-10.69844,8.44224],[-10.6952,8.44407],[-10.69428,8.44707],[-10.6785,8.44994],[-10.67267,8.45269],[-10.67125,8.45577],[-10.66784,8.45386],[-10.65847,8.45873],[-10.65714,8.46198],[-10.65513,8.46234],[-10.64881,8.46131],[-10.64223,8.4534],[-10.64048,8.45781],[-10.64048,8.46089],[-10.64215,8.46373],[-10.63873,8.46706],[-10.64226,8.47235],[-10.64054,8.47509],[-10.63476,8.47543],[-10.63201,8.47793],[-10.6316,8.48101],[-10.63376,8.48842],[-10.63268,8.49092],[-10.62366,8.48667],[-10.62024,8.49157],[-10.62167,8.49279],[-10.62035,8.49602],[-10.62606,8.50104],[-10.62708,8.50514],[-10.62252,8.51347],[-10.62001,8.52772],[-10.61522,8.53046],[-10.61368,8.53303],[-10.61459,8.54192],[-10.61186,8.54546],[-10.60938,8.54206],[-10.60739,8.54305],[-10.60789,8.54852],[-10.60415,8.57309],[-10.60633,8.5905],[-10.60633,8.60108],[-10.60866,8.61134],[-10.60835,8.63871],[-10.59125,8.67322],[-10.59032,8.68753],[-10.58472,8.70681],[-10.58192,8.70899],[-10.57259,8.7121],[-10.56964,8.7152]]]}},{"type":"Feature","properties":{"name":"Small Bo","district":"Kenema"},"geometry":{"type":"Polygon","coordinates":[[[-11.40262,7.75704],[-11.3997,7.75677],[-11.39872,7.762],[-11.39528,7.76233],[-11.39299,7.76593],[-11.38695,7.77001],[-11.38711,7.77639],[-11.38351,7.77573],[-11.38286,7.77835],[-11.37812,7.77688],[-11.37697,7.77966],[-11.37452,7.78047],[-11.37452,7.7826],[-11.36929,7.78358],[-11.36798,7.78554],[-11.36504,7.78538],[-11.36341,7.78636],[-11.36275,7.7893],[-11.36194,7.7875],[-11.3603,7.7875],[-11.35818,7.78832],[-11.35736,7.79061],[-11.35344,7.79028],[-11.34935,7.79306],[-11.32761,7.76658],[-11.32311,7.74419],[-11.3218,7.74239],[-11.3133,7.74157],[-11.30529,7.74386],[-11.29189,7.76723],[-11.28241,7.76151],[-11.26369,7.75743],[-11.26353,7.78979],[-11.25895,7.79731],[-11.25595,7.79872],[-11.25829,7.79899],[-11.2509,7.80769],[-11.24932,7.81217],[-11.24484,7.81587],[-11.23429,7.83063],[-11.21899,7.84509],[-11.21562,7.85099],[-11.21941,7.855],[-11.23798,7.86492],[-11.25844,7.88243],[-11.26667,7.89551],[-11.27079,7.91829],[-11.27733,7.92737],[-11.27311,7.93559],[-11.26846,7.93918],[-11.25707,7.94213],[-11.25095,7.94804],[-11.24251,7.95205],[-11.23176,7.96513],[-11.22988,7.96786],[-11.23951,7.97459],[-11.24207,7.97854],[-11.25541,7.96612],[-11.26197,7.9566],[-11.26627,7.95312],[-11.27184,7.95149],[-11.27741,7.95288],[-11.2853,7.95741],[-11.29436,7.95729],[-11.29679,7.95962],[-11.30411,7.96043],[-11.31293,7.9588],[-11.31563,7.95985],[-11.31527,7.96177],[-11.3261,7.96089],[-11.33852,7.95811],[-11.35637,7.95803],[-11.36867,7.94321],[-11.39021,7.93627],[-11.39021,7.92605],[-11.38875,7.92094],[-11.38473,7.9151],[-11.384,7.90816],[-11.38729,7.9078],[-11.39057,7.91254],[-11.39897,7.91072],[-11.40773,7.91145],[-11.41211,7.90853],[-11.41722,7.91035],[-11.41868,7.91291],[-11.42123,7.91327],[-11.42488,7.91729],[-11.42817,7.91327],[-11.43584,7.91254],[-11.43803,7.90853],[-11.44697,7.90305],[-11.44952,7.89758],[-11.44843,7.89539],[-11.44989,7.89064],[-11.44587,7.88261],[-11.44733,7.87422],[-11.45317,7.86838],[-11.47033,7.86144],[-11.47362,7.85706],[-11.48457,7.83224],[-11.48019,7.82165],[-11.4853,7.81435],[-11.48639,7.80559],[-11.48165,7.79939],[-11.49187,7.79062],[-11.49296,7.78551],[-11.48822,7.78223],[-11.47727,7.77967],[-11.47289,7.77967],[-11.46887,7.7815],[-11.46887,7.78515],[-11.46595,7.78624],[-11.46741,7.78807],[-11.46485,7.79135],[-11.45719,7.79391],[-11.45609,7.79902],[-11.45098,7.8045],[-11.45098,7.80924],[-11.4466,7.81143],[-11.43894,7.81837],[-11.43054,7.82238],[-11.42543,7.82275],[-11.42324,7.81691],[-11.41996,7.81618],[-11.41813,7.80888],[-11.41521,7.80377],[-11.4143,7.79427],[-11.41211,7.79172],[-11.40992,7.79135],[-11.40846,7.78624],[-11.40481,7.7804],[-11.40152,7.77967],[-11.40189,7.77602],[-11.40444,7.77347],[-11.40408,7.77018],[-11.40116,7.76872],[-11.40335,7.7596],[-11.40262,7.75704]]]}},{"type":"Feature","properties":{"name":"Sittia","district":"Bonthe"},"geometry":{"type":"MultiPolygon","coordinates":[[[[-12.56262,7.37628],[-12.56091,7.37774],[-12.56202,7.37929],[-12.56262,7.37628]]],[[[-12.56864,7.40014],[-12.57029,7.4002],[-12.57076,7.39418],[-12.56844,7.39175],[-12.56864,7.40014]]],[[[-12.56983,7.40093],[-12.57352,7.40905],[-12.57188,7.4113],[-12.57291,7.41137],[-12.57454,7.41007],[-12.57448,7.40707],[-12.57086,7.40086],[-12.56983,7.40093]]],[[[-12.56724,7.42038],[-12.56963,7.41697],[-12.56956,7.41478],[-12.56519,7.42004],[-12.56724,7.42038]]],[[[-12.50083,7.42878],[-12.50035,7.43144],[-12.50308,7.43458],[-12.50431,7.43362],[-12.5039,7.43028],[-12.50206,7.42762],[-12.50083,7.42878]]],[[[-12.48138,7.43082],[-12.47912,7.43417],[-12.48124,7.43676],[-12.48377,7.43226],[-12.48138,7.43082]]],[[[-12.48288,7.44134],[-12.48363,7.44352],[-12.48895,7.44468],[-12.48506,7.44099],[-12.48329,7.44031],[-12.48288,7.44134]]],[[[-12.48465,7.43171],[-12.4824,7.43785],[-12.48854,7.44181],[-12.49284,7.44796],[-12.49585,7.44161],[-12.48936,7.43178],[-12.48534,7.43055],[-12.48465,7.43171]]],[[[-12.49639,7.44734],[-12.49469,7.45362],[-12.49733,7.45237],[-12.49933,7.44843],[-12.49919,7.44652],[-12.49748,7.44618],[-12.49639,7.44734]]],[[[-12.51912,7.45369],[-12.51939,7.45478],[-12.52055,7.45362],[-12.51912,7.45369]]],[[[-12.4973,7.46907],[-12.50114,7.46815],[-12.50048,7.46535],[-12.4982,7.46675],[-12.4973,7.46907]]],[[[-12.50929,7.46952],[-12.51514,7.46996],[-12.51632,7.46557],[-12.51339,7.46488],[-12.5097,7.46741],[-12.50929,7.46952]]],[[[-12.51541,7.5487],[-12.51605,7.55612],[-12.51373,7.55596],[-12.51039,7.54887],[-12.50739,7.54937],[-12.50423,7.54713],[-12.4999,7.5532],[-12.4949,7.5642],[-12.4944,7.56944],[-12.49667,7.57448],[-12.50538,7.5861],[-12.51591,7.59191],[-12.53044,7.60281],[-12.55053,7.61039],[-12.56673,7.61331],[-12.57266,7.60973],[-12.57982,7.60825],[-12.58316,7.61164],[-12.58657,7.61167],[-12.58545,7.61533],[-12.57527,7.62065],[-12.58618,7.6353],[-12.5906,7.63722],[-12.60109,7.63689],[-12.62573,7.64064],[-12.63682,7.63988],[-12.65848,7.63564],[-12.6629,7.63743],[-12.66827,7.63714],[-12.67195,7.6346],[-12.67355,7.63752],[-12.69238,7.63901],[-12.69995,7.63641],[-12.70633,7.63027],[-12.71763,7.62732],[-12.72344,7.62441],[-12.72671,7.62877],[-12.74636,7.62537],[-12.7604,7.62509],[-12.77086,7.62772],[-12.78935,7.62859],[-12.80351,7.62714],[-12.80823,7.62496],[-12.81077,7.61806],[-12.80534,7.61994],[-12.80184,7.61977],[-12.79968,7.61411],[-12.79418,7.61036],[-12.79468,7.60828],[-12.79984,7.60403],[-12.79909,7.6002],[-12.80276,7.6012],[-12.80192,7.59812],[-12.81342,7.58378],[-12.83302,7.57367],[-12.84313,7.56703],[-12.85988,7.56008],[-12.86557,7.55566],[-12.86565,7.55084],[-12.86326,7.55152],[-12.83868,7.54539],[-12.77876,7.52912],[-12.70928,7.50716],[-12.69649,7.50195],[-12.667,7.49345],[-12.61786,7.47311],[-12.59546,7.46146],[-12.58001,7.45157],[-12.57822,7.44922],[-12.57689,7.45298],[-12.57793,7.44927],[-12.56402,7.42978],[-12.56202,7.4227],[-12.56403,7.40803],[-12.56676,7.40386],[-12.56874,7.39485],[-12.5682,7.39287],[-12.56451,7.39008],[-12.55932,7.38816],[-12.54458,7.38892],[-12.52796,7.39247],[-12.53038,7.3998],[-12.52929,7.40347],[-12.53013,7.40771],[-12.53296,7.41088],[-12.53479,7.41629],[-12.5357,7.42614],[-12.53389,7.43377],[-12.53044,7.46845],[-12.52346,7.47734],[-12.50417,7.49055],[-12.5006,7.49458],[-12.50052,7.49748],[-12.49587,7.49693],[-12.49561,7.49868],[-12.49148,7.5029],[-12.49248,7.50667],[-12.48988,7.50629],[-12.48907,7.51136],[-12.49043,7.51409],[-12.49239,7.51618],[-12.49329,7.51439],[-12.49478,7.51469],[-12.49568,7.51909],[-12.49768,7.52019],[-12.50989,7.51873],[-12.51235,7.5206],[-12.52797,7.52029],[-12.53495,7.52192],[-12.53422,7.53478],[-12.53205,7.53953],[-12.52052,7.54807],[-12.51541,7.5487]]],[[[-12.68395,7.68076],[-12.69336,7.68218],[-12.69686,7.68143],[-12.69911,7.67418],[-12.70252,7.6716],[-12.70202,7.6706],[-12.69344,7.67143],[-12.68112,7.67735],[-12.67962,7.6786],[-12.68053,7.68068],[-12.68395,7.68076]]]]}},{"type":"Feature","properties":{"name":"Simbaru","district":"Kenema"},"geometry":{"type":"Polygon","coordinates":[[[-11.40019,8.22624],[-11.40152,8.21588],[-11.39897,8.21114],[-11.3913,8.20968],[-11.38948,8.19836],[-11.38218,8.19435],[-11.38291,8.18668],[-11.38729,8.17865],[-11.39605,8.17208],[-11.40371,8.16295],[-11.39933,8.15456],[-11.40262,8.14799],[-11.40152,8.14543],[-11.40335,8.1374],[-11.39897,8.13302],[-11.38473,8.13375],[-11.35735,8.12791],[-11.34567,8.12864],[-11.34239,8.12353],[-11.34348,8.11842],[-11.3354,8.09617],[-11.33112,8.09708],[-11.32654,8.09572],[-11.32263,8.10455],[-11.31822,8.10387],[-11.31482,8.10523],[-11.31228,8.11218],[-11.3082,8.11218],[-11.30752,8.11541],[-11.2987,8.11643],[-11.29734,8.11354],[-11.29428,8.11269],[-11.29428,8.11422],[-11.29174,8.11507],[-11.29195,8.11681],[-11.28686,8.12105],[-11.28834,8.12466],[-11.28283,8.12678],[-11.28113,8.12551],[-11.27582,8.127],[-11.26352,8.12742],[-11.24601,8.13527],[-11.24156,8.14185],[-11.2388,8.15076],[-11.23561,8.15416],[-11.2354,8.15607],[-11.22904,8.15988],[-11.22925,8.16774],[-11.23413,8.18811],[-11.25524,8.20444],[-11.25715,8.20996],[-11.25673,8.2229],[-11.2493,8.23754],[-11.24442,8.25791],[-11.24272,8.28147],[-11.24506,8.28338],[-11.24506,8.28571],[-11.2423,8.28826],[-11.24166,8.29017],[-11.24293,8.29229],[-11.23975,8.29717],[-11.24018,8.2995],[-11.23869,8.30099],[-11.23798,8.30682],[-11.25115,8.30215],[-11.25732,8.30294],[-11.26469,8.30075],[-11.28042,8.28801],[-11.30441,8.27745],[-11.31437,8.27845],[-11.31995,8.28104],[-11.32393,8.27905],[-11.32751,8.28184],[-11.33329,8.28263],[-11.33548,8.28164],[-11.33926,8.26969],[-11.33946,8.26152],[-11.33428,8.25236],[-11.33667,8.25077],[-11.34304,8.25017],[-11.34504,8.23285],[-11.34304,8.21971],[-11.34922,8.22668],[-11.37331,8.23663],[-11.3759,8.23663],[-11.38526,8.23166],[-11.39601,8.23066],[-11.40019,8.22624]]]}},{"type":"Feature","properties":{"name":"Sengbe","district":"Koinadugu"},"geometry":{"type":"Polygon","coordinates":[[[-11.55852,9.46313],[-11.55124,9.46094],[-11.54976,9.4533],[-11.54532,9.44911],[-11.54508,9.44443],[-11.53941,9.4326],[-11.53892,9.42324],[-11.54212,9.41338],[-11.54064,9.40968],[-11.53867,9.4087],[-11.53374,9.40968],[-11.53177,9.40796],[-11.53202,9.40451],[-11.53719,9.40155],[-11.53633,9.39588],[-11.54003,9.39527],[-11.53633,9.3888],[-11.54341,9.38202],[-11.54064,9.38017],[-11.54157,9.37709],[-11.53725,9.37155],[-11.51384,9.37555],[-11.47196,9.37562],[-11.46526,9.37502],[-11.46072,9.3697],[-11.45461,9.37404],[-11.45442,9.37759],[-11.44614,9.38527],[-11.44554,9.38764],[-11.44101,9.39296],[-11.42958,9.40381],[-11.42721,9.40459],[-11.4209,9.40223],[-11.41696,9.40223],[-11.4142,9.404],[-11.41174,9.40361],[-11.4074,9.40617],[-11.39971,9.40795],[-11.39616,9.4113],[-11.39084,9.41287],[-11.38867,9.41563],[-11.38414,9.41662],[-11.38276,9.41918],[-11.37113,9.4247],[-11.36403,9.42963],[-11.36048,9.4314],[-11.35792,9.43002],[-11.35634,9.43121],[-11.35496,9.4454],[-11.3524,9.44579],[-11.34846,9.45033],[-11.34097,9.44855],[-11.3108,9.44698],[-11.27916,9.44027],[-11.25137,9.43968],[-11.24605,9.44087],[-11.24388,9.43633],[-11.24526,9.42372],[-11.24447,9.41051],[-11.24703,9.39079],[-11.24772,9.37128],[-11.24614,9.36891],[-11.23451,9.36596],[-11.23451,9.36162],[-11.23215,9.35945],[-11.23491,9.34881],[-11.23589,9.34112],[-11.2351,9.33757],[-11.23668,9.3354],[-11.23747,9.32909],[-11.24772,9.32101],[-11.2493,9.30741],[-11.24614,9.30701],[-11.24023,9.31076],[-11.23767,9.30997],[-11.23708,9.31312],[-11.23037,9.3147],[-11.22249,9.32002],[-11.21046,9.32475],[-11.2081,9.32535],[-11.20573,9.32239],[-11.19627,9.32535],[-11.18819,9.32456],[-11.18819,9.32613],[-11.18257,9.33363],[-11.16542,9.35334],[-11.16029,9.36852],[-11.16069,9.37502],[-11.15783,9.40361],[-11.15034,9.42805],[-11.14984,9.43673],[-11.14748,9.4452],[-11.14728,9.46945],[-11.14846,9.47812],[-11.15517,9.48759],[-11.17123,9.49902],[-11.18109,9.50907],[-11.17675,9.53372],[-11.17961,9.5483],[-11.17744,9.5554],[-11.17291,9.56171],[-11.17212,9.56703],[-11.1733,9.57827],[-11.17074,9.59148],[-11.17192,9.597],[-11.17173,9.59838],[-11.16956,9.5966],[-11.16857,9.59719],[-11.16857,9.59995],[-11.17133,9.60192],[-11.16778,9.60882],[-11.17054,9.6102],[-11.1666,9.62124],[-11.16857,9.6242],[-11.16739,9.62716],[-11.16916,9.62735],[-11.16325,9.63918],[-11.16502,9.64155],[-11.16408,9.64301],[-11.1763,9.64612],[-11.20611,9.64394],[-11.21962,9.63912],[-11.22421,9.63888],[-11.22687,9.64177],[-11.22662,9.64394],[-11.22831,9.64539],[-11.23073,9.64539],[-11.23604,9.65239],[-11.24111,9.65191],[-11.24593,9.65456],[-11.24955,9.65843],[-11.26247,9.6635],[-11.27067,9.67315],[-11.2796,9.67918],[-11.28757,9.6927],[-11.29047,9.69511],[-11.30205,9.69367],[-11.31581,9.68667],[-11.32136,9.68522],[-11.32426,9.67943],[-11.33572,9.66856],[-11.34369,9.66374],[-11.35817,9.65915],[-11.36493,9.65505],[-11.36879,9.64901],[-11.37531,9.64757],[-11.43601,9.65094],[-11.46135,9.6437],[-11.46908,9.63863],[-11.48355,9.63749],[-11.49865,9.63871],[-11.51024,9.63823],[-11.51195,9.63491],[-11.51159,9.63198],[-11.52587,9.61111],[-11.5288,9.60232],[-11.54528,9.60196],[-11.55223,9.60012],[-11.55736,9.5965],[-11.55593,9.59615],[-11.55604,9.59341],[-11.55763,9.59232],[-11.55809,9.58958],[-11.55527,9.58739],[-11.55258,9.58816],[-11.55104,9.59182],[-11.54807,9.59308],[-11.54217,9.59221],[-11.54048,9.59737],[-11.54258,9.58829],[-11.53832,9.57229],[-11.53868,9.56827],[-11.54344,9.56021],[-11.54088,9.543],[-11.53502,9.5192],[-11.53759,9.50016],[-11.54015,9.49576],[-11.54894,9.48807],[-11.55553,9.47965],[-11.55852,9.46313]]]}},{"type":"Feature","properties":{"name":"Sella Limba","district":"Karene"},"geometry":{"type":"Polygon","coordinates":[[[-12.40441,9.41768],[-12.40075,9.41279],[-12.3919,9.41427],[-12.38157,9.41206],[-12.37488,9.40777],[-12.37045,9.39984],[-12.34566,9.41002],[-12.33637,9.41311],[-12.32863,9.41404],[-12.31408,9.43045],[-12.30882,9.44129],[-12.30634,9.44314],[-12.29303,9.44407],[-12.28096,9.42766],[-12.27724,9.42673],[-12.2664,9.42797],[-12.25897,9.43447],[-12.25216,9.43664],[-12.24411,9.43633],[-12.23916,9.43881],[-12.23018,9.44934],[-12.22337,9.45212],[-12.2178,9.45862],[-12.21609,9.45646],[-12.20897,9.45906],[-12.20972,9.46079],[-12.20749,9.46302],[-12.20873,9.46723],[-12.20377,9.46896],[-12.19981,9.47243],[-12.19931,9.47664],[-12.19609,9.4811],[-12.19387,9.47986],[-12.19312,9.48779],[-12.18941,9.49026],[-12.18866,9.48903],[-12.18,9.49943],[-12.16563,9.50438],[-12.15795,9.51156],[-12.13678,9.51924],[-12.11721,9.52172],[-12.10631,9.52172],[-12.10284,9.52395],[-12.09913,9.52444],[-12.09665,9.52271],[-12.07003,9.52296],[-12.05963,9.52122],[-12.05665,9.5185],[-12.05195,9.51924],[-12.04551,9.52098],[-12.04501,9.5237],[-12.046,9.52494],[-12.04278,9.53138],[-12.046,9.53385],[-12.04476,9.53683],[-12.0465,9.53831],[-12.04898,9.5455],[-12.05087,9.54461],[-12.05514,9.54846],[-12.0577,9.54675],[-12.0624,9.56084],[-12.06027,9.56298],[-12.06069,9.5681],[-12.06625,9.57536],[-12.07052,9.57793],[-12.07094,9.57536],[-12.07351,9.57494],[-12.08162,9.58006],[-12.08589,9.58092],[-12.09102,9.57964],[-12.09102,9.57494],[-12.10041,9.57793],[-12.10725,9.58348],[-12.10981,9.58049],[-12.1128,9.58134],[-12.11536,9.58391],[-12.12134,9.58006],[-12.12604,9.58262],[-12.12946,9.58177],[-12.13074,9.58732],[-12.13544,9.58989],[-12.14459,9.57837],[-12.15342,9.57528],[-12.16093,9.57086],[-12.16402,9.56777],[-12.16446,9.56512],[-12.17197,9.56512],[-12.17682,9.56291],[-12.18477,9.56203],[-12.18676,9.57351],[-12.18897,9.57704],[-12.18995,9.59693],[-12.19245,9.59907],[-12.20381,9.59754],[-12.20972,9.59073],[-12.23709,9.58322],[-12.24107,9.58455],[-12.24769,9.58455],[-12.2552,9.5819],[-12.26094,9.57704],[-12.26535,9.57086],[-12.27595,9.57174],[-12.28037,9.56689],[-12.28831,9.56247],[-12.29273,9.56203],[-12.29759,9.56424],[-12.30686,9.56115],[-12.31922,9.5351],[-12.3232,9.52936],[-12.32894,9.52626],[-12.33114,9.53156],[-12.33424,9.5351],[-12.33688,9.54437],[-12.34042,9.54569],[-12.3466,9.54437],[-12.36426,9.53245],[-12.38678,9.51964],[-12.39075,9.51478],[-12.39164,9.50816],[-12.39208,9.49977],[-12.38943,9.48785],[-12.3987,9.47769],[-12.41595,9.47338],[-12.41452,9.45907],[-12.40001,9.44008],[-12.39853,9.43197],[-12.40441,9.41768]]]}},{"type":"Feature","properties":{"name":"Selenga","district":"Bo"},"geometry":{"type":"Polygon","coordinates":[[[-11.77628,8.14341],[-11.77436,8.14275],[-11.77281,8.13871],[-11.77135,8.13794],[-11.77384,8.13287],[-11.77685,8.08514],[-11.7747,8.0751],[-11.77526,8.07239],[-11.77844,8.06827],[-11.78951,8.05908],[-11.79011,8.05599],[-11.78797,8.05187],[-11.78496,8.05213],[-11.78084,8.06174],[-11.7792,8.06264],[-11.75397,8.06494],[-11.75096,8.06589],[-11.74964,8.06853],[-11.74732,8.0698],[-11.74177,8.07091],[-11.71462,8.07075],[-11.71419,8.08313],[-11.71074,8.08786],[-11.70436,8.09153],[-11.67918,8.10013],[-11.67251,8.10463],[-11.66958,8.11026],[-11.6686,8.11378],[-11.67419,8.13648],[-11.68294,8.15288],[-11.68694,8.16354],[-11.70344,8.16086],[-11.71806,8.16027],[-11.74178,8.15102],[-11.75259,8.15378],[-11.76273,8.15229],[-11.77377,8.14662],[-11.77628,8.14341]]]}},{"type":"Feature","properties":{"name":"Sandor","district":"Kono"},"geometry":{"type":"Polygon","coordinates":[[[-10.97387,9.03993],[-10.98816,9.04729],[-11.00565,9.05969],[-11.01486,9.05774],[-11.05471,9.07685],[-11.07028,9.07577],[-11.07578,9.07419],[-11.08169,9.06969],[-11.083,9.06283],[-11.09599,9.06824],[-11.09965,9.06849],[-11.10465,9.06691],[-11.11706,9.05417],[-11.12272,9.04476],[-11.12239,9.03068],[-11.12743,9.02165],[-11.1352,9.0155],[-11.13655,9.00953],[-11.13321,9.00025],[-11.12923,9.00025],[-11.12525,8.99627],[-11.12393,8.97836],[-11.12938,8.96856],[-11.1313,8.96706],[-11.14038,8.96514],[-11.1456,8.95998],[-11.14647,8.95648],[-11.14461,8.94255],[-11.14854,8.93724],[-11.15703,8.9315],[-11.16111,8.92642],[-11.16195,8.92325],[-11.16404,8.922],[-11.16486,8.92275],[-11.17422,8.93491],[-11.1846,8.93758],[-11.19322,8.93537],[-11.20113,8.92971],[-11.20862,8.93062],[-11.22087,8.93562],[-11.22278,8.93554],[-11.22661,8.9317],[-11.23661,8.93004],[-11.23827,8.92538],[-11.24489,8.91626],[-11.25164,8.91084],[-11.25599,8.90896],[-11.25422,8.90543],[-11.25024,8.9094],[-11.25075,8.90705],[-11.24773,8.90726],[-11.24789,8.90493],[-11.25272,8.89727],[-11.25376,8.89256],[-11.2529,8.89017],[-11.2582,8.88288],[-11.26947,8.86233],[-11.27532,8.86023],[-11.29306,8.85931],[-11.2963,8.85432],[-11.29865,8.83182],[-11.30559,8.8213],[-11.30528,8.81392],[-11.30259,8.80705],[-11.30555,8.80118],[-11.32037,8.79219],[-11.3397,8.7751],[-11.33909,8.76226],[-11.34109,8.75682],[-11.34009,8.75068],[-11.34176,8.74743],[-11.34542,8.74443],[-11.34772,8.73931],[-11.34705,8.72507],[-11.34867,8.71462],[-11.34717,8.71187],[-11.34829,8.69626],[-11.34321,8.68526],[-11.34061,8.67618],[-11.33262,8.66502],[-11.33258,8.66323],[-11.31173,8.65643],[-11.3058,8.65599],[-11.30316,8.65731],[-11.29482,8.66389],[-11.28582,8.67443],[-11.28077,8.67619],[-11.26935,8.68497],[-11.26946,8.69024],[-11.26771,8.69199],[-11.25849,8.69529],[-11.25432,8.6999],[-11.24751,8.70034],[-11.244,8.70473],[-11.24378,8.70934],[-11.24202,8.71219],[-11.23807,8.71439],[-11.23456,8.71087],[-11.23522,8.70385],[-11.23324,8.70165],[-11.22577,8.70341],[-11.2227,8.70231],[-11.21633,8.70253],[-11.21414,8.70056],[-11.21348,8.69836],[-11.21963,8.69155],[-11.21677,8.68892],[-11.21085,8.68738],[-11.20821,8.68453],[-11.21063,8.67926],[-11.20821,8.67531],[-11.19745,8.67443],[-11.18955,8.6808],[-11.18472,8.67641],[-11.17901,8.67663],[-11.17396,8.6685],[-11.17133,8.66631],[-11.16716,8.66609],[-11.16716,8.66192],[-11.1654,8.66104],[-11.16057,8.66565],[-11.1564,8.66587],[-11.15508,8.66719],[-11.15596,8.67114],[-11.15047,8.6707],[-11.14729,8.67377],[-11.14158,8.67509],[-11.1407,8.67816],[-11.13785,8.6808],[-11.14246,8.68299],[-11.14356,8.68563],[-11.14399,8.68848],[-11.14114,8.69638],[-11.14312,8.69968],[-11.14773,8.701],[-11.14773,8.70297],[-11.14707,8.70583],[-11.14268,8.71087],[-11.14224,8.71746],[-11.13565,8.72032],[-11.12885,8.728],[-11.12621,8.72888],[-11.12621,8.73107],[-11.13082,8.7381],[-11.12797,8.746],[-11.12336,8.75171],[-11.11897,8.74864],[-11.11611,8.74293],[-11.11172,8.73722],[-11.10909,8.73568],[-11.10557,8.73722],[-11.1025,8.74183],[-11.09438,8.73415],[-11.09086,8.73459],[-11.08812,8.73568],[-11.0879,8.74271],[-11.07846,8.74995],[-11.07539,8.74908],[-11.0699,8.75303],[-11.0699,8.75544],[-11.07297,8.75632],[-11.07561,8.75369],[-11.07736,8.75522],[-11.0767,8.7572],[-11.07078,8.76049],[-11.06419,8.76159],[-11.0587,8.76444],[-11.05541,8.76378],[-11.05168,8.76049],[-11.0486,8.76159],[-11.04553,8.76642],[-11.0385,8.76905],[-11.0306,8.77586],[-11.01435,8.77871],[-11.00996,8.77718],[-11.00294,8.7774],[-10.9992,8.77542],[-10.9913,8.77674],[-10.99196,8.77257],[-10.98845,8.77037],[-10.98296,8.77323],[-10.98054,8.77301],[-10.97879,8.76971],[-10.96814,8.77103],[-10.9655,8.76905],[-10.96221,8.77169],[-10.96924,8.77366],[-10.97012,8.78091],[-10.96836,8.78376],[-10.96836,8.79189],[-10.96287,8.79386],[-10.95541,8.79496],[-10.95387,8.79408],[-10.94597,8.79825],[-10.94245,8.79781],[-10.92774,8.80067],[-10.92445,8.79891],[-10.90689,8.80572],[-10.90337,8.80418],[-10.89723,8.80835],[-10.88449,8.80089],[-10.87988,8.79957],[-10.87813,8.79716],[-10.87461,8.79781],[-10.87308,8.7954],[-10.87066,8.79913],[-10.86825,8.7943],[-10.86869,8.78859],[-10.86429,8.78662],[-10.86407,8.78881],[-10.86122,8.78618],[-10.85639,8.78793],[-10.85134,8.78486],[-10.84937,8.78486],[-10.84651,8.78728],[-10.84481,8.78456],[-10.84481,8.78147],[-10.84275,8.78044],[-10.84069,8.78079],[-10.83829,8.78353],[-10.83589,8.78284],[-10.82697,8.78833],[-10.82045,8.79965],[-10.81943,8.80617],[-10.81565,8.81063],[-10.81291,8.81681],[-10.81668,8.83053],[-10.80536,8.8566],[-10.80502,8.87409],[-10.80982,8.90428],[-10.80673,8.92315],[-10.80311,8.93386],[-10.82123,8.93423],[-10.83589,8.93865],[-10.84363,8.94731],[-10.84846,8.94906],[-10.85129,8.95272],[-10.85712,8.95189],[-10.8667,8.94747],[-10.87203,8.94981],[-10.87534,8.94771],[-10.87557,8.95359],[-10.88319,8.95822],[-10.89701,8.97437],[-10.9125,8.95755],[-10.91999,8.96577],[-10.92591,8.97637],[-10.93024,8.98095],[-10.93191,8.98578],[-10.91817,9.00061],[-10.91325,9.00794],[-10.93815,9.02492],[-10.97387,9.03993]]]}},{"type":"Feature","properties":{"name":"Sanda Tendaran","district":"Karene"},"geometry":{"type":"Polygon","coordinates":[[[-12.15212,9.23841],[-12.17856,9.23899],[-12.18509,9.24092],[-12.1863,9.24309],[-12.19064,9.24527],[-12.20852,9.24817],[-12.22427,9.24485],[-12.24372,9.23881],[-12.25844,9.22823],[-12.26976,9.22295],[-12.2758,9.22333],[-12.28713,9.22937],[-12.29128,9.22899],[-12.30563,9.2237],[-12.33923,9.22182],[-12.3547,9.21955],[-12.35735,9.21766],[-12.36037,9.2188],[-12.37471,9.20483],[-12.40491,9.18671],[-12.40878,9.182],[-12.42545,9.16915],[-12.43338,9.15904],[-12.43939,9.15439],[-12.44295,9.14264],[-12.44732,9.13881],[-12.45115,9.13799],[-12.45251,9.13116],[-12.44978,9.12405],[-12.45033,9.11585],[-12.45661,9.11202],[-12.45853,9.10683],[-12.4557,9.10721],[-12.44409,9.11713],[-12.43757,9.11883],[-12.42935,9.11741],[-12.42794,9.11514],[-12.4319,9.10863],[-12.43502,9.09474],[-12.43615,9.08766],[-12.43474,9.08511],[-12.41802,9.07973],[-12.41604,9.08171],[-12.41405,9.08993],[-12.40754,9.09106],[-12.40272,9.09729],[-12.40017,9.09814],[-12.39167,9.09389],[-12.38884,9.08908],[-12.38827,9.08001],[-12.38685,9.07633],[-12.37977,9.06726],[-12.3775,9.06641],[-12.37042,9.06868],[-12.35824,9.07831],[-12.35484,9.08823],[-12.35115,9.09078],[-12.35257,9.09418],[-12.35059,9.09644],[-12.34747,9.09446],[-12.3435,9.09673],[-12.33769,9.09758],[-12.33571,9.09956],[-12.32381,9.09503],[-12.31984,9.09304],[-12.32239,9.08936],[-12.32069,9.08681],[-12.32069,9.08313],[-12.30993,9.08624],[-12.29888,9.09276],[-12.26686,9.09616],[-12.25737,9.10381],[-12.25567,9.10693],[-12.24178,9.11684],[-12.24037,9.11911],[-12.23442,9.11854],[-12.23668,9.12336],[-12.23413,9.12874],[-12.23045,9.12789],[-12.23187,9.13129],[-12.23527,9.13356],[-12.23187,9.13696],[-12.21571,9.14574],[-12.21288,9.15198],[-12.21458,9.16303],[-12.2007,9.17323],[-12.1973,9.1738],[-12.19475,9.17776],[-12.18461,9.1849],[-12.18617,9.18632],[-12.18593,9.18922],[-12.17651,9.20734],[-12.17482,9.21313],[-12.1753,9.21676],[-12.16805,9.2257],[-12.16298,9.23029],[-12.15307,9.2356],[-12.15212,9.23841]]]}},{"type":"Feature","properties":{"name":"Sanda Magbolont","district":"Karene"},"geometry":{"type":"Polygon","coordinates":[[[-12.69355,9.10747],[-12.69538,9.10747],[-12.69907,9.09935],[-12.70865,9.09198],[-12.71087,9.08387],[-12.71714,9.07354],[-12.72967,9.06174],[-12.73705,9.04552],[-12.72967,9.03372],[-12.73557,9.02265],[-12.73788,9.02173],[-12.73711,9.01949],[-12.72802,9.02016],[-12.72735,9.01848],[-12.73509,9.01477],[-12.73442,9.01242],[-12.72903,9.00771],[-12.72365,9.01107],[-12.71691,9.0178],[-12.71523,9.01982],[-12.71523,9.02689],[-12.7085,9.03127],[-12.70547,9.03093],[-12.70311,9.02757],[-12.7048,9.02151],[-12.70244,9.01747],[-12.69503,9.01376],[-12.69402,9.01208],[-12.69638,9.00569],[-12.69503,9.00097],[-12.692,8.99895],[-12.68695,9.00804],[-12.68089,9.01275],[-12.67719,9.0141],[-12.67248,9.01511],[-12.66642,9.01376],[-12.66608,9.00973],[-12.66373,9.00535],[-12.65969,9.00131],[-12.63612,9.01814],[-12.63175,9.01646],[-12.62569,9.0104],[-12.61761,9.01074],[-12.61357,9.01646],[-12.61054,9.01612],[-12.60583,9.02016],[-12.5964,9.02252],[-12.58988,9.02197],[-12.5911,9.02318],[-12.58618,9.02892],[-12.58317,9.03439],[-12.58263,9.03849],[-12.57634,9.0445],[-12.57388,9.0486],[-12.57224,9.05516],[-12.56705,9.05598],[-12.5624,9.05927],[-12.56035,9.06419],[-12.55926,9.0743],[-12.56363,9.07375],[-12.56472,9.07539],[-12.56336,9.0784],[-12.55762,9.08004],[-12.55488,9.08332],[-12.55215,9.08441],[-12.54969,9.08988],[-12.5434,9.09125],[-12.53739,9.08578],[-12.53821,9.08387],[-12.54504,9.08004],[-12.54805,9.07649],[-12.54477,9.0702],[-12.54012,9.06911],[-12.52454,9.08031],[-12.52263,9.08195],[-12.52153,9.08879],[-12.51853,9.09097],[-12.51443,9.08933],[-12.5024,9.07485],[-12.49967,9.07922],[-12.49092,9.07922],[-12.48928,9.08141],[-12.49256,9.08742],[-12.48764,9.09562],[-12.4901,9.10027],[-12.49912,9.10874],[-12.50336,9.10983],[-12.50281,9.11202],[-12.49871,9.11749],[-12.4793,9.13252],[-12.47629,9.13635],[-12.46399,9.12104],[-12.46591,9.11721],[-12.47493,9.1112],[-12.47493,9.10765],[-12.47165,9.10218],[-12.46755,9.10191],[-12.46481,9.10546],[-12.46071,9.10737],[-12.45853,9.10683],[-12.45661,9.11202],[-12.45033,9.11585],[-12.44978,9.12405],[-12.45251,9.13116],[-12.45115,9.13799],[-12.44732,9.13881],[-12.44295,9.14264],[-12.43939,9.15439],[-12.43338,9.15904],[-12.42545,9.16915],[-12.40878,9.182],[-12.41643,9.18938],[-12.41698,9.19266],[-12.40987,9.21781],[-12.40071,9.2271],[-12.3988,9.2312],[-12.40181,9.2435],[-12.40126,9.2517],[-12.40345,9.25553],[-12.41356,9.26619],[-12.42231,9.26947],[-12.43813,9.25923],[-12.43652,9.25276],[-12.44094,9.25202],[-12.45495,9.26529],[-12.46454,9.26898],[-12.47413,9.26603],[-12.4815,9.26677],[-12.48667,9.27267],[-12.48962,9.27341],[-12.49035,9.25349],[-12.4933,9.24907],[-12.50068,9.24612],[-12.51322,9.27046],[-12.51764,9.27267],[-12.52133,9.27193],[-12.51764,9.25792],[-12.52723,9.24833],[-12.53018,9.24169],[-12.53239,9.22768],[-12.53977,9.22473],[-12.54567,9.22547],[-12.55304,9.22989],[-12.54714,9.23579],[-12.54272,9.24391],[-12.5464,9.24907],[-12.55378,9.25128],[-12.56263,9.24981],[-12.5641,9.24759],[-12.56042,9.23801],[-12.55599,9.23063],[-12.56779,9.22326],[-12.57517,9.22326],[-12.59729,9.21588],[-12.60024,9.22178],[-12.60024,9.22768],[-12.60393,9.23358],[-12.61057,9.23358],[-12.61425,9.23211],[-12.61573,9.21957],[-12.62237,9.21219],[-12.6349,9.20408],[-12.6408,9.20998],[-12.64597,9.20924],[-12.6585,9.19892],[-12.66145,9.19228],[-12.65998,9.18417],[-12.65187,9.16647],[-12.65629,9.14508],[-12.66219,9.13254],[-12.66957,9.13254],[-12.66514,9.12295],[-12.66367,9.11337],[-12.66662,9.1082],[-12.69355,9.10747]]]}},{"type":"Feature","properties":{"name":"Sanda Loko","district":"Karene"},"geometry":{"type":"Polygon","coordinates":[[[-12.3707,9.36688],[-12.35486,9.36593],[-12.35337,9.36221],[-12.33678,9.35231],[-12.33157,9.34785],[-12.32513,9.35231],[-12.32117,9.35082],[-12.31746,9.35231],[-12.31523,9.34686],[-12.31325,9.3481],[-12.31201,9.35181],[-12.30284,9.35429],[-12.30012,9.35751],[-12.29591,9.35627],[-12.29541,9.36296],[-12.28922,9.36568],[-12.28476,9.36147],[-12.28402,9.35602],[-12.2803,9.35429],[-12.27981,9.34859],[-12.2756,9.34834],[-12.27387,9.35008],[-12.27287,9.34909],[-12.26644,9.35379],[-12.26099,9.34265],[-12.25529,9.34017],[-12.25108,9.34067],[-12.23226,9.3481],[-12.22334,9.35726],[-12.22161,9.36519],[-12.21492,9.3694],[-12.21145,9.3689],[-12.21021,9.36494],[-12.2112,9.35404],[-12.20972,9.34983],[-12.20501,9.34364],[-12.18904,9.33175],[-12.1561,9.32878],[-12.1556,9.32457],[-12.14198,9.32407],[-12.14074,9.32655],[-12.13479,9.32853],[-12.1338,9.33076],[-12.11956,9.33423],[-12.1161,9.33299],[-12.11213,9.33348],[-12.09603,9.3476],[-12.09356,9.35355],[-12.0995,9.35578],[-12.10074,9.35974],[-12.09554,9.37064],[-12.09628,9.37782],[-12.09529,9.3803],[-12.09034,9.38178],[-12.07622,9.37782],[-12.07176,9.37831],[-12.05938,9.36989],[-12.05517,9.36865],[-12.04563,9.36791],[-12.03696,9.3689],[-12.02557,9.37361],[-12.02161,9.37138],[-12.02086,9.36791],[-12.01442,9.36667],[-12.0112,9.36865],[-12.01195,9.37237],[-12.00922,9.3746],[-11.99857,9.37163],[-11.99783,9.36989],[-11.99312,9.36915],[-11.99139,9.37311],[-11.99213,9.38054],[-11.98941,9.38624],[-11.99362,9.39268],[-11.99312,9.39689],[-11.98781,9.40464],[-11.9964,9.41108],[-11.99227,9.4159],[-11.99433,9.42554],[-11.98951,9.43001],[-11.99123,9.43449],[-11.98882,9.43793],[-11.98642,9.43827],[-11.9847,9.43517],[-11.98504,9.44068],[-11.9871,9.44378],[-11.98607,9.44756],[-11.98194,9.44688],[-11.97953,9.4486],[-11.97781,9.44688],[-11.97712,9.45961],[-11.97231,9.46064],[-11.97471,9.46821],[-11.97471,9.47854],[-11.97403,9.48301],[-11.9699,9.48232],[-11.971,9.49576],[-11.99043,9.51215],[-11.99898,9.51728],[-12.01841,9.54077],[-12.02354,9.54248],[-12.02909,9.54888],[-12.03336,9.55102],[-12.03763,9.5476],[-12.04446,9.5476],[-12.04898,9.5455],[-12.0465,9.53831],[-12.04476,9.53683],[-12.046,9.53385],[-12.04278,9.53138],[-12.046,9.52494],[-12.04501,9.5237],[-12.04551,9.52098],[-12.05665,9.5185],[-12.05963,9.52122],[-12.07003,9.52296],[-12.09665,9.52271],[-12.09913,9.52444],[-12.10284,9.52395],[-12.10631,9.52172],[-12.12885,9.52073],[-12.13678,9.51924],[-12.14557,9.51528],[-12.14928,9.51528],[-12.15795,9.51156],[-12.16563,9.50438],[-12.18,9.49943],[-12.18866,9.48903],[-12.18941,9.49026],[-12.19312,9.48779],[-12.19312,9.48135],[-12.19387,9.47986],[-12.19609,9.4811],[-12.19758,9.47961],[-12.19981,9.47243],[-12.20377,9.46896],[-12.20873,9.46723],[-12.20749,9.46302],[-12.20972,9.46079],[-12.20897,9.45906],[-12.21609,9.45646],[-12.2178,9.45862],[-12.22337,9.45212],[-12.23018,9.44934],[-12.23916,9.43881],[-12.24411,9.43633],[-12.25216,9.43664],[-12.25897,9.43447],[-12.2664,9.42797],[-12.27724,9.42673],[-12.28096,9.42766],[-12.29303,9.44407],[-12.30634,9.44314],[-12.30882,9.44129],[-12.31408,9.43045],[-12.32863,9.41404],[-12.33637,9.41311],[-12.34566,9.41002],[-12.37045,9.39984],[-12.36977,9.39878],[-12.37614,9.37815],[-12.37572,9.37504],[-12.3707,9.36688]]]}},{"type":"Feature","properties":{"name":"Samu","district":"Kambia"},"geometry":{"type":"MultiPolygon","coordinates":[[[[-13.26358,8.85189],[-13.26383,8.85439],[-13.27091,8.85589],[-13.27266,8.85539],[-13.27016,8.85364],[-13.27332,8.84998],[-13.26491,8.85164],[-13.26658,8.84915],[-13.26358,8.85189]]],[[[-13.27324,8.87321],[-13.27466,8.87688],[-13.27907,8.87421],[-13.27899,8.87238],[-13.27666,8.87213],[-13.27666,8.86888],[-13.27524,8.86713],[-13.27907,8.86613],[-13.27724,8.8638],[-13.27149,8.86522],[-13.26974,8.8668],[-13.27324,8.87321]]],[[[-13.23726,8.88621],[-13.23693,8.8872],[-13.24051,8.8872],[-13.23726,8.88621]]],[[[-13.2346,8.88754],[-13.23435,8.88804],[-13.23452,8.88862],[-13.23527,8.88845],[-13.2351,8.88704],[-13.2346,8.88754]]],[[[-13.24459,8.88912],[-13.24276,8.88762],[-13.24168,8.8882],[-13.24459,8.88912]]],[[[-13.23418,8.88904],[-13.23385,8.8902],[-13.23651,8.8927],[-13.2371,8.89187],[-13.23418,8.88904]]],[[[-13.25725,8.89337],[-13.26067,8.89303],[-13.26067,8.8917],[-13.25767,8.8917],[-13.262,8.8902],[-13.26,8.88829],[-13.26117,8.88637],[-13.25892,8.88446],[-13.26,8.88279],[-13.25783,8.87804],[-13.25733,8.87255],[-13.2555,8.87221],[-13.25184,8.87413],[-13.25517,8.87055],[-13.25042,8.8683],[-13.2386,8.87505],[-13.23576,8.88029],[-13.23943,8.88454],[-13.24076,8.88387],[-13.23843,8.87879],[-13.24334,8.87971],[-13.24626,8.87879],[-13.24926,8.88096],[-13.2535,8.8902],[-13.25725,8.89337]]],[[[-13.26683,8.89195],[-13.26625,8.89587],[-13.26833,8.89628],[-13.26991,8.89312],[-13.26683,8.89195]]],[[[-13.27291,8.89612],[-13.27416,8.89728],[-13.27474,8.89595],[-13.27291,8.89612]]],[[[-13.24509,8.8952],[-13.24593,8.89845],[-13.24776,8.89845],[-13.24842,8.8967],[-13.24576,8.89303],[-13.23818,8.88854],[-13.24201,8.89487],[-13.24509,8.8952]]],[[[-13.19504,8.89803],[-13.18763,8.9007],[-13.18613,8.90319],[-13.19379,8.90128],[-13.19729,8.89745],[-13.19504,8.89803]]],[[[-13.26958,8.90245],[-13.27366,8.90594],[-13.27799,8.90494],[-13.27599,8.90136],[-13.26958,8.90245]]],[[[-13.1569,8.90394],[-13.15706,8.90603],[-13.16498,8.90328],[-13.15973,8.90195],[-13.1569,8.90394]]],[[[-13.19587,8.90694],[-13.20329,8.91294],[-13.20645,8.91352],[-13.20279,8.90653],[-13.20045,8.90569],[-13.19587,8.90694]]],[[[-13.21536,8.9161],[-13.21694,8.91735],[-13.21686,8.91594],[-13.22277,8.91569],[-13.23027,8.91227],[-13.23185,8.91502],[-13.23343,8.91352],[-13.2341,8.90986],[-13.23402,8.9136],[-13.23543,8.91394],[-13.23835,8.90611],[-13.24026,8.90511],[-13.2396,8.89895],[-13.23127,8.88962],[-13.22685,8.88687],[-13.23127,8.88621],[-13.23343,8.88737],[-13.23318,8.88387],[-13.23518,8.88312],[-13.23343,8.88237],[-13.22227,8.88604],[-13.22052,8.88862],[-13.19821,8.8967],[-13.19796,8.9007],[-13.20653,8.90544],[-13.21195,8.91394],[-13.21536,8.9161]]],[[[-13.2276,8.92468],[-13.23468,8.92501],[-13.22835,8.92385],[-13.2276,8.92468]]],[[[-13.14366,8.8982],[-13.14066,8.89911],[-13.13466,8.90827],[-13.12184,8.91852],[-13.11751,8.92643],[-13.12817,8.9256],[-13.13649,8.9216],[-13.14157,8.90919],[-13.14849,8.89995],[-13.14582,8.89786],[-13.14366,8.8982]]],[[[-13.05331,9.08487],[-13.06184,9.08487],[-13.07293,9.08288],[-13.08403,9.07719],[-13.09142,9.06225],[-13.09356,9.05482],[-13.09916,9.05068],[-13.10875,9.04994],[-13.12866,9.05215],[-13.1358,9.0513],[-13.14277,9.05216],[-13.1486,9.06183],[-13.15585,9.06894],[-13.16701,9.07723],[-13.17818,9.09795],[-13.19482,9.09582],[-13.1998,9.09767],[-13.25846,9.07207],[-13.28995,9.06193],[-13.29718,9.05714],[-13.30759,9.04748],[-13.30901,9.04465],[-13.29927,9.02724],[-13.29023,9.00613],[-13.28403,8.99535],[-13.28786,8.99643],[-13.29152,8.9896],[-13.29327,8.98943],[-13.29552,8.98194],[-13.29398,8.97923],[-13.29623,8.97473],[-13.29548,8.96674],[-13.29681,8.96307],[-13.29477,8.95379],[-13.29052,8.95146],[-13.28727,8.95279],[-13.27128,8.94812],[-13.262,8.95166],[-13.25942,8.95708],[-13.25838,8.97403],[-13.25554,8.97477],[-13.25313,8.96828],[-13.25396,8.95462],[-13.25296,8.95337],[-13.24563,8.95146],[-13.24505,8.95021],[-13.24513,8.94787],[-13.24926,8.9425],[-13.2391,8.94467],[-13.23793,8.94617],[-13.23793,8.95391],[-13.23435,8.96033],[-13.23268,8.95924],[-13.23077,8.94792],[-13.22544,8.94375],[-13.22102,8.93809],[-13.20458,8.92464],[-13.19666,8.91273],[-13.18267,8.90848],[-13.16114,8.90744],[-13.15756,8.90852],[-13.15273,8.91344],[-13.14682,8.91627],[-13.14103,8.92264],[-13.14137,8.92381],[-13.13645,8.9278],[-13.13121,8.9308],[-13.12338,8.9328],[-13.11981,8.93313],[-13.11731,8.931],[-13.1055,8.93125],[-13.09447,8.92987],[-13.05734,8.92125],[-13.04194,8.92608],[-13.02585,8.93343],[-13.01067,8.94562],[-13.00296,8.94874],[-12.99803,8.95412],[-12.99734,8.96585],[-12.99205,8.97435],[-12.98838,8.97688],[-12.97642,8.98102],[-12.97228,8.9847],[-12.95895,8.99182],[-12.95516,9.00389],[-12.9593,9.0101],[-12.96228,9.01148],[-12.9701,9.01079],[-12.97263,9.00941],[-12.97516,9.0101],[-12.97654,9.01286],[-12.97608,9.01562],[-12.96918,9.02688],[-12.96849,9.03217],[-12.97401,9.04343],[-12.9768,9.0462],[-12.98734,9.04734],[-12.99746,9.05263],[-12.99975,9.05102],[-13.00711,9.05148],[-13.00826,9.04987],[-13.00596,9.04688],[-13.00826,9.04527],[-13.01562,9.04642],[-13.01493,9.05033],[-13.01608,9.05125],[-13.01861,9.05125],[-13.01998,9.04895],[-13.02504,9.04826],[-13.02688,9.04964],[-13.02849,9.04849],[-13.02964,9.04941],[-13.03171,9.04504],[-13.03378,9.04527],[-13.04389,9.05493],[-13.04964,9.05723],[-13.05493,9.06389],[-13.0547,9.06826],[-13.05194,9.07562],[-13.05401,9.07745],[-13.05331,9.08487]]]]}},{"type":"Feature","properties":{"name":"Sambaya","district":"Tonkolili"},"geometry":{"type":"Polygon","coordinates":[[[-11.48329,9.18527],[-11.48631,9.1842],[-11.48613,9.18562],[-11.48791,9.18669],[-11.49022,9.18634],[-11.49182,9.18438],[-11.49466,9.1858],[-11.49999,9.17941],[-11.50265,9.1787],[-11.50461,9.17425],[-11.51118,9.16573],[-11.51989,9.16395],[-11.52415,9.16004],[-11.52735,9.16359],[-11.53694,9.15542],[-11.54219,9.15453],[-11.54236,9.15169],[-11.55391,9.14956],[-11.55551,9.14778],[-11.55764,9.14796],[-11.56226,9.15151],[-11.56422,9.15009],[-11.56972,9.13659],[-11.57967,9.13019],[-11.57772,9.12557],[-11.57879,9.12344],[-11.57683,9.12024],[-11.58163,9.11669],[-11.58643,9.11616],[-11.58891,9.11438],[-11.60428,9.0975],[-11.61299,9.08595],[-11.62169,9.07991],[-11.6288,9.07174],[-11.63999,9.06392],[-11.64159,9.05912],[-11.64966,9.04967],[-11.65413,9.04901],[-11.65455,9.04602],[-11.6504,9.04121],[-11.65053,9.03495],[-11.65293,9.03238],[-11.64854,9.02558],[-11.65301,9.02334],[-11.65049,9.0092],[-11.65173,8.99751],[-11.68266,8.98556],[-11.69792,8.98283],[-11.70244,8.96578],[-11.70348,8.95355],[-11.70527,8.95029],[-11.69212,8.94119],[-11.68897,8.9363],[-11.68855,8.92427],[-11.68478,8.91428],[-11.68503,8.90275],[-11.68316,8.88812],[-11.66985,8.85838],[-11.66649,8.85585],[-11.64974,8.85469],[-11.63328,8.85838],[-11.62963,8.85764],[-11.62353,8.85254],[-11.61565,8.84914],[-11.60504,8.85096],[-11.59455,8.84818],[-11.58244,8.84122],[-11.5615,8.83952],[-11.5634,8.84972],[-11.56141,8.85154],[-11.56108,8.85577],[-11.55844,8.85693],[-11.55951,8.86013],[-11.55844,8.86173],[-11.55151,8.86013],[-11.55009,8.86298],[-11.55222,8.86582],[-11.55151,8.86902],[-11.54316,8.87843],[-11.54316,8.88554],[-11.54085,8.88732],[-11.54174,8.88998],[-11.53854,8.89016],[-11.54085,8.89442],[-11.5357,8.89425],[-11.53401,8.89904],[-11.52993,8.90295],[-11.52922,8.90953],[-11.52779,8.9113],[-11.52389,8.91148],[-11.52051,8.91788],[-11.51909,8.91788],[-11.52033,8.91308],[-11.51625,8.91379],[-11.50949,8.91894],[-11.50878,8.92214],[-11.50789,8.91805],[-11.51145,8.91468],[-11.50825,8.90935],[-11.50043,8.91237],[-11.49972,8.90864],[-11.49812,8.90668],[-11.4951,8.90722],[-11.49386,8.90384],[-11.49173,8.90473],[-11.49137,8.91006],[-11.48924,8.91414],[-11.49066,8.91699],[-11.4864,8.92942],[-11.48409,8.93156],[-11.48151,8.92978],[-11.4808,8.92552],[-11.47583,8.92178],[-11.47192,8.92783],[-11.47298,8.93102],[-11.47458,8.93085],[-11.47014,8.93689],[-11.46783,8.94328],[-11.4673,8.94701],[-11.46836,8.94968],[-11.4657,8.95821],[-11.46037,8.9591],[-11.46019,8.96194],[-11.45699,8.9662],[-11.45841,8.96869],[-11.45664,8.97153],[-11.45788,8.97349],[-11.45522,8.98432],[-11.45788,8.9845],[-11.45459,8.98663],[-11.45317,8.98965],[-11.45068,8.98681],[-11.44358,8.98628],[-11.44269,8.99516],[-11.44411,8.99587],[-11.44074,8.99907],[-11.44091,9.00653],[-11.43629,9.014],[-11.44056,9.0179],[-11.43985,9.02537],[-11.44145,9.02537],[-11.44269,9.02803],[-11.44624,9.02945],[-11.44997,9.03532],[-11.44829,9.03958],[-11.44864,9.04473],[-11.44509,9.04882],[-11.44615,9.05184],[-11.44438,9.06357],[-11.44456,9.06605],[-11.44633,9.0673],[-11.44598,9.06907],[-11.44189,9.07387],[-11.44313,9.07849],[-11.44171,9.08435],[-11.4442,9.08595],[-11.44233,9.09466],[-11.44358,9.09714],[-11.44198,9.09928],[-11.44411,9.10478],[-11.44358,9.11118],[-11.44447,9.11225],[-11.44393,9.12166],[-11.44145,9.12522],[-11.44411,9.12966],[-11.44509,9.15613],[-11.44687,9.15791],[-11.44829,9.16359],[-11.4506,9.16537],[-11.45255,9.16519],[-11.45237,9.16732],[-11.45628,9.17088],[-11.45788,9.17639],[-11.4609,9.17354],[-11.46268,9.17603],[-11.4625,9.17923],[-11.4641,9.18243],[-11.46783,9.18189],[-11.47121,9.18456],[-11.47511,9.18118],[-11.4792,9.18065],[-11.48329,9.18527]]]}},{"type":"Feature","properties":{"name":"Safroko Limba","district":"Bombali"},"geometry":{"type":"Polygon","coordinates":[[[-11.83433,9.1568],[-11.8334,9.15735],[-11.83672,9.15838],[-11.85059,9.15119],[-11.85901,9.14897],[-11.8709,9.14921],[-11.87684,9.14575],[-11.87684,9.1294],[-11.88006,9.11429],[-11.87944,9.10637],[-11.87771,9.10389],[-11.87994,9.09398],[-11.88093,9.07788],[-11.87944,9.07194],[-11.88018,9.06451],[-11.87696,9.05708],[-11.87795,9.0494],[-11.88786,9.03924],[-11.88737,9.0338],[-11.88935,9.03256],[-11.89752,9.03181],[-11.90408,9.03825],[-11.91176,9.03702],[-11.913,9.03058],[-11.91721,9.02884],[-11.91597,9.02711],[-11.91647,9.02438],[-11.91449,9.02364],[-11.91696,9.02092],[-11.91994,9.01993],[-11.91919,9.01547],[-11.92712,9.00878],[-11.93083,9.00829],[-11.93331,9.00407],[-11.93975,9.00308],[-11.94049,9.00457],[-11.93703,9.00729],[-11.93851,9.00928],[-11.93703,9.01151],[-11.94322,9.01225],[-11.94569,9.01522],[-11.94916,9.01373],[-11.95758,9.0172],[-11.96179,9.02612],[-11.95907,9.02736],[-11.96105,9.02934],[-11.95833,9.02934],[-11.95783,9.03058],[-11.96303,9.03454],[-11.96229,9.03702],[-11.96798,9.03924],[-11.96947,9.04469],[-11.96798,9.0442],[-11.96724,9.04519],[-11.96898,9.04915],[-11.97071,9.04965],[-11.97393,9.04494],[-11.97542,9.04618],[-11.97628,9.05138],[-11.97752,9.04989],[-11.97925,9.05064],[-11.97925,9.05411],[-11.98099,9.05411],[-11.98396,9.05039],[-11.98495,9.05534],[-11.98768,9.05584],[-11.9956,9.0489],[-11.99981,9.05014],[-12.00031,9.04469],[-12.00402,9.04965],[-12.00675,9.04989],[-12.01269,9.04172],[-12.02235,9.03503],[-12.02185,9.03082],[-12.02458,9.03132],[-12.02607,9.02909],[-12.02829,9.03602],[-12.03028,9.03132],[-12.03176,9.03206],[-12.03176,9.03429],[-12.03622,9.03281],[-12.03622,9.03503],[-12.03399,9.03801],[-12.03498,9.03875],[-12.04117,9.03404],[-12.04241,9.039],[-12.03993,9.04866],[-12.04183,9.05143],[-12.05137,9.04701],[-12.0532,9.04026],[-12.05247,9.03441],[-12.05557,9.03112],[-12.05502,9.02582],[-12.05749,9.01139],[-12.05311,9.00755],[-12.05329,9.00536],[-12.05493,9.00445],[-12.0553,9.00025],[-12.06516,8.99732],[-12.0679,8.99476],[-12.06845,8.99184],[-12.06675,8.98241],[-12.05649,8.98782],[-12.05192,8.98874],[-12.05265,8.98526],[-12.05904,8.97576],[-12.05977,8.96955],[-12.05831,8.96206],[-12.04534,8.95859],[-12.04169,8.95348],[-12.03639,8.9522],[-12.02981,8.94599],[-12.0205,8.94617],[-11.9993,8.93758],[-11.99236,8.93649],[-11.98816,8.9321],[-11.98907,8.92881],[-11.99181,8.92845],[-11.99419,8.92534],[-11.99382,8.92132],[-11.99976,8.90835],[-12.00287,8.90799],[-12.00689,8.90451],[-12.01182,8.90433],[-12.01419,8.90177],[-12.01255,8.89885],[-12.0025,8.89885],[-12.00159,8.89556],[-12.00177,8.89045],[-12.0036,8.88716],[-12.00195,8.88204],[-12.00214,8.87455],[-12.00471,8.86447],[-12.00277,8.86341],[-11.99766,8.86889],[-11.99401,8.86323],[-11.99072,8.86195],[-11.98688,8.86231],[-11.98177,8.87254],[-11.97829,8.87254],[-11.97336,8.87602],[-11.96569,8.87766],[-11.96295,8.87437],[-11.95473,8.87583],[-11.95308,8.87729],[-11.94815,8.89136],[-11.93618,8.91091],[-11.9349,8.9173],[-11.92924,8.91822],[-11.92394,8.92699],[-11.91992,8.9237],[-11.9139,8.91438],[-11.9117,8.91347],[-11.89764,8.9142],[-11.89526,8.90872],[-11.8927,8.90707],[-11.88722,8.90689],[-11.87255,8.91256],[-11.87341,8.9189],[-11.87234,8.93129],[-11.86978,8.94453],[-11.8749,8.94709],[-11.87149,8.95264],[-11.87447,8.9552],[-11.87917,8.95563],[-11.88045,8.95777],[-11.88003,8.96161],[-11.88515,8.96631],[-11.88729,8.97186],[-11.88302,8.974],[-11.87875,8.97442],[-11.87063,8.97314],[-11.86764,8.97613],[-11.86508,8.98254],[-11.87106,8.98766],[-11.86422,8.9945],[-11.85098,9.00133],[-11.84458,8.99962],[-11.84116,8.99706],[-11.83817,8.99877],[-11.83219,9.00518],[-11.82877,9.01116],[-11.83347,9.01842],[-11.83219,9.02098],[-11.82963,9.02183],[-11.82536,9.02098],[-11.82151,9.01671],[-11.82023,9.0197],[-11.82408,9.02739],[-11.82151,9.02867],[-11.81297,9.01585],[-11.80571,9.01286],[-11.80016,9.01286],[-11.79845,9.015],[-11.79845,9.02012],[-11.78905,9.02226],[-11.78457,9.0308],[-11.7803,9.03166],[-11.77944,9.0402],[-11.77432,9.04319],[-11.76877,9.04148],[-11.76748,9.04447],[-11.76791,9.05472],[-11.76236,9.05643],[-11.76407,9.06113],[-11.78115,9.06882],[-11.78628,9.07309],[-11.79226,9.07266],[-11.79781,9.07437],[-11.81319,9.08291],[-11.8166,9.09102],[-11.81617,9.10042],[-11.81959,9.10597],[-11.83369,9.10811],[-11.83881,9.11452],[-11.84223,9.12135],[-11.83796,9.14142],[-11.83817,9.14826],[-11.83433,9.1568]]]}},{"type":"Feature","properties":{"name":"Ribbi","district":"Moyamba"},"geometry":{"type":"Polygon","coordinates":[[[-12.64666,8.36755],[-12.65016,8.36845],[-12.65332,8.37479],[-12.6557,8.37479],[-12.65847,8.37202],[-12.66005,8.37637],[-12.66955,8.37558],[-12.66955,8.37202],[-12.67311,8.37004],[-12.67509,8.3645],[-12.67746,8.36608],[-12.67905,8.37122],[-12.69369,8.36489],[-12.69963,8.3641],[-12.70873,8.3637],[-12.71427,8.36568],[-12.71862,8.36925],[-12.72021,8.36766],[-12.71862,8.3645],[-12.71941,8.36173],[-12.72258,8.35896],[-12.71862,8.35381],[-12.72733,8.34985],[-12.7297,8.34669],[-12.73129,8.35025],[-12.73604,8.34867],[-12.74039,8.35223],[-12.74316,8.34946],[-12.74573,8.35144],[-12.74771,8.35539],[-12.75325,8.35223],[-12.75365,8.35658],[-12.76077,8.35856],[-12.76235,8.36529],[-12.76512,8.36885],[-12.76512,8.3732],[-12.77066,8.37202],[-12.77462,8.37874],[-12.78056,8.37953],[-12.78333,8.38745],[-12.78768,8.38626],[-12.79006,8.38705],[-12.79045,8.3918],[-12.80945,8.38824],[-12.81182,8.39576],[-12.81578,8.39774],[-12.82013,8.39537],[-12.82409,8.39497],[-12.82963,8.39734],[-12.82963,8.39418],[-12.82686,8.38864],[-12.82765,8.3831],[-12.82488,8.37756],[-12.82607,8.37399],[-12.83715,8.37399],[-12.84032,8.37281],[-12.8415,8.37004],[-12.84111,8.36647],[-12.83755,8.35896],[-12.84625,8.35183],[-12.85456,8.35223],[-12.85615,8.34867],[-12.84784,8.33877],[-12.84863,8.33402],[-12.85259,8.33204],[-12.86367,8.33284],[-12.86802,8.32571],[-12.86921,8.32057],[-12.86644,8.31463],[-12.86288,8.31186],[-12.86189,8.30949],[-12.86901,8.30315],[-12.87336,8.30236],[-12.87653,8.30553],[-12.87772,8.30949],[-12.88326,8.31146],[-12.88524,8.30276],[-12.88484,8.29761],[-12.89276,8.2893],[-12.89236,8.28614],[-12.88603,8.28416],[-12.88326,8.2798],[-12.8979,8.27268],[-12.90423,8.27703],[-12.91373,8.27149],[-12.91413,8.26714],[-12.91254,8.26279],[-12.93273,8.25883],[-12.93685,8.26496],[-12.93902,8.26613],[-12.94388,8.26462],[-12.94655,8.26312],[-12.94856,8.25943],[-12.9499,8.25174],[-12.95425,8.24923],[-12.96232,8.25264],[-12.96797,8.26613],[-12.97249,8.26629],[-12.9745,8.26412],[-12.9763,8.25163],[-12.98588,8.24005],[-12.98956,8.23283],[-12.98788,8.22513],[-12.98813,8.21956],[-12.98896,8.21798],[-12.99004,8.21923],[-12.99357,8.21141],[-12.99357,8.2089],[-12.97659,8.18832],[-12.95835,8.16992],[-12.94538,8.15469],[-12.9417,8.149],[-12.94107,8.14569],[-12.93936,8.14515],[-12.93566,8.13995],[-12.93558,8.13503],[-12.93316,8.13312],[-12.92698,8.12156],[-12.92397,8.11453],[-12.9253,8.11202],[-12.92455,8.10884],[-12.9192,8.10449],[-12.91842,8.10189],[-12.91669,8.10299],[-12.91317,8.10115],[-12.91309,8.09648],[-12.91468,8.09546],[-12.91242,8.09206],[-12.91026,8.09256],[-12.90943,8.09414],[-12.89895,8.09596],[-12.89677,8.09439],[-12.89832,8.08989],[-12.87433,8.092],[-12.86485,8.09763],[-12.86372,8.10232],[-12.8579,8.10157],[-12.85659,8.10251],[-12.85612,8.10711],[-12.85734,8.10955],[-12.85884,8.11011],[-12.86241,8.10777],[-12.86457,8.10861],[-12.85908,8.11875],[-12.85945,8.12137],[-12.86302,8.1241],[-12.86349,8.12794],[-12.8602,8.12982],[-12.8587,8.12813],[-12.85851,8.12381],[-12.85626,8.12278],[-12.85157,8.12353],[-12.8511,8.12682],[-12.84951,8.1286],[-12.84857,8.1241],[-12.84641,8.12372],[-12.84406,8.12541],[-12.8404,8.12335],[-12.83956,8.1241],[-12.83843,8.12757],[-12.83956,8.13067],[-12.83834,8.1317],[-12.8389,8.13433],[-12.83693,8.13517],[-12.83641,8.13846],[-12.83332,8.13986],[-12.83313,8.14108],[-12.8351,8.14409],[-12.83247,8.14671],[-12.83594,8.14897],[-12.83604,8.15375],[-12.83435,8.15629],[-12.8321,8.15647],[-12.8305,8.15253],[-12.82553,8.15244],[-12.82412,8.15629],[-12.82909,8.15694],[-12.83041,8.15788],[-12.83003,8.15948],[-12.82806,8.16126],[-12.82581,8.15948],[-12.82318,8.15967],[-12.82205,8.16182],[-12.82182,8.1637],[-12.82388,8.16652],[-12.82426,8.17233],[-12.8283,8.17102],[-12.82933,8.17262],[-12.82792,8.17787],[-12.82323,8.17778],[-12.82154,8.17956],[-12.82144,8.18106],[-12.82679,8.18134],[-12.82642,8.18679],[-12.82445,8.18425],[-12.8221,8.18425],[-12.8222,8.1881],[-12.8199,8.18895],[-12.81708,8.18773],[-12.81624,8.19289],[-12.81276,8.19514],[-12.80572,8.19157],[-12.80206,8.19373],[-12.80235,8.19786],[-12.79953,8.19983],[-12.79831,8.20011],[-12.79756,8.19674],[-12.79531,8.19861],[-12.79071,8.19645],[-12.78968,8.20209],[-12.78137,8.20987],[-12.77518,8.21363],[-12.76448,8.21485],[-12.75509,8.22151],[-12.74974,8.22818],[-12.74942,8.23512],[-12.74538,8.24779],[-12.72849,8.25933],[-12.71915,8.27426],[-12.71061,8.28467],[-12.69982,8.28561],[-12.66608,8.29837],[-12.65904,8.29941],[-12.64698,8.29762],[-12.64229,8.2888],[-12.63684,8.28242],[-12.63285,8.27313],[-12.62596,8.2812],[-12.60906,8.28383],[-12.59799,8.2827],[-12.58762,8.2751],[-12.56594,8.27519],[-12.56012,8.27679],[-12.55768,8.28111],[-12.54872,8.28608],[-12.54694,8.29454],[-12.55375,8.29869],[-12.56654,8.30296],[-12.56921,8.30527],[-12.57703,8.30527],[-12.59239,8.30971],[-12.59453,8.31664],[-12.5979,8.32126],[-12.59915,8.32996],[-12.60376,8.33618],[-12.60448,8.3408],[-12.61425,8.34151],[-12.61869,8.34915],[-12.62349,8.35217],[-12.63237,8.35484],[-12.63841,8.35217],[-12.64108,8.35431],[-12.64481,8.35431],[-12.64765,8.36035],[-12.64666,8.36755]]]}},{"type":"Feature","properties":{"name":"Penguia","district":"Kailahun"},"geometry":{"type":"Polygon","coordinates":[[[-10.76568,8.27101],[-10.7515,8.27142],[-10.74705,8.26939],[-10.74502,8.26615],[-10.74462,8.26251],[-10.73707,8.2582],[-10.72517,8.25846],[-10.72072,8.25684],[-10.72031,8.2536],[-10.70978,8.2536],[-10.69398,8.25076],[-10.69358,8.254],[-10.68831,8.25927],[-10.68345,8.26737],[-10.68541,8.28721],[-10.69522,8.28224],[-10.70205,8.28096],[-10.69906,8.2912],[-10.69693,8.29248],[-10.69906,8.29974],[-10.69778,8.30443],[-10.69437,8.30913],[-10.69821,8.31468],[-10.69138,8.32492],[-10.69095,8.32961],[-10.68669,8.33516],[-10.679,8.34967],[-10.679,8.37144],[-10.67516,8.37784],[-10.66791,8.3804],[-10.66407,8.38424],[-10.65852,8.38126],[-10.64785,8.38467],[-10.64785,8.38979],[-10.64059,8.39363],[-10.63974,8.39747],[-10.64486,8.41199],[-10.64443,8.41839],[-10.64614,8.42351],[-10.65126,8.42394],[-10.64657,8.4265],[-10.64358,8.43973],[-10.63974,8.44272],[-10.64273,8.44826],[-10.64102,8.4521],[-10.64881,8.46131],[-10.65714,8.46198],[-10.65847,8.45873],[-10.66784,8.45386],[-10.67125,8.45577],[-10.67267,8.45269],[-10.6785,8.44994],[-10.69428,8.44707],[-10.6952,8.44407],[-10.69856,8.44193],[-10.7121,8.44124],[-10.72215,8.4426],[-10.72734,8.43483],[-10.73039,8.42602],[-10.74192,8.41401],[-10.76381,8.41207],[-10.76791,8.40104],[-10.77925,8.382],[-10.78168,8.37471],[-10.78856,8.3662],[-10.78613,8.36296],[-10.78046,8.36013],[-10.76993,8.34311],[-10.76629,8.32529],[-10.76548,8.31314],[-10.76446,8.27952],[-10.76568,8.27101]]]}},{"type":"Feature","properties":{"name":"Pejeh(Futa peje","district":"Pujehun"},"geometry":{"type":"Polygon","coordinates":[[[-11.60144,7.57933],[-11.59751,7.57638],[-11.5926,7.57475],[-11.58311,7.56362],[-11.57886,7.561],[-11.57886,7.55609],[-11.58409,7.55053],[-11.58278,7.54333],[-11.57886,7.5358],[-11.57853,7.5322],[-11.58835,7.51813],[-11.58802,7.51453],[-11.5926,7.50995],[-11.59325,7.50635],[-11.59587,7.50243],[-11.60209,7.49686],[-11.60111,7.49555],[-11.59293,7.49359],[-11.58115,7.48475],[-11.56315,7.47396],[-11.56217,7.47036],[-11.56502,7.46174],[-11.56282,7.46054],[-11.55922,7.46217],[-11.55235,7.47068],[-11.5494,7.46905],[-11.54384,7.47003],[-11.54384,7.47297],[-11.53861,7.47723],[-11.5337,7.47756],[-11.52879,7.4805],[-11.52781,7.48508],[-11.52486,7.48508],[-11.51995,7.48835],[-11.51701,7.49817],[-11.52322,7.51126],[-11.52224,7.51519],[-11.51275,7.53057],[-11.50915,7.53188],[-11.50719,7.53417],[-11.50548,7.54169],[-11.50817,7.54371],[-11.50163,7.56029],[-11.50069,7.58342],[-11.49789,7.58996],[-11.49532,7.60561],[-11.48855,7.62033],[-11.50502,7.64019],[-11.51377,7.64571],[-11.51661,7.65103],[-11.52061,7.6487],[-11.52159,7.64412],[-11.52257,7.62743],[-11.52617,7.61271],[-11.52617,7.60092],[-11.53435,7.59307],[-11.54253,7.59013],[-11.54875,7.59209],[-11.56478,7.60354],[-11.571,7.60681],[-11.57362,7.60681],[-11.57558,7.60551],[-11.57558,7.60322],[-11.57951,7.60551],[-11.58409,7.60191],[-11.59195,7.59962],[-11.5926,7.59471],[-11.60373,7.58489],[-11.60111,7.58129],[-11.60144,7.57933]]]}},{"type":"Feature","properties":{"name":"Panga krim","district":"Pujehun"},"geometry":{"type":"MultiPolygon","coordinates":[[[[-11.75081,7.30591],[-11.75475,7.31115],[-11.75867,7.32522],[-11.75867,7.33112],[-11.76129,7.33406],[-11.78125,7.32784],[-11.78714,7.32686],[-11.79729,7.32784],[-11.80187,7.32555],[-11.80252,7.32392],[-11.79402,7.31999],[-11.79205,7.31704],[-11.79303,7.31377],[-11.80711,7.30559],[-11.83099,7.29675],[-11.83492,7.29217],[-11.83754,7.28759],[-11.83623,7.27647],[-11.83803,7.26649],[-11.80072,7.23474],[-11.79549,7.23278],[-11.78927,7.23442],[-11.78273,7.23867],[-11.78207,7.24096],[-11.78338,7.24521],[-11.78338,7.25405],[-11.786,7.26125],[-11.786,7.26649],[-11.78436,7.27139],[-11.78207,7.27303],[-11.77356,7.27238],[-11.76964,7.27467],[-11.76636,7.28252],[-11.7608,7.28841],[-11.7572,7.29757],[-11.75081,7.30591]]],[[[-11.66999,7.40507],[-11.67261,7.40474],[-11.6749,7.40638],[-11.68079,7.41456],[-11.68341,7.41456],[-11.68832,7.41031],[-11.70206,7.40245],[-11.71351,7.40114],[-11.71842,7.40311],[-11.72006,7.41325],[-11.73642,7.41325],[-11.74657,7.40998],[-11.7446,7.40703],[-11.72988,7.4018],[-11.72628,7.3982],[-11.72366,7.39067],[-11.72431,7.38642],[-11.723,7.37955],[-11.72104,7.37627],[-11.72075,7.37217],[-11.71797,7.36942],[-11.71861,7.36532],[-11.71362,7.36184],[-11.71405,7.35941],[-11.71215,7.35834],[-11.71142,7.35912],[-11.71064,7.35568],[-11.70108,7.36057],[-11.69532,7.35982],[-11.68881,7.38135],[-11.67752,7.3982],[-11.67228,7.39885],[-11.66999,7.40213],[-11.66999,7.40507]]]]}},{"type":"Feature","properties":{"name":"Panga Kabonde","district":"Pujehun"},"geometry":{"type":"Polygon","coordinates":[[[-11.68015,7.24853],[-11.68881,7.25536],[-11.69208,7.2547],[-11.69732,7.25765],[-11.7091,7.27139],[-11.71433,7.27827],[-11.71531,7.2871],[-11.71793,7.29365],[-11.70812,7.29463],[-11.70059,7.29954],[-11.69732,7.30674],[-11.69863,7.30968],[-11.68063,7.32866],[-11.67637,7.33422],[-11.67637,7.33684],[-11.68226,7.3447],[-11.68619,7.34764],[-11.69732,7.34862],[-11.69532,7.35982],[-11.70108,7.36057],[-11.71083,7.35575],[-11.71142,7.35912],[-11.71215,7.35834],[-11.71405,7.35941],[-11.71362,7.36184],[-11.71861,7.36532],[-11.71797,7.36942],[-11.72075,7.37217],[-11.72104,7.37627],[-11.723,7.37955],[-11.72431,7.38642],[-11.72366,7.39067],[-11.72628,7.3982],[-11.72988,7.4018],[-11.7446,7.40703],[-11.74657,7.40998],[-11.73642,7.41325],[-11.72006,7.41325],[-11.71842,7.40311],[-11.71351,7.40114],[-11.70206,7.40245],[-11.68832,7.41031],[-11.68341,7.41456],[-11.67915,7.41358],[-11.67752,7.40965],[-11.67261,7.40474],[-11.66999,7.40507],[-11.66672,7.40769],[-11.66377,7.41423],[-11.65101,7.40998],[-11.6389,7.41849],[-11.63285,7.418],[-11.62857,7.42002],[-11.62909,7.42307],[-11.62712,7.42471],[-11.62254,7.42503],[-11.62287,7.42798],[-11.61174,7.43583],[-11.61109,7.43321],[-11.60749,7.43289],[-11.60274,7.42454],[-11.59914,7.42651],[-11.59554,7.43207],[-11.58769,7.43927],[-11.58704,7.44581],[-11.58409,7.45268],[-11.58147,7.45432],[-11.57755,7.45465],[-11.57722,7.45628],[-11.56642,7.4625],[-11.56502,7.46174],[-11.56217,7.47036],[-11.56315,7.47396],[-11.58115,7.48475],[-11.59293,7.49359],[-11.60111,7.49555],[-11.60209,7.49686],[-11.59587,7.50243],[-11.59325,7.50635],[-11.5926,7.50995],[-11.58802,7.51453],[-11.58835,7.51813],[-11.57853,7.5322],[-11.57886,7.5358],[-11.58278,7.54333],[-11.58409,7.55053],[-11.57886,7.55609],[-11.57886,7.561],[-11.58311,7.56362],[-11.5926,7.57475],[-11.59751,7.57638],[-11.60144,7.57933],[-11.60373,7.57638],[-11.60569,7.57638],[-11.607,7.58162],[-11.60896,7.58162],[-11.60929,7.579],[-11.61878,7.57442],[-11.62172,7.57115],[-11.62598,7.54726],[-11.63547,7.54006],[-11.64463,7.50864],[-11.64987,7.50046],[-11.68603,7.49114],[-11.70206,7.48263],[-11.73479,7.48492],[-11.74395,7.4823],[-11.75475,7.47543],[-11.76751,7.47346],[-11.77307,7.47674],[-11.77798,7.48165],[-11.78191,7.47608],[-11.78354,7.46725],[-11.77373,7.45056],[-11.7734,7.44336],[-11.77602,7.43485],[-11.78354,7.427],[-11.80776,7.41194],[-11.81823,7.40933],[-11.82903,7.40867],[-11.85063,7.3838],[-11.86535,7.373],[-11.88532,7.3501],[-11.90241,7.33767],[-11.899,7.33284],[-11.89999,7.29932],[-11.89772,7.29165],[-11.89147,7.28682],[-11.88267,7.28313],[-11.88011,7.28086],[-11.87926,7.27659],[-11.88184,7.2695],[-11.87566,7.26059],[-11.87075,7.2583],[-11.86715,7.25405],[-11.86028,7.25143],[-11.85341,7.25176],[-11.84883,7.25372],[-11.83803,7.26649],[-11.83623,7.27647],[-11.83754,7.28759],[-11.83099,7.29675],[-11.80711,7.30559],[-11.79303,7.31377],[-11.79205,7.31704],[-11.79402,7.31999],[-11.80023,7.32228],[-11.80252,7.32392],[-11.80187,7.32555],[-11.79729,7.32784],[-11.78714,7.32686],[-11.78125,7.32784],[-11.76129,7.33406],[-11.75867,7.33112],[-11.75867,7.32522],[-11.75475,7.31115],[-11.75081,7.30591],[-11.74117,7.29757],[-11.74411,7.28841],[-11.74967,7.28219],[-11.74706,7.2799],[-11.74117,7.27892],[-11.73462,7.27598],[-11.72284,7.26256],[-11.72284,7.26092],[-11.72513,7.25994],[-11.72742,7.26092],[-11.73266,7.26747],[-11.73397,7.26747],[-11.73429,7.26289],[-11.73888,7.25634],[-11.73855,7.25307],[-11.73691,7.25143],[-11.7284,7.24652],[-11.72775,7.24391],[-11.732,7.24489],[-11.73266,7.24391],[-11.7271,7.23572],[-11.72644,7.22853],[-11.72808,7.22623],[-11.73037,7.22918],[-11.73102,7.22722],[-11.73004,7.22558],[-11.72444,7.22284],[-11.72071,7.22345],[-11.70632,7.23556],[-11.7027,7.23647],[-11.70043,7.23949],[-11.69224,7.24374],[-11.6821,7.24636],[-11.68015,7.24853]]]}},{"type":"Feature","properties":{"name":"Paki Masabong","district":"Bombali"},"geometry":{"type":"Polygon","coordinates":[[[-11.98798,8.86221],[-11.99356,8.85326],[-11.99561,8.85258],[-11.9986,8.85408],[-12.00418,8.84945],[-12.00786,8.84945],[-12.00977,8.84156],[-12.01603,8.8391],[-12.01467,8.83529],[-12.01549,8.83379],[-12.01753,8.83393],[-12.0193,8.83039],[-12.01685,8.82685],[-12.02549,8.81868],[-12.02195,8.81296],[-12.01746,8.8195],[-12.01378,8.81433],[-12.00493,8.80752],[-12.0003,8.79377],[-11.97641,8.76708],[-11.97818,8.7649],[-11.9922,8.76109],[-11.99874,8.75265],[-12.00194,8.75033],[-12.00235,8.74625],[-12.01297,8.74434],[-12.02236,8.73808],[-12.02222,8.73481],[-12.02753,8.7295],[-12.02726,8.72583],[-12.02971,8.71915],[-12.02992,8.71412],[-12.03223,8.71384],[-12.0321,8.71276],[-12.03455,8.71153],[-12.03427,8.70962],[-12.04108,8.71017],[-12.04503,8.70853],[-12.04666,8.71058],[-12.04884,8.70976],[-12.05048,8.71126],[-12.05933,8.70745],[-12.06259,8.7099],[-12.06627,8.70649],[-12.067,8.70492],[-12.06347,8.70492],[-12.06005,8.70278],[-12.06262,8.6951],[-12.06176,8.68912],[-12.06005,8.68613],[-12.05834,8.68613],[-12.05279,8.69168],[-12.04425,8.69211],[-12.04041,8.6904],[-12.03955,8.68784],[-12.04126,8.68143],[-12.03827,8.67929],[-12.03443,8.67972],[-12.02802,8.68912],[-12.02546,8.68826],[-12.02546,8.68271],[-12.01905,8.68314],[-12.01478,8.68015],[-12.01094,8.67972],[-12.00496,8.68143],[-11.99983,8.68954],[-11.99962,8.69766],[-11.9962,8.7062],[-11.98082,8.71261],[-11.971,8.71901],[-11.95306,8.72713],[-11.9458,8.73396],[-11.93555,8.73866],[-11.91847,8.75019],[-11.9159,8.74806],[-11.91334,8.74806],[-11.91121,8.74977],[-11.90992,8.75446],[-11.90779,8.75489],[-11.90523,8.75233],[-11.90266,8.75276],[-11.89626,8.76386],[-11.89028,8.76642],[-11.88772,8.76984],[-11.88643,8.77497],[-11.88857,8.77881],[-11.88814,8.78137],[-11.88302,8.77924],[-11.88088,8.78308],[-11.87917,8.78778],[-11.88131,8.7929],[-11.88473,8.79675],[-11.88216,8.80486],[-11.88408,8.80999],[-11.88622,8.8275],[-11.88323,8.83305],[-11.88408,8.84245],[-11.88195,8.84629],[-11.88067,8.85569],[-11.88451,8.85996],[-11.87512,8.86765],[-11.87127,8.87363],[-11.87127,8.8779],[-11.867,8.87918],[-11.86914,8.89157],[-11.86828,8.89712],[-11.87255,8.90481],[-11.87255,8.91256],[-11.88722,8.90689],[-11.8927,8.90707],[-11.89526,8.90872],[-11.89764,8.9142],[-11.9117,8.91347],[-11.9139,8.91438],[-11.91992,8.9237],[-11.92394,8.92699],[-11.92924,8.91822],[-11.9349,8.9173],[-11.93618,8.91091],[-11.94815,8.89136],[-11.95308,8.87729],[-11.95802,8.87474],[-11.96295,8.87437],[-11.96569,8.87766],[-11.97336,8.87602],[-11.97829,8.87254],[-11.98177,8.87254],[-11.98688,8.86231],[-11.98798,8.86221]]]}},{"type":"Feature","properties":{"name":"Nongowa","district":"Kenema"},"geometry":{"type":"Polygon","coordinates":[[[-11.25595,7.79872],[-11.23534,7.79688],[-11.224,7.79741],[-11.20976,7.79503],[-11.20528,7.7887],[-11.2,7.79108],[-11.18273,7.80611],[-11.16849,7.8156],[-11.14897,7.83776],[-11.14476,7.852],[-11.13658,7.85727],[-11.12603,7.87151],[-11.10335,7.86887],[-11.09175,7.86914],[-11.07988,7.87283],[-11.07355,7.87652],[-11.05641,7.87731],[-11.04665,7.87151],[-11.04217,7.87098],[-11.04109,7.87263],[-11.04295,7.87573],[-11.04295,7.8801],[-11.03377,7.8895],[-11.02852,7.89889],[-11.02645,7.91004],[-11.02273,7.91332],[-11.02208,7.91703],[-11.02448,7.92337],[-11.02339,7.92512],[-11.01989,7.92512],[-11.01705,7.92818],[-11.01749,7.93408],[-11.0153,7.94347],[-11.01683,7.94697],[-11.01574,7.95003],[-11.0094,7.95746],[-11.00984,7.96095],[-11.01148,7.9627],[-11.00951,7.96489],[-11.00602,7.96379],[-10.99837,7.97822],[-10.99422,7.97997],[-10.9905,7.98849],[-10.98766,7.99155],[-10.98034,8.00881],[-10.98165,8.01427],[-10.97291,8.0335],[-10.96985,8.03656],[-10.96941,8.04006],[-10.96329,8.05361],[-10.96526,8.05514],[-10.95466,8.06803],[-10.961,8.07109],[-10.96187,8.07524],[-10.95707,8.07874],[-10.96338,8.08355],[-10.96719,8.08103],[-10.97321,8.08392],[-10.97924,8.08031],[-10.98261,8.08006],[-10.9855,8.07163],[-10.9843,8.05838],[-10.98647,8.05404],[-10.99442,8.055],[-11.01611,8.05428],[-11.02478,8.055],[-11.02478,8.05934],[-11.02093,8.0697],[-11.02237,8.07452],[-11.06719,8.07235],[-11.06985,8.07428],[-11.08864,8.0738],[-11.09467,8.07476],[-11.09298,8.08513],[-11.09756,8.08898],[-11.10792,8.08729],[-11.14009,8.08729],[-11.15142,8.09163],[-11.16009,8.08754],[-11.16323,8.08802],[-11.16542,8.09059],[-11.17206,8.08621],[-11.17223,8.08435],[-11.16969,8.08129],[-11.16799,8.07569],[-11.1685,8.06347],[-11.16986,8.0582],[-11.17325,8.05328],[-11.18132,8.04836],[-11.18437,8.04955],[-11.19201,8.05702],[-11.19744,8.05413],[-11.21,8.04327],[-11.21949,8.03088],[-11.21299,8.0173],[-11.20753,8.01034],[-11.20672,8.00697],[-11.20092,8.00407],[-11.20359,7.99804],[-11.21235,7.98771],[-11.2134,7.96484],[-11.21444,7.96321],[-11.22152,7.96182],[-11.22988,7.96786],[-11.24251,7.95205],[-11.25095,7.94804],[-11.25707,7.94213],[-11.26846,7.93918],[-11.27311,7.93559],[-11.27733,7.92737],[-11.27079,7.91829],[-11.26667,7.89551],[-11.25844,7.88243],[-11.23798,7.86492],[-11.21941,7.855],[-11.21562,7.85099],[-11.21899,7.84509],[-11.23429,7.83063],[-11.24484,7.81587],[-11.24932,7.81217],[-11.2509,7.80769],[-11.25829,7.79899],[-11.25595,7.79872]],[[-11.21262,7.85],[-11.21205,7.85444],[-11.2086,7.85994],[-11.2091,7.86313],[-11.20559,7.8693],[-11.20532,7.87655],[-11.20351,7.88268],[-11.20422,7.88399],[-11.1999,7.89275],[-11.19799,7.89466],[-11.18727,7.89709],[-11.1881,7.89746],[-11.18711,7.90037],[-11.17634,7.91066],[-11.17309,7.91607],[-11.17081,7.91614],[-11.16714,7.91088],[-11.16623,7.89295],[-11.16857,7.88851],[-11.16632,7.88287],[-11.16631,7.87661],[-11.1734,7.87209],[-11.17322,7.86339],[-11.17993,7.85759],[-11.17931,7.85291],[-11.18528,7.85018],[-11.19473,7.851],[-11.19647,7.84935],[-11.19808,7.85152],[-11.20354,7.84691],[-11.21064,7.84709],[-11.21238,7.84563],[-11.21409,7.84661],[-11.21412,7.849],[-11.21262,7.85]]]}},{"type":"Feature","properties":{"name":"Nongoba Bullom","district":"Bonthe"},"geometry":{"type":"MultiPolygon","coordinates":[[[[-12.44085,7.41046],[-12.43458,7.41156],[-12.42735,7.41619],[-12.42644,7.41887],[-12.43352,7.42095],[-12.44809,7.41646],[-12.44951,7.41512],[-12.44793,7.41038],[-12.44085,7.41046]]],[[[-12.19893,7.49006],[-12.21938,7.47678],[-12.23335,7.47719],[-12.24326,7.47395],[-12.24934,7.47739],[-12.28638,7.45715],[-12.30871,7.45185],[-12.31157,7.44433],[-12.3255,7.41939],[-12.33224,7.41041],[-12.33942,7.40547],[-12.35829,7.38615],[-12.3693,7.40187],[-12.37806,7.4021],[-12.38435,7.40457],[-12.39401,7.41468],[-12.40838,7.42523],[-12.41602,7.42883],[-12.42512,7.4301],[-12.43903,7.4284],[-12.4318,7.42287],[-12.41808,7.4186],[-12.414,7.41564],[-12.41181,7.41373],[-12.41331,7.40946],[-12.4203,7.41267],[-12.44422,7.40766],[-12.47724,7.4068],[-12.49032,7.4008],[-12.49806,7.39522],[-12.49973,7.39131],[-12.50164,7.39031],[-12.51339,7.38947],[-12.52155,7.38652],[-12.52221,7.38506],[-12.5198,7.38389],[-12.48882,7.38048],[-12.45479,7.37373],[-12.39253,7.35488],[-12.26933,7.30999],[-12.21585,7.28803],[-12.09337,7.24197],[-12.09267,7.26506],[-12.09146,7.27276],[-12.0865,7.28642],[-12.08549,7.29937],[-12.0782,7.31577],[-12.04936,7.34299],[-12.04997,7.34906],[-12.05928,7.35736],[-12.06535,7.35797],[-12.07507,7.35554],[-12.07749,7.35655],[-12.07729,7.35979],[-12.07871,7.36181],[-12.08984,7.36465],[-12.09794,7.37011],[-12.10158,7.37113],[-12.10138,7.37861],[-12.10421,7.38104],[-12.1034,7.38489],[-12.10887,7.38793],[-12.10786,7.39035],[-12.10907,7.39137],[-12.11109,7.39056],[-12.11615,7.3946],[-12.12132,7.39511],[-12.12597,7.39309],[-12.13164,7.3943],[-12.13751,7.39855],[-12.14702,7.39187],[-12.15289,7.3943],[-12.15613,7.39369],[-12.15937,7.39025],[-12.16301,7.38863],[-12.17839,7.38782],[-12.18102,7.39754],[-12.179,7.40503],[-12.17677,7.40665],[-12.17738,7.40827],[-12.17455,7.41211],[-12.17576,7.41454],[-12.18345,7.42041],[-12.18366,7.42648],[-12.18629,7.43195],[-12.19479,7.44207],[-12.19742,7.44733],[-12.19843,7.45158],[-12.19135,7.46413],[-12.18649,7.46737],[-12.18649,7.4702],[-12.19013,7.47101],[-12.19418,7.47931],[-12.19195,7.48073],[-12.19459,7.48235],[-12.19621,7.48599],[-12.19823,7.4866],[-12.19722,7.48822],[-12.19893,7.49006]]]]}},{"type":"Feature","properties":{"name":"Nomo","district":"Kenema"},"geometry":{"type":"Polygon","coordinates":[[[-11.00519,7.4535],[-11.00469,7.455],[-11.00053,7.45467],[-10.99907,7.45569],[-10.99387,7.46308],[-10.98862,7.46741],[-10.98494,7.46854],[-10.98196,7.47182],[-10.97754,7.47091],[-10.97559,7.47181],[-10.97696,7.4774],[-10.96858,7.48723],[-10.96181,7.48956],[-10.96204,7.49283],[-10.96085,7.49352],[-10.95714,7.49283],[-10.95714,7.49587],[-10.94612,7.5044],[-10.94023,7.5063],[-10.9344,7.51313],[-10.9327,7.51295],[-10.93261,7.50965],[-10.93132,7.50822],[-10.92807,7.50647],[-10.92774,7.50472],[-10.92949,7.5018],[-10.92783,7.49989],[-10.92166,7.49739],[-10.91625,7.50475],[-10.91317,7.50422],[-10.9075,7.50988],[-10.89693,7.5143],[-10.89569,7.51993],[-10.89014,7.52516],[-10.88698,7.52666],[-10.87981,7.52591],[-10.8764,7.53091],[-10.8682,7.53389],[-10.86628,7.53638],[-10.86012,7.53847],[-10.84413,7.54904],[-10.84355,7.55296],[-10.83764,7.5567],[-10.83647,7.5617],[-10.83439,7.56378],[-10.83122,7.56378],[-10.82823,7.56178],[-10.82623,7.56387],[-10.82485,7.56932],[-10.82585,7.57157],[-10.81894,7.57732],[-10.81969,7.57882],[-10.82235,7.5794],[-10.82185,7.58131],[-10.81415,7.59052],[-10.81773,7.5951],[-10.81598,7.59551],[-10.8104,7.59243],[-10.80116,7.59118],[-10.7965,7.5936],[-10.793,7.60134],[-10.78942,7.60109],[-10.79042,7.60851],[-10.79333,7.60826],[-10.78929,7.61613],[-10.79121,7.61696],[-10.79354,7.61463],[-10.80489,7.61595],[-10.81169,7.61463],[-10.82683,7.62574],[-10.83368,7.63853],[-10.83963,7.64236],[-10.86682,7.64913],[-10.88976,7.65153],[-10.91282,7.65109],[-10.91389,7.65512],[-10.91782,7.65426],[-10.93527,7.64062],[-10.93909,7.63681],[-10.94045,7.63299],[-10.95463,7.63081],[-10.95818,7.62699],[-10.96418,7.62645],[-10.97208,7.62263],[-10.97563,7.61799],[-10.97972,7.60518],[-10.98763,7.60518],[-11.00753,7.61036],[-11.0228,7.6229],[-11.02826,7.62508],[-11.02989,7.62072],[-11.0348,7.61417],[-11.02948,7.60899],[-11.03194,7.57818],[-11.03467,7.56918],[-11.04203,7.55773],[-11.04721,7.55228],[-11.05075,7.53019],[-11.04898,7.51955],[-11.03807,7.49828],[-11.0288,7.47374],[-11.01953,7.46174],[-11.00519,7.4535]]]}},{"type":"Feature","properties":{"name":"Njaluahun","district":"Kailahun"},"geometry":{"type":"Polygon","coordinates":[[[-11.04109,7.87263],[-11.03683,7.87049],[-11.02983,7.87245],[-11.02765,7.87748],[-11.02525,7.8777],[-11.02402,7.88225],[-11.01998,7.88722],[-11.01252,7.89437],[-11.00693,7.89748],[-10.99139,7.88815],[-10.98207,7.87883],[-10.97772,7.87914],[-10.97213,7.89157],[-10.96871,7.90307],[-10.96561,7.90586],[-10.94976,7.91239],[-10.93826,7.92202],[-10.91387,7.93849],[-10.9089,7.94284],[-10.90549,7.95185],[-10.89275,7.96117],[-10.88001,7.96676],[-10.8738,7.96645],[-10.86945,7.968],[-10.86137,7.97608],[-10.85609,7.97763],[-10.85298,7.98571],[-10.84211,8.00156],[-10.84335,8.00591],[-10.83931,8.00684],[-10.83403,8.00591],[-10.83185,8.01678],[-10.82408,8.0202],[-10.82098,8.02393],[-10.81229,8.029],[-10.81307,8.04663],[-10.81618,8.05544],[-10.81592,8.06633],[-10.82137,8.07281],[-10.83588,8.08085],[-10.84625,8.08448],[-10.86803,8.08577],[-10.8854,8.09329],[-10.89058,8.09796],[-10.88825,8.11221],[-10.88358,8.12336],[-10.87736,8.12621],[-10.87606,8.12843],[-10.89347,8.14302],[-10.90239,8.14383],[-10.90469,8.14582],[-10.90582,8.14342],[-10.90735,8.14298],[-10.90451,8.13883],[-10.9067,8.13402],[-10.91369,8.12943],[-10.91719,8.12441],[-10.92178,8.1231],[-10.92494,8.11873],[-10.9291,8.11698],[-10.93325,8.11261],[-10.93871,8.10452],[-10.9374,8.1019],[-10.94046,8.10081],[-10.94505,8.09054],[-10.95073,8.08704],[-10.96034,8.08595],[-10.96362,8.08376],[-10.95707,8.07874],[-10.96187,8.07524],[-10.961,8.07109],[-10.95466,8.06803],[-10.96526,8.05514],[-10.96329,8.05361],[-10.96941,8.04006],[-10.96985,8.03656],[-10.97291,8.0335],[-10.98165,8.01427],[-10.98034,8.00881],[-10.98766,7.99155],[-10.9905,7.98849],[-10.99422,7.97997],[-10.99837,7.97822],[-11.00602,7.96379],[-11.00951,7.96489],[-11.01148,7.9627],[-11.00984,7.96095],[-11.0094,7.95746],[-11.01574,7.95003],[-11.01683,7.94697],[-11.0153,7.94347],[-11.01749,7.93408],[-11.01705,7.92818],[-11.01989,7.92512],[-11.02339,7.92512],[-11.02448,7.92337],[-11.02208,7.91703],[-11.02273,7.91332],[-11.02645,7.91004],[-11.02852,7.89889],[-11.03377,7.8895],[-11.04295,7.8801],[-11.04295,7.87573],[-11.04109,7.87263]]]}},{"type":"Feature","properties":{"name":"Nimiyama","district":"Kono"},"geometry":{"type":"Polygon","coordinates":[[[-11.33258,8.66323],[-11.35066,8.65954],[-11.35104,8.65505],[-11.34924,8.64728],[-11.34728,8.64551],[-11.34769,8.64078],[-11.35066,8.64195],[-11.35003,8.6368],[-11.35288,8.63183],[-11.35234,8.62436],[-11.35128,8.62099],[-11.34897,8.61974],[-11.3495,8.61406],[-11.3463,8.60731],[-11.34542,8.59914],[-11.34293,8.59949],[-11.3408,8.59452],[-11.34151,8.59114],[-11.33822,8.58332],[-11.3384,8.57817],[-11.3368,8.57462],[-11.33964,8.57231],[-11.33929,8.56467],[-11.35556,8.5486],[-11.35435,8.5467],[-11.34494,8.54177],[-11.34394,8.53711],[-11.34495,8.53472],[-11.34229,8.52614],[-11.33795,8.52645],[-11.33829,8.52108],[-11.33346,8.51819],[-11.32351,8.52217],[-11.31489,8.5288],[-11.30893,8.53145],[-11.29781,8.53261],[-11.28535,8.52888],[-11.27644,8.51752],[-11.27268,8.51565],[-11.26857,8.5157],[-11.26753,8.51411],[-11.26433,8.51595],[-11.25875,8.51404],[-11.25522,8.50625],[-11.25179,8.50215],[-11.25062,8.49416],[-11.25262,8.48849],[-11.26052,8.48039],[-11.2519,8.47376],[-11.24328,8.46315],[-11.23731,8.45785],[-11.23144,8.449],[-11.22487,8.44463],[-11.21979,8.44855],[-11.21078,8.44486],[-11.20131,8.44416],[-11.19461,8.44116],[-11.193,8.4437],[-11.19069,8.4437],[-11.1826,8.43954],[-11.17821,8.43978],[-11.17096,8.45189],[-11.17181,8.45916],[-11.18224,8.47834],[-11.18393,8.4868],[-11.1828,8.49666],[-11.18633,8.51161],[-11.19028,8.51809],[-11.19281,8.5305],[-11.19902,8.54685],[-11.20057,8.56602],[-11.20564,8.57364],[-11.20649,8.57787],[-11.20621,8.58266],[-11.19916,8.59225],[-11.19831,8.59845],[-11.19549,8.60268],[-11.19493,8.61311],[-11.18365,8.6289],[-11.1859,8.65117],[-11.18055,8.66612],[-11.18248,8.67649],[-11.18582,8.67706],[-11.18955,8.6808],[-11.19745,8.67443],[-11.20821,8.67531],[-11.21063,8.67926],[-11.20821,8.68453],[-11.21085,8.68738],[-11.21677,8.68892],[-11.21963,8.69155],[-11.21348,8.69836],[-11.21414,8.70056],[-11.21633,8.70253],[-11.2227,8.70231],[-11.22577,8.70341],[-11.23324,8.70165],[-11.23522,8.70385],[-11.23456,8.71087],[-11.23807,8.71439],[-11.24202,8.71219],[-11.24378,8.70934],[-11.244,8.70473],[-11.24751,8.70034],[-11.25432,8.6999],[-11.25849,8.69529],[-11.26771,8.69199],[-11.26946,8.69024],[-11.26935,8.68497],[-11.28077,8.67619],[-11.28582,8.67443],[-11.29482,8.66389],[-11.30316,8.65731],[-11.3058,8.65599],[-11.31173,8.65643],[-11.33258,8.66323]]]}},{"type":"Feature","properties":{"name":"Nimikoro","district":"Kono"},"geometry":{"type":"Polygon","coordinates":[[[-10.99421,8.61516],[-11.00093,8.61695],[-10.99763,8.62114],[-10.99589,8.62852],[-10.99766,8.63535],[-10.99322,8.6423],[-10.9996,8.64172],[-11.01069,8.65412],[-11.01814,8.6554],[-11.02266,8.65033],[-11.02576,8.65061],[-11.03083,8.65399],[-11.04521,8.66696],[-11.05029,8.67852],[-11.05931,8.68444],[-11.06185,8.68755],[-11.06156,8.69657],[-11.072,8.69798],[-11.07228,8.70221],[-11.07792,8.70164],[-11.08271,8.70559],[-11.08553,8.70587],[-11.08694,8.70869],[-11.09286,8.71292],[-11.09371,8.71856],[-11.09653,8.72223],[-11.09258,8.72871],[-11.09342,8.73415],[-11.1025,8.74183],[-11.10557,8.73722],[-11.10909,8.73568],[-11.11172,8.73722],[-11.11611,8.74293],[-11.11897,8.74864],[-11.12336,8.75171],[-11.12489,8.75039],[-11.12555,8.74776],[-11.12928,8.74337],[-11.13082,8.7381],[-11.12621,8.73107],[-11.12621,8.72888],[-11.12885,8.728],[-11.13565,8.72032],[-11.14224,8.71746],[-11.14268,8.71087],[-11.14707,8.70583],[-11.14773,8.70297],[-11.14773,8.701],[-11.14312,8.69968],[-11.14114,8.69638],[-11.14399,8.68848],[-11.14356,8.68563],[-11.14246,8.68299],[-11.13785,8.6808],[-11.1407,8.67816],[-11.14158,8.67509],[-11.14729,8.67377],[-11.15047,8.6707],[-11.15596,8.67114],[-11.15508,8.66719],[-11.1564,8.66587],[-11.16057,8.66565],[-11.1654,8.66104],[-11.16716,8.66192],[-11.16716,8.66609],[-11.17133,8.66631],[-11.1766,8.67158],[-11.17901,8.67663],[-11.18248,8.67649],[-11.18055,8.66612],[-11.1859,8.65117],[-11.18365,8.6289],[-11.19493,8.61311],[-11.19549,8.60268],[-11.19831,8.59845],[-11.19916,8.59225],[-11.20621,8.58266],[-11.20564,8.57364],[-11.20057,8.56602],[-11.19902,8.54685],[-11.19281,8.5305],[-11.19028,8.51809],[-11.18633,8.51161],[-11.1828,8.49666],[-11.18393,8.4868],[-11.18224,8.47834],[-11.17181,8.45916],[-11.17096,8.45189],[-11.16689,8.4534],[-11.16435,8.45271],[-11.15858,8.44763],[-11.14495,8.44185],[-11.13675,8.4437],[-11.1282,8.44994],[-11.11896,8.45456],[-11.09956,8.4474],[-11.10487,8.43862],[-11.09679,8.42245],[-11.09286,8.41668],[-11.08963,8.41483],[-11.08778,8.4139],[-11.08362,8.4146],[-11.07831,8.41229],[-11.07531,8.4139],[-11.06999,8.41344],[-11.06884,8.41598],[-11.0656,8.41552],[-11.06306,8.41668],[-11.04874,8.42915],[-11.04204,8.42661],[-11.03534,8.43238],[-11.02749,8.437],[-11.01731,8.44052],[-11.01575,8.45296],[-11.02096,8.48736],[-11.01307,8.50851],[-11.01617,8.51302],[-11.01532,8.51612],[-11.0063,8.52458],[-11.0001,8.53642],[-10.9977,8.54488],[-10.99421,8.61516]]]}},{"type":"Feature","properties":{"name":"Nieni","district":"Koinadugu"},"geometry":{"type":"Polygon","coordinates":[[[-11.46072,9.3697],[-11.45557,9.35969],[-11.45472,9.35414],[-11.44532,9.34174],[-11.44574,9.33661],[-11.44916,9.32807],[-11.45002,9.31866],[-11.44874,9.31054],[-11.42608,9.29558],[-11.40856,9.28148],[-11.39317,9.26695],[-11.38676,9.25626],[-11.39651,9.23246],[-11.40591,9.19527],[-11.41318,9.1816],[-11.42899,9.1692],[-11.43882,9.16835],[-11.4505,9.1653],[-11.44829,9.16359],[-11.44687,9.15791],[-11.44509,9.15613],[-11.44411,9.12966],[-11.44145,9.12522],[-11.44393,9.12166],[-11.44447,9.11225],[-11.44358,9.11118],[-11.44411,9.10478],[-11.44198,9.09928],[-11.44358,9.09714],[-11.44233,9.09466],[-11.4442,9.08595],[-11.44171,9.08435],[-11.44313,9.07849],[-11.44189,9.07387],[-11.44598,9.06907],[-11.44633,9.0673],[-11.44456,9.06605],[-11.44438,9.06357],[-11.44615,9.05184],[-11.44509,9.04882],[-11.44864,9.04473],[-11.44829,9.03958],[-11.44997,9.03532],[-11.44624,9.02945],[-11.44269,9.02803],[-11.44145,9.02537],[-11.43985,9.02537],[-11.44056,9.0179],[-11.43629,9.014],[-11.44091,9.00653],[-11.44074,8.99907],[-11.44411,8.99587],[-11.44269,8.99516],[-11.44358,8.98628],[-11.45068,8.98681],[-11.45317,8.98965],[-11.45459,8.98663],[-11.45788,8.9845],[-11.45522,8.98432],[-11.45788,8.97349],[-11.45664,8.97153],[-11.45841,8.96869],[-11.45699,8.9662],[-11.46019,8.96194],[-11.46037,8.9591],[-11.4657,8.95821],[-11.46836,8.94968],[-11.4673,8.94701],[-11.46783,8.94328],[-11.47014,8.93689],[-11.47458,8.93085],[-11.47298,8.93102],[-11.47192,8.92783],[-11.47583,8.92178],[-11.4808,8.92552],[-11.48151,8.92978],[-11.48409,8.93156],[-11.4864,8.92942],[-11.49066,8.91699],[-11.48924,8.91414],[-11.49137,8.91006],[-11.49173,8.90473],[-11.49386,8.90384],[-11.4951,8.90722],[-11.49812,8.90668],[-11.49972,8.90864],[-11.50043,8.91237],[-11.50825,8.90935],[-11.51145,8.91468],[-11.50789,8.91805],[-11.50878,8.92214],[-11.50949,8.91894],[-11.51856,8.91272],[-11.52033,8.91308],[-11.51909,8.91788],[-11.52051,8.91788],[-11.52389,8.91148],[-11.52779,8.9113],[-11.52922,8.90953],[-11.52993,8.90295],[-11.53401,8.89904],[-11.5357,8.89425],[-11.54085,8.89442],[-11.53854,8.89016],[-11.54174,8.88998],[-11.54085,8.88732],[-11.54316,8.88554],[-11.54316,8.87843],[-11.55151,8.86902],[-11.55222,8.86582],[-11.55009,8.86298],[-11.55151,8.86013],[-11.55844,8.86173],[-11.55951,8.86013],[-11.55702,8.85356],[-11.55364,8.84929],[-11.54174,8.84965],[-11.53019,8.84592],[-11.49475,8.84183],[-11.48391,8.84254],[-11.48284,8.85249],[-11.47982,8.85605],[-11.47254,8.86173],[-11.45939,8.86795],[-11.45619,8.86902],[-11.44233,8.86173],[-11.43736,8.85125],[-11.43274,8.84574],[-11.4315,8.83775],[-11.42874,8.83046],[-11.42608,8.82762],[-11.4211,8.81269],[-11.41524,8.80381],[-11.414,8.79617],[-11.40831,8.79191],[-11.40849,8.78853],[-11.40653,8.78711],[-11.40609,8.78196],[-11.40271,8.77574],[-11.39845,8.77219],[-11.39454,8.75922],[-11.39578,8.75193],[-11.3933,8.74927],[-11.39223,8.74376],[-11.38708,8.74198],[-11.38761,8.73949],[-11.38477,8.73683],[-11.38584,8.73363],[-11.38202,8.72741],[-11.3829,8.72226],[-11.3813,8.71693],[-11.38326,8.7116],[-11.37846,8.70432],[-11.37828,8.70005],[-11.37455,8.69543],[-11.37669,8.6901],[-11.37189,8.68388],[-11.36869,8.67464],[-11.36141,8.66363],[-11.35066,8.65954],[-11.34109,8.66141],[-11.33379,8.66473],[-11.34109,8.676],[-11.35037,8.7012],[-11.34838,8.70982],[-11.35103,8.71711],[-11.34705,8.72507],[-11.34838,8.7317],[-11.34772,8.74164],[-11.34639,8.74828],[-11.34109,8.75093],[-11.34109,8.75955],[-11.3391,8.76552],[-11.33976,8.77612],[-11.32053,8.7927],[-11.30594,8.80132],[-11.30329,8.80729],[-11.30661,8.82188],[-11.29865,8.83182],[-11.29732,8.85503],[-11.29334,8.86034],[-11.26947,8.86233],[-11.2582,8.88288],[-11.2529,8.89017],[-11.25555,8.89747],[-11.25223,8.90012],[-11.25024,8.9094],[-11.25422,8.90543],[-11.25621,8.9094],[-11.24892,8.91471],[-11.23831,8.93129],[-11.22704,8.93328],[-11.22306,8.93792],[-11.21179,8.93261],[-11.20118,8.92996],[-11.1899,8.93858],[-11.17598,8.93725],[-11.16404,8.922],[-11.15741,8.9346],[-11.14946,8.93991],[-11.14515,8.94786],[-11.14647,8.95648],[-11.14448,8.96444],[-11.12724,8.97306],[-11.12393,8.97836],[-11.12525,8.99627],[-11.12923,9.00025],[-11.13321,9.00025],[-11.13555,9.00843],[-11.13901,9.00897],[-11.14267,9.0119],[-11.15072,9.02177],[-11.16059,9.03092],[-11.1562,9.04116],[-11.15584,9.04628],[-11.14497,9.07405],[-11.1276,9.10295],[-11.11955,9.11136],[-11.10784,9.13075],[-11.09504,9.1355],[-11.08809,9.14208],[-11.08151,9.15269],[-11.08096,9.16293],[-11.07877,9.17134],[-11.07986,9.18341],[-11.07804,9.19073],[-11.0784,9.20573],[-11.07237,9.2274],[-11.05956,9.24751],[-11.05499,9.25163],[-11.05179,9.25803],[-11.04585,9.26489],[-11.03533,9.28317],[-11.03076,9.2882],[-11.01887,9.29735],[-11.01947,9.30715],[-11.02711,9.31128],[-11.02979,9.30983],[-11.03351,9.31293],[-11.04032,9.31561],[-11.0525,9.31541],[-11.05643,9.31334],[-11.05663,9.32325],[-11.05808,9.32635],[-11.06056,9.328],[-11.06252,9.32841],[-11.0652,9.32491],[-11.0716,9.32965],[-11.07738,9.32491],[-11.08089,9.328],[-11.08564,9.32656],[-11.08936,9.32841],[-11.09431,9.3278],[-11.09824,9.32965],[-11.10443,9.32903],[-11.10587,9.33151],[-11.11,9.32945],[-11.12136,9.33069],[-11.12528,9.32841],[-11.12962,9.33069],[-11.13478,9.32883],[-11.13953,9.32986],[-11.14201,9.32862],[-11.14717,9.32986],[-11.15233,9.32718],[-11.15481,9.33069],[-11.1577,9.32883],[-11.1579,9.32635],[-11.16286,9.328],[-11.16616,9.32635],[-11.17277,9.32676],[-11.17339,9.32325],[-11.17731,9.32759],[-11.18578,9.32387],[-11.19174,9.32416],[-11.1941,9.32554],[-11.20573,9.32239],[-11.2081,9.32535],[-11.22249,9.32002],[-11.23037,9.3147],[-11.23708,9.31312],[-11.23767,9.30997],[-11.24023,9.31076],[-11.24614,9.30701],[-11.2493,9.30741],[-11.24772,9.32101],[-11.23747,9.32909],[-11.23668,9.3354],[-11.2351,9.33757],[-11.23589,9.34112],[-11.23491,9.34881],[-11.23215,9.35945],[-11.23451,9.36162],[-11.23451,9.36596],[-11.24614,9.36891],[-11.24772,9.37128],[-11.24703,9.39079],[-11.24447,9.41051],[-11.24526,9.42372],[-11.24388,9.43633],[-11.24605,9.44087],[-11.25137,9.43968],[-11.27916,9.44027],[-11.3108,9.44698],[-11.34097,9.44855],[-11.34846,9.45033],[-11.3524,9.44579],[-11.35496,9.4454],[-11.35634,9.43121],[-11.35792,9.43002],[-11.36048,9.4314],[-11.36403,9.42963],[-11.37113,9.4247],[-11.38276,9.41918],[-11.38414,9.41662],[-11.38867,9.41563],[-11.39084,9.41287],[-11.39616,9.4113],[-11.39971,9.40795],[-11.4074,9.40617],[-11.41174,9.40361],[-11.4142,9.404],[-11.41696,9.40223],[-11.4209,9.40223],[-11.42721,9.40459],[-11.42958,9.40381],[-11.44101,9.39296],[-11.44554,9.38764],[-11.44614,9.38527],[-11.45442,9.37759],[-11.45461,9.37404],[-11.46072,9.3697]]]}},{"type":"Feature","properties":{"name":"Niawa Lenga","district":"Bo"},"geometry":{"type":"Polygon","coordinates":[[[-11.68694,8.16354],[-11.68294,8.15288],[-11.67419,8.13648],[-11.6686,8.11378],[-11.67251,8.10463],[-11.67918,8.10013],[-11.70436,8.09153],[-11.71074,8.08786],[-11.71419,8.08313],[-11.7149,8.07904],[-11.71483,8.06576],[-11.71183,8.05998],[-11.70905,8.05743],[-11.69839,8.05833],[-11.67059,8.04358],[-11.64587,8.03551],[-11.61243,8.03285],[-11.59675,8.03323],[-11.596,8.03473],[-11.60065,8.04148],[-11.60362,8.05307],[-11.61187,8.05705],[-11.61547,8.06283],[-11.61547,8.06726],[-11.619,8.06763],[-11.62144,8.07195],[-11.62362,8.0727],[-11.62774,8.0715],[-11.63217,8.07307],[-11.6324,8.07442],[-11.62497,8.07652],[-11.62444,8.0838],[-11.62091,8.0832],[-11.61604,8.08448],[-11.61056,8.08028],[-11.60688,8.08035],[-11.60831,8.0862],[-11.60744,8.09277],[-11.60519,8.0936],[-11.60287,8.09277],[-11.60294,8.09622],[-11.60197,8.09645],[-11.59799,8.09345],[-11.59716,8.09427],[-11.59604,8.1002],[-11.59784,8.10395],[-11.59765,8.11344],[-11.59007,8.11645],[-11.59052,8.11907],[-11.5879,8.1208],[-11.58812,8.12335],[-11.58137,8.1247],[-11.57626,8.12328],[-11.57319,8.1268],[-11.57101,8.12688],[-11.56839,8.13183],[-11.56887,8.13382],[-11.5664,8.13562],[-11.56752,8.13945],[-11.56677,8.1411],[-11.5637,8.14185],[-11.55649,8.14065],[-11.54839,8.14297],[-11.54711,8.14778],[-11.53885,8.15827],[-11.53556,8.16404],[-11.53472,8.16823],[-11.53449,8.18887],[-11.53663,8.20294],[-11.5329,8.23814],[-11.53569,8.24071],[-11.55095,8.24793],[-11.55607,8.24828],[-11.57051,8.25713],[-11.58037,8.2598],[-11.58419,8.24327],[-11.58225,8.22761],[-11.57159,8.20919],[-11.56816,8.19233],[-11.58158,8.19248],[-11.59769,8.18831],[-11.60291,8.18816],[-11.60515,8.1898],[-11.60649,8.19606],[-11.60933,8.19845],[-11.61887,8.19696],[-11.63409,8.20382],[-11.64117,8.20554],[-11.64997,8.20419],[-11.66817,8.19808],[-11.67205,8.19569],[-11.68323,8.18421],[-11.68547,8.18152],[-11.68666,8.17734],[-11.68694,8.16354]]]}},{"type":"Feature","properties":{"name":"Niawa","district":"Kenema"},"geometry":{"type":"Polygon","coordinates":[[[-11.44048,7.69357],[-11.43603,7.68077],[-11.43813,7.67106],[-11.44338,7.65741],[-11.45099,7.64665],[-11.45992,7.63693],[-11.47934,7.62512],[-11.48433,7.62013],[-11.48906,7.61914],[-11.49532,7.60561],[-11.49789,7.58996],[-11.50139,7.57851],[-11.50163,7.56029],[-11.50817,7.54371],[-11.50443,7.5409],[-11.47476,7.54277],[-11.45724,7.54184],[-11.4521,7.54254],[-11.44953,7.54417],[-11.43668,7.55959],[-11.41601,7.5979],[-11.40479,7.61216],[-11.40503,7.61636],[-11.40129,7.6243],[-11.39101,7.63669],[-11.37261,7.65508],[-11.37207,7.6582],[-11.36194,7.66556],[-11.36177,7.66719],[-11.35213,7.66556],[-11.35131,7.66866],[-11.34968,7.66932],[-11.34543,7.66703],[-11.34379,7.66801],[-11.3424,7.67177],[-11.33979,7.67014],[-11.33733,7.67815],[-11.33145,7.67962],[-11.32573,7.6837],[-11.32328,7.69531],[-11.30636,7.72915],[-11.30472,7.73389],[-11.30572,7.74355],[-11.3133,7.74157],[-11.3218,7.74239],[-11.32311,7.74419],[-11.32761,7.76658],[-11.34935,7.79306],[-11.35344,7.79028],[-11.35736,7.79061],[-11.35818,7.78832],[-11.3603,7.7875],[-11.36194,7.7875],[-11.36275,7.7893],[-11.36341,7.78636],[-11.36504,7.78538],[-11.36798,7.78554],[-11.36929,7.78358],[-11.37452,7.7826],[-11.37452,7.78047],[-11.37697,7.77966],[-11.37812,7.77688],[-11.38286,7.77835],[-11.38351,7.77573],[-11.38711,7.77639],[-11.38695,7.77001],[-11.39299,7.76593],[-11.39528,7.76233],[-11.39872,7.762],[-11.3997,7.75677],[-11.40262,7.75704],[-11.40371,7.75376],[-11.40773,7.75339],[-11.41101,7.75485],[-11.41503,7.74938],[-11.41174,7.74646],[-11.41612,7.74427],[-11.41612,7.74208],[-11.41284,7.73843],[-11.41685,7.73624],[-11.41831,7.73295],[-11.41357,7.72674],[-11.41685,7.72638],[-11.42123,7.722],[-11.4205,7.71287],[-11.42269,7.71178],[-11.42561,7.70192],[-11.43036,7.70448],[-11.43219,7.70046],[-11.43876,7.70083],[-11.44048,7.69357]]]}},{"type":"Feature","properties":{"name":"Neya","district":"Falaba"},"geometry":{"type":"Polygon","coordinates":[[[-10.6737,8.93656],[-10.67502,8.95648],[-10.679,8.96311],[-10.69425,8.96577],[-10.69425,8.97173],[-10.68696,8.98234],[-10.68232,8.99494],[-10.68431,9.00224],[-10.68232,9.00887],[-10.679,9.00887],[-10.67834,9.0155],[-10.67303,9.01815],[-10.64187,9.02478],[-10.62595,9.03672],[-10.62198,9.04202],[-10.60871,9.04069],[-10.60407,9.04202],[-10.59744,9.04136],[-10.58882,9.04268],[-10.5802,9.04865],[-10.57892,9.0481],[-10.57856,9.05058],[-10.58213,9.05262],[-10.58341,9.05185],[-10.58928,9.05926],[-10.59336,9.06181],[-10.59617,9.06181],[-10.61736,9.07304],[-10.62144,9.07381],[-10.62732,9.07202],[-10.64468,9.083],[-10.65795,9.08275],[-10.66484,9.08019],[-10.6725,9.08402],[-10.67455,9.08249],[-10.68118,9.08555],[-10.68425,9.08351],[-10.68986,9.07534],[-10.69242,9.07534],[-10.69242,9.07738],[-10.6988,9.07764],[-10.6988,9.07432],[-10.70084,9.07279],[-10.70569,9.07381],[-10.70595,9.07049],[-10.71105,9.06181],[-10.7108,9.05747],[-10.71514,9.05288],[-10.72688,9.04828],[-10.73275,9.0516],[-10.74501,9.05568],[-10.7422,9.06258],[-10.73633,9.06973],[-10.73071,9.07304],[-10.7279,9.07815],[-10.72765,9.08632],[-10.72458,9.09602],[-10.72407,9.11287],[-10.72101,9.11695],[-10.71667,9.11951],[-10.71182,9.11823],[-10.7085,9.12129],[-10.70901,9.12487],[-10.7182,9.12538],[-10.71973,9.1287],[-10.71922,9.13457],[-10.71003,9.13431],[-10.70353,9.15179],[-10.70658,9.15423],[-10.72444,9.16083],[-10.72816,9.16538],[-10.73518,9.16455],[-10.74178,9.16661],[-10.74591,9.17301],[-10.75541,9.18024],[-10.76408,9.19366],[-10.76676,9.19573],[-10.75221,9.21802],[-10.75448,9.22814],[-10.76274,9.24713],[-10.76645,9.26117],[-10.77585,9.27521],[-10.78328,9.2812],[-10.78658,9.28058],[-10.79588,9.28327],[-10.80021,9.28223],[-10.80702,9.28492],[-10.80702,9.29049],[-10.80558,9.29318],[-10.80372,9.29524],[-10.80021,9.29545],[-10.80124,9.30866],[-10.81693,9.31692],[-10.82086,9.31754],[-10.86122,9.31878],[-10.86927,9.31733],[-10.88847,9.30019],[-10.89095,9.29132],[-10.89807,9.29379],[-10.90406,9.29834],[-10.9084,9.29978],[-10.91149,9.29958],[-10.91542,9.2973],[-10.92264,9.29854],[-10.92326,9.29999],[-10.92553,9.29875],[-10.93792,9.30494],[-10.95175,9.30412],[-10.96641,9.30494],[-10.96868,9.30825],[-10.97034,9.30598],[-10.97488,9.30639],[-10.97736,9.30701],[-10.9819,9.31114],[-10.98396,9.31155],[-10.98912,9.30949],[-10.99119,9.31072],[-10.99201,9.313],[-10.99718,9.31155],[-11.00337,9.31547],[-11.00677,9.31107],[-11.00987,9.31025],[-11.01524,9.31107],[-11.01668,9.31004],[-11.01947,9.30715],[-11.01887,9.29735],[-11.03076,9.2882],[-11.03533,9.28317],[-11.04585,9.26489],[-11.05179,9.25803],[-11.05499,9.25163],[-11.05956,9.24751],[-11.07237,9.2274],[-11.0784,9.20573],[-11.07804,9.19073],[-11.07986,9.18341],[-11.07877,9.17134],[-11.08096,9.16293],[-11.08151,9.15269],[-11.08809,9.14208],[-11.09504,9.1355],[-11.10784,9.13075],[-11.11955,9.11136],[-11.1276,9.10295],[-11.13637,9.08942],[-11.14497,9.07405],[-11.15584,9.04628],[-11.1562,9.04116],[-11.16059,9.03092],[-11.1584,9.02799],[-11.15072,9.02177],[-11.14267,9.0119],[-11.13901,9.00897],[-11.1363,9.00854],[-11.1352,9.0155],[-11.12724,9.02279],[-11.1226,9.03274],[-11.12272,9.04476],[-11.11706,9.05417],[-11.1047,9.06788],[-11.09599,9.06824],[-11.08296,9.06292],[-11.08169,9.06969],[-11.07353,9.07584],[-11.05563,9.07783],[-11.01417,9.05776],[-11.00457,9.06059],[-10.99843,9.05444],[-10.98816,9.04729],[-10.95339,9.0305],[-10.93815,9.02492],[-10.91406,9.00887],[-10.91325,9.00794],[-10.91817,9.00061],[-10.93127,8.98642],[-10.91804,8.96444],[-10.91207,8.95847],[-10.90213,8.97173],[-10.89616,8.97571],[-10.88688,8.96378],[-10.87557,8.95359],[-10.87428,8.94853],[-10.85306,8.95516],[-10.84378,8.94786],[-10.83589,8.93865],[-10.82587,8.93593],[-10.80632,8.93406],[-10.79603,8.93792],[-10.79007,8.94322],[-10.78145,8.94388],[-10.77614,8.93991],[-10.76885,8.93991],[-10.76089,8.9346],[-10.75559,8.93261],[-10.74796,8.93659],[-10.74067,8.93858],[-10.73801,8.93328],[-10.72873,8.93062],[-10.7168,8.9346],[-10.70287,8.93593],[-10.6737,8.9346],[-10.6737,8.93656]]]}},{"type":"Feature","properties":{"name":"Mountain Rural","district":"Western Area Rural"},"geometry":{"type":"Polygon","coordinates":[[[-13.19275,8.38453],[-13.18793,8.38953],[-13.17653,8.4062],[-13.17204,8.4081],[-13.17913,8.41385],[-13.17991,8.42289],[-13.17882,8.42669],[-13.19041,8.43978],[-13.20037,8.45412],[-13.20774,8.46004],[-13.21121,8.46847],[-13.21423,8.47155],[-13.21346,8.47319],[-13.21587,8.47721],[-13.22133,8.48028],[-13.22312,8.48356],[-13.22528,8.47865],[-13.2213,8.47214],[-13.2224,8.46805],[-13.22332,8.46876],[-13.22292,8.46732],[-13.22574,8.46576],[-13.22273,8.4633],[-13.22325,8.46057],[-13.23145,8.45471],[-13.2419,8.46232],[-13.24777,8.45847],[-13.24487,8.45758],[-13.24387,8.45577],[-13.24548,8.45554],[-13.24377,8.452],[-13.24254,8.43957],[-13.23691,8.43524],[-13.22331,8.41428],[-13.21367,8.40628],[-13.20902,8.3986],[-13.19275,8.38453]]]}},{"type":"Feature","properties":{"name":"Mono Sakrim","district":"Pujehun"},"geometry":{"type":"Polygon","coordinates":[[[-11.7027,7.23647],[-11.70632,7.23556],[-11.72071,7.22345],[-11.72444,7.22284],[-11.73299,7.21576],[-11.72939,7.1994],[-11.73233,7.18533],[-11.73168,7.17322],[-11.73626,7.16831],[-11.7536,7.15784],[-11.76996,7.15653],[-11.77389,7.15784],[-11.77684,7.1657],[-11.77782,7.17715],[-11.78109,7.18795],[-11.78404,7.19449],[-11.7896,7.19744],[-11.79712,7.19449],[-11.79549,7.19122],[-11.7896,7.18664],[-11.78927,7.18271],[-11.79189,7.18042],[-11.80367,7.17977],[-11.81087,7.18075],[-11.81905,7.18369],[-11.83247,7.18631],[-11.84948,7.19286],[-11.8629,7.19973],[-11.8845,7.20693],[-11.89464,7.20856],[-11.89688,7.21076],[-11.8988,7.20984],[-11.9063,7.21162],[-11.91391,7.21805],[-11.91917,7.2141],[-11.92355,7.21281],[-11.92688,7.21638],[-11.92819,7.22316],[-11.93167,7.2266],[-11.93678,7.22859],[-11.93841,7.22845],[-11.94211,7.22484],[-11.94957,7.20643],[-11.95923,7.19259],[-11.94975,7.18576],[-11.91943,7.17493],[-11.78879,7.11213],[-11.73393,7.08254],[-11.6637,7.03999],[-11.66132,7.042],[-11.66099,7.05803],[-11.66296,7.07963],[-11.66656,7.08192],[-11.67605,7.09239],[-11.67866,7.1009],[-11.67834,7.11923],[-11.67572,7.12643],[-11.67277,7.13003],[-11.65347,7.14639],[-11.65314,7.14802],[-11.64496,7.15359],[-11.64496,7.15719],[-11.66099,7.16242],[-11.66754,7.16242],[-11.67245,7.16046],[-11.67637,7.15719],[-11.68488,7.14279],[-11.69568,7.13461],[-11.70026,7.13395],[-11.70353,7.13526],[-11.70648,7.13886],[-11.70648,7.14442],[-11.70059,7.15293],[-11.6947,7.1657],[-11.68554,7.17682],[-11.68259,7.18435],[-11.66688,7.19417],[-11.66394,7.19678],[-11.66328,7.20006],[-11.66427,7.20235],[-11.67245,7.20562],[-11.67834,7.21053],[-11.68668,7.22149],[-11.68963,7.22149],[-11.69552,7.22411],[-11.70108,7.23065],[-11.7027,7.23647]]]}},{"type":"Feature","properties":{"name":"Mongo","district":"Falaba"},"geometry":{"type":"Polygon","coordinates":[[[-11.16408,9.64301],[-11.16502,9.64155],[-11.16325,9.63918],[-11.16916,9.62735],[-11.16739,9.62716],[-11.16857,9.6242],[-11.1666,9.62124],[-11.17054,9.6102],[-11.16778,9.60882],[-11.17133,9.60192],[-11.16857,9.59995],[-11.16857,9.59719],[-11.16956,9.5966],[-11.17173,9.59838],[-11.17192,9.597],[-11.17074,9.59148],[-11.1733,9.57827],[-11.17212,9.56703],[-11.17291,9.56171],[-11.17744,9.5554],[-11.17961,9.5483],[-11.17675,9.53372],[-11.18109,9.50907],[-11.17123,9.49902],[-11.15517,9.48759],[-11.14846,9.47812],[-11.14728,9.46945],[-11.14748,9.4452],[-11.14984,9.43673],[-11.15034,9.42805],[-11.15783,9.40361],[-11.16069,9.37502],[-11.16029,9.36852],[-11.16542,9.35334],[-11.18257,9.33363],[-11.18819,9.32613],[-11.18819,9.32456],[-11.18227,9.3247],[-11.17731,9.32759],[-11.17339,9.32325],[-11.17277,9.32676],[-11.16616,9.32635],[-11.16286,9.328],[-11.1579,9.32635],[-11.1577,9.32883],[-11.15481,9.33069],[-11.15233,9.32718],[-11.14717,9.32986],[-11.14201,9.32862],[-11.13953,9.32986],[-11.13478,9.32883],[-11.12962,9.33069],[-11.12528,9.32841],[-11.12136,9.33069],[-11.11,9.32945],[-11.10587,9.33151],[-11.10443,9.32903],[-11.09824,9.32965],[-11.09431,9.3278],[-11.08936,9.32841],[-11.08564,9.32656],[-11.08089,9.328],[-11.07738,9.32491],[-11.0716,9.32965],[-11.0652,9.32491],[-11.06252,9.32841],[-11.05808,9.32635],[-11.05643,9.32222],[-11.05725,9.31644],[-11.05643,9.31334],[-11.0525,9.31541],[-11.04032,9.31561],[-11.03351,9.31293],[-11.02979,9.30983],[-11.02711,9.31128],[-11.01947,9.30715],[-11.01524,9.31107],[-11.00987,9.31025],[-11.00677,9.31107],[-11.00337,9.31547],[-10.99718,9.31155],[-10.99201,9.313],[-10.99119,9.31072],[-10.98912,9.30949],[-10.98396,9.31155],[-10.9819,9.31114],[-10.97736,9.30701],[-10.97488,9.30639],[-10.97034,9.30598],[-10.96868,9.30825],[-10.96641,9.30494],[-10.95898,9.30412],[-10.93792,9.30494],[-10.92553,9.29875],[-10.92326,9.29999],[-10.92264,9.29854],[-10.91542,9.2973],[-10.91149,9.29958],[-10.9084,9.29978],[-10.90406,9.29834],[-10.89807,9.29379],[-10.89095,9.29132],[-10.88847,9.30019],[-10.86927,9.31733],[-10.86122,9.31878],[-10.81693,9.31692],[-10.80124,9.30866],[-10.80021,9.29545],[-10.80372,9.29524],[-10.80558,9.29318],[-10.80702,9.29049],[-10.80702,9.28492],[-10.80021,9.28223],[-10.79588,9.28327],[-10.78658,9.28058],[-10.78328,9.2812],[-10.77585,9.27521],[-10.76645,9.26117],[-10.76274,9.24713],[-10.75448,9.22814],[-10.75221,9.21802],[-10.76676,9.19573],[-10.76408,9.19366],[-10.75541,9.18024],[-10.74591,9.17301],[-10.74178,9.16661],[-10.73518,9.16455],[-10.72816,9.16538],[-10.72444,9.16083],[-10.70658,9.15423],[-10.70353,9.15179],[-10.69812,9.15911],[-10.69178,9.16061],[-10.6854,9.17031],[-10.67212,9.18078],[-10.66676,9.18895],[-10.65833,9.19482],[-10.65476,9.20248],[-10.65872,9.21626],[-10.65821,9.22086],[-10.65055,9.23592],[-10.65055,9.24103],[-10.64417,9.2469],[-10.64212,9.25354],[-10.64391,9.26349],[-10.64314,9.26707],[-10.64059,9.26988],[-10.63676,9.27013],[-10.63574,9.27677],[-10.64774,9.2829],[-10.65604,9.29311],[-10.65527,9.30051],[-10.65195,9.30919],[-10.66216,9.3194],[-10.6905,9.33472],[-10.69969,9.34136],[-10.70531,9.33574],[-10.71067,9.33983],[-10.71884,9.34161],[-10.72395,9.34136],[-10.73135,9.34442],[-10.73288,9.348],[-10.73186,9.35157],[-10.72777,9.35744],[-10.72178,9.37148],[-10.72509,9.37838],[-10.7348,9.38501],[-10.75088,9.38706],[-10.76543,9.39472],[-10.77054,9.39599],[-10.7879,9.40595],[-10.8073,9.41897],[-10.84444,9.4496],[-10.84572,9.45241],[-10.84444,9.46798],[-10.84521,9.47488],[-10.84904,9.48611],[-10.859,9.49454],[-10.85874,9.50066],[-10.85134,9.50373],[-10.84457,9.51011],[-10.84559,9.51649],[-10.84789,9.52083],[-10.87317,9.54585],[-10.88133,9.55734],[-10.88567,9.56627],[-10.88082,9.58108],[-10.88759,9.58823],[-10.90163,9.59231],[-10.9098,9.59793],[-10.91363,9.60431],[-10.91644,9.61427],[-10.92282,9.62908],[-10.94554,9.65154],[-10.95409,9.65818],[-10.96941,9.67886],[-10.98013,9.68907],[-10.98907,9.69698],[-10.9952,9.69367],[-11.00081,9.69673],[-11.00337,9.69647],[-11.00822,9.6929],[-11.01179,9.69469],[-11.01383,9.69239],[-11.01588,9.69469],[-11.01741,9.69239],[-11.02175,9.69137],[-11.02404,9.6929],[-11.02941,9.69264],[-11.02864,9.70024],[-11.03148,9.69632],[-11.03727,9.69415],[-11.04331,9.69705],[-11.04548,9.69511],[-11.05031,9.69729],[-11.05694,9.69584],[-11.06129,9.69753],[-11.06274,9.70018],[-11.06708,9.69922],[-11.07191,9.70018],[-11.07384,9.70332],[-11.07601,9.70356],[-11.07649,9.71104],[-11.07891,9.71394],[-11.08494,9.71442],[-11.09339,9.71708],[-11.0946,9.72022],[-11.09798,9.7236],[-11.10473,9.72794],[-11.10884,9.72601],[-11.11101,9.72215],[-11.11487,9.72118],[-11.11753,9.72215],[-11.11922,9.72456],[-11.12115,9.72287],[-11.12356,9.72529],[-11.12453,9.72239],[-11.12742,9.72118],[-11.12694,9.71708],[-11.12875,9.71129],[-11.1273,9.71008],[-11.12899,9.70791],[-11.12947,9.70236],[-11.13116,9.70284],[-11.13527,9.69922],[-11.13599,9.69463],[-11.13358,9.69101],[-11.13889,9.68691],[-11.13503,9.68546],[-11.13985,9.68087],[-11.14299,9.67967],[-11.14251,9.67629],[-11.1413,9.67653],[-11.14034,9.6746],[-11.13913,9.66856],[-11.1413,9.66639],[-11.14323,9.66808],[-11.15096,9.6647],[-11.15168,9.65963],[-11.15675,9.65432],[-11.15699,9.65046],[-11.16061,9.64636],[-11.16061,9.6437],[-11.16408,9.64301]]]}},{"type":"Feature","properties":{"name":"Masungbala","district":"Kambia"},"geometry":{"type":"Polygon","coordinates":[[[-12.83114,9.20309],[-12.8393,9.19722],[-12.85769,9.17676],[-12.86596,9.17056],[-12.87424,9.15929],[-12.87516,9.15355],[-12.87217,9.13608],[-12.87205,9.12171],[-12.86539,9.10952],[-12.85527,9.09573],[-12.84286,9.08814],[-12.83803,9.08263],[-12.83573,9.07941],[-12.83274,9.06975],[-12.83286,9.06044],[-12.83608,9.04826],[-12.84458,9.03447],[-12.84458,9.0209],[-12.84676,9.01537],[-12.84325,9.0138],[-12.83882,9.01454],[-12.83219,9.0197],[-12.82924,9.02487],[-12.82481,9.02782],[-12.81154,9.03224],[-12.79679,9.01602],[-12.78056,9.00422],[-12.78056,8.99979],[-12.77687,8.99979],[-12.77097,8.99463],[-12.76655,8.99315],[-12.76065,8.99389],[-12.75475,8.98652],[-12.74442,8.98209],[-12.74664,8.99242],[-12.75106,8.99684],[-12.7577,8.99979],[-12.75844,9.00717],[-12.74295,9.0197],[-12.73557,9.02265],[-12.72967,9.03372],[-12.73705,9.04552],[-12.7341,9.05289],[-12.72967,9.06174],[-12.71714,9.07354],[-12.71087,9.08387],[-12.70865,9.09198],[-12.69907,9.09935],[-12.69538,9.10747],[-12.69355,9.10747],[-12.69619,9.12079],[-12.6978,9.12286],[-12.70861,9.1247],[-12.71412,9.12952],[-12.71527,9.13343],[-12.70792,9.14975],[-12.71091,9.15297],[-12.70953,9.16056],[-12.71045,9.1663],[-12.7155,9.17274],[-12.72401,9.17941],[-12.7424,9.19021],[-12.75091,9.19228],[-12.75918,9.19159],[-12.76723,9.19642],[-12.76953,9.19504],[-12.77366,9.20401],[-12.78079,9.20148],[-12.78309,9.2047],[-12.78309,9.20975],[-12.78447,9.21067],[-12.79228,9.20952],[-12.80079,9.21205],[-12.8093,9.20975],[-12.81366,9.20516],[-12.81803,9.20309],[-12.82309,9.20217],[-12.83114,9.20309]]]}},{"type":"Feature","properties":{"name":"Masimera","district":"Port Loko"},"geometry":{"type":"Polygon","coordinates":[[[-12.29007,8.57401],[-12.30103,8.5881],[-12.31764,8.59637],[-12.32526,8.60642],[-12.32777,8.61858],[-12.32696,8.63106],[-12.32826,8.63268],[-12.33345,8.63301],[-12.34706,8.62993],[-12.36003,8.63835],[-12.37106,8.63965],[-12.38046,8.64484],[-12.39002,8.64743],[-12.39456,8.65213],[-12.40113,8.66818],[-12.41159,8.67444],[-12.41462,8.67478],[-12.41798,8.67276],[-12.42034,8.66905],[-12.42236,8.6603],[-12.42505,8.65727],[-12.42775,8.65626],[-12.43751,8.65929],[-12.44155,8.65828],[-12.44424,8.65895],[-12.44795,8.66367],[-12.44862,8.6667],[-12.44727,8.67074],[-12.44929,8.67309],[-12.45737,8.66569],[-12.46781,8.66266],[-12.47218,8.64953],[-12.47117,8.64919],[-12.4742,8.64515],[-12.4769,8.64414],[-12.48228,8.64583],[-12.49036,8.64347],[-12.50517,8.64515],[-12.50719,8.64246],[-12.50719,8.63842],[-12.50955,8.63539],[-12.51292,8.63371],[-12.51157,8.62731],[-12.51359,8.6263],[-12.52066,8.62731],[-12.52907,8.62529],[-12.52705,8.62024],[-12.52773,8.6162],[-12.53042,8.61486],[-12.53682,8.6162],[-12.54321,8.62226],[-12.5449,8.62563],[-12.54389,8.6327],[-12.54557,8.63606],[-12.55634,8.63404],[-12.55769,8.63505],[-12.56038,8.64785],[-12.56274,8.65088],[-12.57216,8.6529],[-12.57553,8.64886],[-12.5789,8.64852],[-12.58933,8.65727],[-12.59202,8.65727],[-12.6102,8.65054],[-12.61626,8.64078],[-12.61963,8.63808],[-12.61794,8.6263],[-12.62198,8.62394],[-12.63444,8.62293],[-12.64487,8.61519],[-12.64588,8.6125],[-12.64353,8.60307],[-12.65009,8.59382],[-12.6538,8.59247],[-12.66154,8.5955],[-12.66591,8.5955],[-12.68914,8.59281],[-12.71069,8.59584],[-12.71415,8.59394],[-12.71271,8.59045],[-12.71405,8.58641],[-12.71069,8.58574],[-12.70867,8.58338],[-12.70732,8.58405],[-12.70463,8.58102],[-12.70463,8.57766],[-12.69958,8.57362],[-12.69857,8.57059],[-12.69554,8.57025],[-12.69587,8.56184],[-12.70059,8.55982],[-12.69924,8.55106],[-12.69655,8.54938],[-12.69722,8.54568],[-12.69453,8.54635],[-12.69486,8.54197],[-12.68712,8.54332],[-12.6851,8.54231],[-12.6851,8.54096],[-12.6878,8.54063],[-12.68679,8.53693],[-12.68275,8.53659],[-12.68207,8.53356],[-12.68039,8.5339],[-12.67938,8.53188],[-12.67702,8.53221],[-12.67332,8.5275],[-12.67096,8.5312],[-12.66995,8.52986],[-12.67063,8.52784],[-12.66726,8.52413],[-12.66524,8.5238],[-12.66053,8.5275],[-12.65952,8.52548],[-12.66086,8.52245],[-12.65784,8.51807],[-12.65918,8.51437],[-12.64807,8.51168],[-12.64504,8.51875],[-12.64033,8.51504],[-12.63528,8.5174],[-12.62989,8.511],[-12.62586,8.51269],[-12.62384,8.51067],[-12.62148,8.51067],[-12.6134,8.50124],[-12.60599,8.4999],[-12.60148,8.497],[-12.59549,8.49052],[-12.59127,8.48825],[-12.58933,8.48906],[-12.58219,8.48193],[-12.5796,8.4722],[-12.57976,8.46831],[-12.57571,8.46474],[-12.57036,8.46442],[-12.56639,8.45275],[-12.56542,8.44497],[-12.56153,8.44335],[-12.5599,8.43994],[-12.55456,8.43978],[-12.55115,8.43573],[-12.54564,8.43216],[-12.54434,8.43362],[-12.54175,8.43362],[-12.53851,8.43881],[-12.53526,8.44821],[-12.5351,8.45307],[-12.51022,8.45761],[-12.49985,8.46134],[-12.4744,8.47528],[-12.45421,8.48355],[-12.44578,8.48955],[-12.44157,8.49036],[-12.42414,8.48955],[-12.41231,8.49084],[-12.39253,8.497],[-12.3743,8.50559],[-12.33564,8.54288],[-12.33337,8.54417],[-12.33012,8.54401],[-12.32526,8.54109],[-12.32267,8.54109],[-12.31975,8.54709],[-12.30476,8.55568],[-12.30184,8.55552],[-12.29714,8.56119],[-12.29406,8.56914],[-12.29454,8.57108],[-12.29065,8.57254],[-12.29007,8.57401]]]}},{"type":"Feature","properties":{"name":"Marampa","district":"Port Loko"},"geometry":{"type":"Polygon","coordinates":[[[-12.40113,8.66818],[-12.39578,8.66915],[-12.38978,8.66818],[-12.38832,8.67013],[-12.38848,8.67353],[-12.3914,8.68034],[-12.38524,8.68812],[-12.38362,8.69266],[-12.38508,8.7006],[-12.37827,8.70725],[-12.37697,8.70563],[-12.37713,8.70109],[-12.3747,8.69817],[-12.36741,8.69331],[-12.36384,8.69282],[-12.35152,8.69704],[-12.33653,8.70822],[-12.33426,8.71049],[-12.3341,8.71941],[-12.33231,8.71941],[-12.32534,8.71017],[-12.31918,8.70709],[-12.31627,8.70968],[-12.31383,8.71616],[-12.3234,8.72135],[-12.32421,8.72378],[-12.32046,8.73014],[-12.32401,8.73268],[-12.33084,8.73234],[-12.33665,8.73542],[-12.34741,8.7484],[-12.3647,8.76235],[-12.36783,8.75961],[-12.37119,8.75893],[-12.38028,8.74816],[-12.38836,8.75186],[-12.40385,8.75321],[-12.41462,8.75658],[-12.42775,8.74985],[-12.43583,8.73907],[-12.43987,8.73941],[-12.44963,8.73268],[-12.4604,8.72897],[-12.46276,8.72864],[-12.4742,8.73335],[-12.48026,8.73402],[-12.48228,8.73571],[-12.49911,8.73739],[-12.50181,8.73571],[-12.50147,8.7246],[-12.5045,8.72258],[-12.51594,8.72359],[-12.51729,8.7145],[-12.51931,8.71046],[-12.53042,8.71012],[-12.53171,8.70722],[-12.53853,8.70515],[-12.53997,8.70263],[-12.556,8.70272],[-12.56863,8.70423],[-12.57267,8.70558],[-12.57805,8.71265],[-12.58142,8.71399],[-12.59455,8.7049],[-12.63023,8.69851],[-12.64185,8.68488],[-12.64891,8.68656],[-12.65329,8.68925],[-12.67383,8.68959],[-12.67753,8.68588],[-12.67988,8.68723],[-12.68325,8.68656],[-12.68562,8.68824],[-12.69268,8.68656],[-12.70008,8.69026],[-12.70816,8.68858],[-12.71355,8.68521],[-12.72062,8.68824],[-12.72802,8.68555],[-12.7324,8.67848],[-12.74048,8.67511],[-12.74317,8.67612],[-12.75293,8.67006],[-12.75361,8.66636],[-12.75024,8.66367],[-12.75159,8.6603],[-12.75091,8.65727],[-12.75495,8.65559],[-12.75596,8.6529],[-12.75529,8.64852],[-12.7563,8.64145],[-12.75529,8.6364],[-12.75832,8.63034],[-12.7627,8.63068],[-12.76539,8.6263],[-12.77162,8.62041],[-12.77162,8.61401],[-12.77465,8.60863],[-12.7733,8.59213],[-12.76993,8.58978],[-12.76758,8.5918],[-12.75681,8.5955],[-12.75142,8.59516],[-12.74603,8.59247],[-12.73694,8.59314],[-12.72617,8.60021],[-12.72281,8.59988],[-12.71439,8.59382],[-12.71069,8.59584],[-12.68914,8.59281],[-12.66154,8.5955],[-12.6538,8.59247],[-12.65009,8.59382],[-12.64353,8.60307],[-12.64588,8.6125],[-12.64487,8.61519],[-12.63444,8.62293],[-12.62198,8.62394],[-12.61794,8.6263],[-12.61963,8.63808],[-12.61626,8.64078],[-12.6102,8.65054],[-12.59202,8.65727],[-12.58933,8.65727],[-12.5789,8.64852],[-12.57553,8.64886],[-12.57216,8.6529],[-12.56274,8.65088],[-12.56038,8.64785],[-12.55769,8.63505],[-12.55634,8.63404],[-12.54557,8.63606],[-12.54389,8.6327],[-12.5449,8.62563],[-12.54321,8.62226],[-12.53682,8.6162],[-12.53042,8.61486],[-12.52773,8.6162],[-12.52705,8.62024],[-12.52907,8.62529],[-12.52066,8.62731],[-12.51359,8.6263],[-12.51157,8.62731],[-12.51292,8.63371],[-12.50955,8.63539],[-12.50719,8.63842],[-12.50719,8.64246],[-12.50517,8.64515],[-12.49036,8.64347],[-12.48228,8.64583],[-12.4769,8.64414],[-12.4742,8.64515],[-12.47117,8.64919],[-12.47218,8.64953],[-12.46781,8.66266],[-12.45737,8.66569],[-12.44929,8.67309],[-12.44727,8.67074],[-12.44862,8.6667],[-12.44795,8.66367],[-12.44424,8.65895],[-12.44155,8.65828],[-12.43751,8.65929],[-12.42775,8.65626],[-12.42505,8.65727],[-12.42236,8.6603],[-12.42034,8.66905],[-12.41798,8.67276],[-12.41462,8.67478],[-12.41159,8.67444],[-12.40113,8.66818]]]}},{"type":"Feature","properties":{"name":"Mandu","district":"Kailahun"},"geometry":{"type":"Polygon","coordinates":[[[-10.7747,8.08396],[-10.7747,8.08214],[-10.78326,8.07437],[-10.78507,8.064],[-10.78481,8.05415],[-10.78637,8.05155],[-10.78922,8.04974],[-10.79441,8.05],[-10.80089,8.04741],[-10.80322,8.03781],[-10.8119,8.0294],[-10.80916,8.02793],[-10.80747,8.02053],[-10.80049,8.02137],[-10.79625,8.01058],[-10.79266,8.00698],[-10.78737,8.00487],[-10.78398,8.0],[-10.79947,7.96673],[-10.79981,7.95725],[-10.8098,7.93998],[-10.81462,7.93541],[-10.81903,7.92559],[-10.82038,7.91526],[-10.81754,7.89002],[-10.81534,7.88993],[-10.81032,7.89516],[-10.8076,7.89411],[-10.80133,7.89997],[-10.79463,7.89746],[-10.78961,7.9006],[-10.78752,7.90018],[-10.78418,7.90645],[-10.78167,7.90687],[-10.77937,7.91252],[-10.77539,7.9121],[-10.77079,7.91754],[-10.76661,7.91838],[-10.76012,7.92653],[-10.75573,7.92758],[-10.74642,7.93385],[-10.73701,7.93699],[-10.73011,7.93783],[-10.72802,7.93574],[-10.7253,7.92361],[-10.71191,7.89913],[-10.70869,7.89031],[-10.70501,7.88613],[-10.70116,7.88579],[-10.68895,7.8888],[-10.68493,7.89114],[-10.68075,7.89583],[-10.67766,7.8969],[-10.67922,7.89799],[-10.67372,7.90286],[-10.6733,7.91619],[-10.6843,7.92974],[-10.68938,7.94032],[-10.69181,7.95005],[-10.69139,7.95746],[-10.70261,7.97376],[-10.70515,7.98751],[-10.70113,7.99725],[-10.69996,8.00868],[-10.70335,8.02328],[-10.69811,8.0339],[-10.69901,8.03355],[-10.70354,8.04222],[-10.70785,8.03802],[-10.7108,8.04196],[-10.71698,8.04169],[-10.71338,8.04819],[-10.71442,8.05443],[-10.71767,8.05674],[-10.72078,8.05518],[-10.72441,8.05803],[-10.72726,8.05311],[-10.73608,8.05544],[-10.73193,8.06063],[-10.73349,8.06477],[-10.73245,8.06789],[-10.73556,8.07048],[-10.73919,8.06374],[-10.74204,8.06763],[-10.73815,8.07488],[-10.74385,8.08111],[-10.74878,8.08422],[-10.75811,8.08344],[-10.76356,8.08862],[-10.76641,8.08577],[-10.7747,8.08396]]]}},{"type":"Feature","properties":{"name":"Mambolo","district":"Kambia"},"geometry":{"type":"Polygon","coordinates":[[[-13.08479,8.92773],[-13.08581,8.92419],[-13.09235,8.9241],[-13.10918,8.92801],[-13.11692,8.92168],[-13.12388,8.91248],[-13.12812,8.91065],[-13.13937,8.89741],[-13.14832,8.89212],[-13.15773,8.89145],[-13.16589,8.89412],[-13.17897,8.89603],[-13.17997,8.89553],[-13.1793,8.89104],[-13.19337,8.89312],[-13.19912,8.89104],[-13.19929,8.88829],[-13.19596,8.88554],[-13.18521,8.88321],[-13.16548,8.87188],[-13.146,8.85303],[-13.13567,8.84934],[-13.11723,8.84639],[-13.09732,8.84639],[-13.08404,8.84787],[-13.07446,8.84492],[-13.05602,8.84492],[-13.04643,8.84787],[-13.01988,8.85229],[-13.01398,8.85524],[-12.99776,8.85303],[-12.96309,8.8368],[-12.95351,8.83754],[-12.93212,8.84344],[-12.92179,8.84418],[-12.91294,8.84787],[-12.91405,8.89285],[-12.9229,8.90244],[-12.92967,8.91229],[-12.93746,8.91424],[-12.95424,8.92228],[-12.96389,8.92366],[-12.97263,8.92688],[-12.97677,8.93102],[-12.99619,8.94286],[-13.00296,8.94874],[-13.01067,8.94562],[-13.02585,8.93343],[-13.04194,8.92608],[-13.05734,8.92125],[-13.08479,8.92773]]]}},{"type":"Feature","properties":{"name":"Malen","district":"Pujehun"},"geometry":{"type":"Polygon","coordinates":[[[-11.71606,7.6335],[-11.71542,7.63429],[-11.7211,7.6416],[-11.72232,7.64729],[-11.71907,7.65663],[-11.71907,7.66597],[-11.73248,7.6676],[-11.74304,7.66313],[-11.74344,7.65704],[-11.7406,7.65257],[-11.74466,7.64566],[-11.74629,7.63754],[-11.75075,7.63429],[-11.75522,7.62739],[-11.76903,7.6022],[-11.79219,7.58555],[-11.79787,7.59408],[-11.80315,7.59123],[-11.80721,7.58514],[-11.81331,7.58392],[-11.82671,7.58474],[-11.83971,7.57377],[-11.84804,7.56118],[-11.84113,7.55224],[-11.82854,7.5433],[-11.82407,7.53843],[-11.82163,7.53071],[-11.82366,7.52828],[-11.83341,7.52828],[-11.83748,7.53031],[-11.846,7.5299],[-11.85169,7.53599],[-11.85738,7.53965],[-11.86225,7.53884],[-11.87159,7.52909],[-11.86713,7.52056],[-11.85982,7.51284],[-11.85738,7.50715],[-11.86225,7.48725],[-11.86956,7.48319],[-11.88012,7.48075],[-11.8854,7.48075],[-11.89485,7.48486],[-11.8899,7.48228],[-11.88844,7.47588],[-11.8899,7.47108],[-11.88735,7.46439],[-11.89375,7.46061],[-11.89419,7.44738],[-11.89564,7.44127],[-11.89841,7.43952],[-11.89433,7.43676],[-11.89128,7.43036],[-11.88633,7.42716],[-11.88393,7.42323],[-11.88612,7.42134],[-11.88437,7.41945],[-11.8803,7.41829],[-11.88068,7.41664],[-11.88465,7.41465],[-11.88494,7.41267],[-11.88096,7.40784],[-11.88579,7.40869],[-11.88636,7.40272],[-11.88863,7.40102],[-11.88664,7.39903],[-11.88437,7.39903],[-11.88352,7.3942],[-11.88039,7.39505],[-11.87812,7.39392],[-11.88025,7.37971],[-11.88906,7.36437],[-11.89161,7.35301],[-11.88849,7.34875],[-11.88532,7.3501],[-11.86535,7.373],[-11.85063,7.3838],[-11.82903,7.40867],[-11.81823,7.40933],[-11.80776,7.41194],[-11.78354,7.427],[-11.77602,7.43485],[-11.7734,7.44336],[-11.77373,7.45056],[-11.78354,7.46725],[-11.78191,7.47608],[-11.77798,7.48165],[-11.77913,7.48803],[-11.77585,7.49621],[-11.77095,7.50275],[-11.76833,7.50373],[-11.76047,7.50308],[-11.75622,7.51061],[-11.75262,7.5129],[-11.74967,7.52697],[-11.74542,7.53548],[-11.73429,7.53875],[-11.73462,7.54366],[-11.7232,7.55281],[-11.72557,7.55833],[-11.74019,7.57824],[-11.74182,7.58636],[-11.72963,7.60789],[-11.72679,7.61804],[-11.72273,7.62535],[-11.71606,7.6335]]]}},{"type":"Feature","properties":{"name":"Malema","district":"Kailahun"},"geometry":{"type":"Polygon","coordinates":[[[-10.85611,7.64672],[-10.83963,7.64236],[-10.83391,7.63878],[-10.82683,7.62574],[-10.81044,7.61416],[-10.80367,7.61635],[-10.79318,7.61526],[-10.79077,7.62028],[-10.78762,7.62241],[-10.78378,7.62924],[-10.77567,7.6365],[-10.77482,7.64204],[-10.77567,7.65357],[-10.76799,7.64631],[-10.76244,7.65613],[-10.75604,7.65954],[-10.74708,7.66168],[-10.75092,7.66765],[-10.73854,7.68259],[-10.73427,7.68174],[-10.73257,7.68814],[-10.72659,7.68686],[-10.72702,7.69497],[-10.71699,7.7035],[-10.71955,7.70692],[-10.71443,7.70777],[-10.71571,7.71204],[-10.70931,7.71289],[-10.71016,7.71844],[-10.70589,7.72228],[-10.7076,7.72868],[-10.69821,7.73679],[-10.69522,7.73466],[-10.69522,7.73978],[-10.69053,7.73978],[-10.69095,7.74277],[-10.68925,7.74448],[-10.68498,7.74234],[-10.67858,7.75045],[-10.67474,7.74704],[-10.6726,7.74874],[-10.66919,7.74874],[-10.66961,7.75173],[-10.66108,7.75344],[-10.65766,7.76539],[-10.65425,7.76069],[-10.65041,7.76539],[-10.64486,7.76624],[-10.64358,7.77008],[-10.63632,7.76667],[-10.6295,7.76667],[-10.62395,7.77051],[-10.61541,7.77136],[-10.60688,7.77521],[-10.60592,7.86858],[-10.64557,7.86963],[-10.66187,7.89059],[-10.67766,7.8969],[-10.68075,7.89583],[-10.68493,7.89114],[-10.68895,7.8888],[-10.70116,7.88579],[-10.70501,7.88613],[-10.70869,7.89031],[-10.71191,7.89913],[-10.72384,7.92047],[-10.72802,7.93574],[-10.73011,7.93783],[-10.73701,7.93699],[-10.74642,7.93385],[-10.75573,7.92758],[-10.76012,7.92653],[-10.76661,7.91838],[-10.77079,7.91754],[-10.77539,7.9121],[-10.77937,7.91252],[-10.78167,7.90687],[-10.78418,7.90645],[-10.78752,7.90018],[-10.78961,7.9006],[-10.79463,7.89746],[-10.80133,7.89997],[-10.8076,7.89411],[-10.81032,7.89516],[-10.81534,7.88993],[-10.81754,7.89002],[-10.82876,7.86684],[-10.83968,7.83417],[-10.84578,7.82773],[-10.86067,7.81639],[-10.8721,7.80217],[-10.87854,7.79658],[-10.8804,7.7915],[-10.88751,7.78439],[-10.90021,7.77576],[-10.90596,7.76577],[-10.91103,7.7617],[-10.90877,7.76057],[-10.90834,7.74702],[-10.91424,7.74112],[-10.91817,7.73369],[-10.92429,7.72714],[-10.92779,7.71949],[-10.93161,7.70376],[-10.93139,7.68606],[-10.9268,7.68059],[-10.91806,7.67491],[-10.91282,7.65109],[-10.88976,7.65153],[-10.86682,7.64913],[-10.85611,7.64672]]]}},{"type":"Feature","properties":{"name":"Malegohun","district":"Kenema"},"geometry":{"type":"Polygon","coordinates":[[[-10.85533,8.39152],[-10.86264,8.39154],[-10.88333,8.38428],[-10.88691,8.37995],[-10.89407,8.3747],[-10.9019,8.3762],[-10.9069,8.37986],[-10.91089,8.38094],[-10.92256,8.37938],[-10.92416,8.37569],[-10.92479,8.3608],[-10.92652,8.35683],[-10.93099,8.35087],[-10.93571,8.34665],[-10.94538,8.34119],[-10.95407,8.33176],[-10.95606,8.32456],[-10.95556,8.31761],[-10.94836,8.31166],[-10.94787,8.30744],[-10.95246,8.30272],[-10.95692,8.28833],[-10.95494,8.28411],[-10.94873,8.2861],[-10.94774,8.27443],[-10.94576,8.26872],[-10.93434,8.25458],[-10.92367,8.23795],[-10.94216,8.2171],[-10.94092,8.19973],[-10.94687,8.18434],[-10.94663,8.17441],[-10.93432,8.17177],[-10.93408,8.16887],[-10.93054,8.16781],[-10.93196,8.16571],[-10.92727,8.15907],[-10.92987,8.1587],[-10.93048,8.15642],[-10.93276,8.15516],[-10.94159,8.15543],[-10.94084,8.15753],[-10.94423,8.16328],[-10.94827,8.16429],[-10.96045,8.16204],[-10.96052,8.16498],[-10.96958,8.15878],[-10.97951,8.14835],[-10.98596,8.14364],[-10.98795,8.14091],[-10.9882,8.13222],[-10.99117,8.11981],[-11.00085,8.10145],[-11.00259,8.09276],[-11.00185,8.07737],[-10.99961,8.07365],[-10.99614,8.07961],[-10.9939,8.07837],[-10.99142,8.07986],[-10.98968,8.07911],[-10.98522,8.0806],[-10.97924,8.08031],[-10.97321,8.08392],[-10.96719,8.08103],[-10.96034,8.08595],[-10.95073,8.08704],[-10.94505,8.09054],[-10.94046,8.10081],[-10.9374,8.1019],[-10.93871,8.10452],[-10.93325,8.11261],[-10.9291,8.11698],[-10.92494,8.11873],[-10.92178,8.1231],[-10.91719,8.12441],[-10.91369,8.12943],[-10.9067,8.13402],[-10.90451,8.13883],[-10.90735,8.14298],[-10.90582,8.14342],[-10.90408,8.14713],[-10.90014,8.14757],[-10.89861,8.15697],[-10.89643,8.15697],[-10.8914,8.16352],[-10.889,8.16265],[-10.88856,8.16461],[-10.89009,8.16614],[-10.88747,8.16811],[-10.889,8.1703],[-10.88725,8.17139],[-10.88834,8.17379],[-10.89271,8.1751],[-10.88943,8.18122],[-10.89096,8.1821],[-10.88998,8.18384],[-10.89086,8.18603],[-10.88976,8.18821],[-10.88801,8.18821],[-10.88889,8.19127],[-10.88561,8.19302],[-10.88517,8.19652],[-10.88845,8.20133],[-10.88627,8.20548],[-10.88408,8.20526],[-10.88386,8.20744],[-10.87753,8.21225],[-10.87534,8.2116],[-10.87403,8.21422],[-10.87556,8.21662],[-10.87403,8.21815],[-10.87512,8.22143],[-10.87053,8.22493],[-10.87381,8.22908],[-10.87075,8.22973],[-10.8725,8.23192],[-10.86966,8.23913],[-10.86573,8.2435],[-10.86452,8.25202],[-10.85775,8.25836],[-10.86059,8.25989],[-10.85819,8.26142],[-10.85906,8.26513],[-10.85709,8.26688],[-10.85513,8.27322],[-10.85731,8.27387],[-10.85709,8.2813],[-10.85862,8.28327],[-10.86234,8.28262],[-10.86889,8.2931],[-10.87982,8.28983],[-10.88332,8.29136],[-10.88834,8.28895],[-10.89905,8.28873],[-10.9032,8.28633],[-10.90626,8.28655],[-10.9067,8.29092],[-10.90342,8.29463],[-10.90014,8.30184],[-10.88211,8.31823],[-10.87774,8.32523],[-10.87359,8.32829],[-10.86835,8.33725],[-10.87119,8.33637],[-10.87272,8.34271],[-10.87097,8.35626],[-10.87425,8.36675],[-10.87337,8.37002],[-10.86605,8.37527],[-10.86409,8.38248],[-10.85644,8.38882],[-10.85533,8.39152]]]}},{"type":"Feature","properties":{"name":"Malal Mara","district":"Tonkolili"},"geometry":{"type":"Polygon","coordinates":[[[-12.29028,8.57453],[-12.28753,8.57621],[-12.28084,8.57679],[-12.27929,8.57854],[-12.27813,8.586],[-12.28205,8.59836],[-12.27953,8.60378],[-12.27391,8.60727],[-12.27323,8.61115],[-12.26955,8.6158],[-12.26936,8.6188],[-12.2618,8.62927],[-12.25715,8.62491],[-12.2554,8.61696],[-12.24503,8.625],[-12.24106,8.62365],[-12.23878,8.62098],[-12.23898,8.61594],[-12.24314,8.61207],[-12.24324,8.60994],[-12.24053,8.60286],[-12.23811,8.60083],[-12.20739,8.60354],[-12.20235,8.60635],[-12.19954,8.60645],[-12.19934,8.59947],[-12.19653,8.5954],[-12.19469,8.5954],[-12.19082,8.59763],[-12.18946,8.60771],[-12.18154,8.61341],[-12.18117,8.6163],[-12.1849,8.61845],[-12.18565,8.6205],[-12.18472,8.6233],[-12.18332,8.6233],[-12.17669,8.61714],[-12.17389,8.61724],[-12.16886,8.62377],[-12.16554,8.63305],[-12.14894,8.63855],[-12.1278,8.64215],[-12.12528,8.64439],[-12.12188,8.65927],[-12.11472,8.66392],[-12.11857,8.6746],[-12.12156,8.67759],[-12.12625,8.69125],[-12.12924,8.69382],[-12.13565,8.70449],[-12.14291,8.70492],[-12.15359,8.70919],[-12.16128,8.71645],[-12.17469,8.73781],[-12.18118,8.74225],[-12.18596,8.73917],[-12.19109,8.73337],[-12.19587,8.72516],[-12.19895,8.72311],[-12.2051,8.72277],[-12.20988,8.72892],[-12.21364,8.72892],[-12.22047,8.7238],[-12.2215,8.72106],[-12.22047,8.71457],[-12.22594,8.71457],[-12.24063,8.72141],[-12.2461,8.72653],[-12.25293,8.7402],[-12.25874,8.74669],[-12.26182,8.74396],[-12.26319,8.73952],[-12.26216,8.72653],[-12.26455,8.71765],[-12.26968,8.71286],[-12.27822,8.71081],[-12.28027,8.71355],[-12.28095,8.71799],[-12.27924,8.72072],[-12.27241,8.72277],[-12.2707,8.73029],[-12.27173,8.74054],[-12.26592,8.74703],[-12.26797,8.75045],[-12.27344,8.7525],[-12.27822,8.75182],[-12.28437,8.74567],[-12.28744,8.74464],[-12.29325,8.74874],[-12.29701,8.75933],[-12.30077,8.76104],[-12.30419,8.76104],[-12.30624,8.75831],[-12.30795,8.75455],[-12.31068,8.73815],[-12.31375,8.73302],[-12.32046,8.73014],[-12.32421,8.72378],[-12.3234,8.72135],[-12.31383,8.71616],[-12.31627,8.70968],[-12.31918,8.70709],[-12.32534,8.71017],[-12.33231,8.71941],[-12.3341,8.71941],[-12.33426,8.71049],[-12.33653,8.70822],[-12.35152,8.69704],[-12.36384,8.69282],[-12.36741,8.69331],[-12.3747,8.69817],[-12.37713,8.70109],[-12.37697,8.70563],[-12.37827,8.70725],[-12.38508,8.7006],[-12.38362,8.69266],[-12.38524,8.68812],[-12.3914,8.68034],[-12.38848,8.67353],[-12.38832,8.67013],[-12.38978,8.66818],[-12.39578,8.66915],[-12.40113,8.66818],[-12.39456,8.65213],[-12.39002,8.64743],[-12.38046,8.64484],[-12.37106,8.63965],[-12.36003,8.63835],[-12.34706,8.62993],[-12.33345,8.63301],[-12.32826,8.63268],[-12.32696,8.63106],[-12.32777,8.61858],[-12.32526,8.60642],[-12.31764,8.59637],[-12.30103,8.5881],[-12.29028,8.57453]]]}},{"type":"Feature","properties":{"name":"Makpele","district":"Pujehun"},"geometry":{"type":"Polygon","coordinates":[[[-11.14568,7.34175],[-11.16755,7.3498],[-11.25061,7.3762],[-11.28752,7.39746],[-11.31426,7.41684],[-11.31837,7.40785],[-11.32754,7.39902],[-11.33212,7.39705],[-11.34848,7.39542],[-11.35928,7.38953],[-11.3668,7.38756],[-11.37269,7.38102],[-11.37302,7.37644],[-11.37171,7.37382],[-11.36779,7.3712],[-11.34979,7.35255],[-11.35241,7.35124],[-11.35601,7.3447],[-11.35601,7.33324],[-11.36026,7.33161],[-11.36451,7.32015],[-11.37368,7.31295],[-11.39756,7.30903],[-11.41196,7.30477],[-11.42207,7.3064],[-11.42374,7.28677],[-11.43225,7.27925],[-11.42374,7.27172],[-11.42407,7.27041],[-11.43225,7.26812],[-11.43356,7.26419],[-11.43258,7.25634],[-11.43192,7.2547],[-11.42014,7.25307],[-11.41033,7.25536],[-11.40902,7.2547],[-11.41556,7.24423],[-11.41818,7.23638],[-11.40902,7.23376],[-11.39658,7.23278],[-11.39069,7.23049],[-11.38317,7.23049],[-11.37204,7.239],[-11.36517,7.23998],[-11.35273,7.23867],[-11.34553,7.23965],[-11.33375,7.23802],[-11.3295,7.23867],[-11.32492,7.23671],[-11.3187,7.23213],[-11.32132,7.2318],[-11.31837,7.22853],[-11.31837,7.22722],[-11.32066,7.22722],[-11.32132,7.22165],[-11.31805,7.21805],[-11.31837,7.21216],[-11.31379,7.2066],[-11.30927,7.20427],[-11.31153,7.20868],[-11.31034,7.21082],[-11.30308,7.21427],[-11.30189,7.21201],[-11.30296,7.20808],[-11.30166,7.20558],[-11.29357,7.2063],[-11.28964,7.20344],[-11.29713,7.19868],[-11.29452,7.19583],[-11.28678,7.20094],[-11.28619,7.21439],[-11.2806,7.21712],[-11.27992,7.22329],[-11.27251,7.23223],[-11.27465,7.23699],[-11.27382,7.23949],[-11.27024,7.24116],[-11.26644,7.23687],[-11.26703,7.23295],[-11.26275,7.23152],[-11.25757,7.23219],[-11.25323,7.23116],[-11.24966,7.23271],[-11.24241,7.24437],[-11.23372,7.25198],[-11.22182,7.24627],[-11.21568,7.25144],[-11.20957,7.25151],[-11.20196,7.2546],[-11.19692,7.26082],[-11.18756,7.2615],[-11.18292,7.26459],[-11.18006,7.26864],[-11.18042,7.2728],[-11.18304,7.27578],[-11.17638,7.28601],[-11.18102,7.29029],[-11.1809,7.29303],[-11.17328,7.29612],[-11.17197,7.30504],[-11.1671,7.30731],[-11.1615,7.30754],[-11.15782,7.31218],[-11.15289,7.31424],[-11.14898,7.32034],[-11.14278,7.32434],[-11.14431,7.33721],[-11.14327,7.34084],[-11.14568,7.34175]]]}},{"type":"Feature","properties":{"name":"Makeni Town","district":"Bombali"},"geometry":{"type":"Polygon","coordinates":[[[-12.02913,8.89421],[-12.02769,8.89609],[-12.03179,8.8985],[-12.03663,8.8973],[-12.0358,8.90224],[-12.04363,8.90568],[-12.05423,8.89183],[-12.05935,8.89897],[-12.0634,8.89261],[-12.06303,8.85972],[-12.03409,8.85978],[-12.02182,8.86862],[-12.02494,8.8738],[-12.03123,8.87865],[-12.02781,8.88697],[-12.03418,8.88872],[-12.03429,8.89055],[-12.02913,8.89421]]]}},{"type":"Feature","properties":{"name":"Makari Gbanti","district":"Karene"},"geometry":{"type":"Polygon","coordinates":[[[-12.06675,8.98241],[-12.06736,8.97284],[-12.0648,8.96955],[-12.0679,8.96572],[-12.06991,8.96535],[-12.06937,8.96974],[-12.07074,8.97028],[-12.07238,8.96992],[-12.07603,8.96499],[-12.07841,8.96736],[-12.08206,8.96736],[-12.08499,8.96608],[-12.08645,8.96115],[-12.08846,8.95932],[-12.09138,8.96042],[-12.09412,8.9575],[-12.09595,8.9575],[-12.09558,8.9617],[-12.10216,8.96352],[-12.10216,8.96681],[-12.1038,8.96736],[-12.1091,8.9648],[-12.11568,8.96773],[-12.12417,8.96901],[-12.12545,8.96846],[-12.12582,8.96517],[-12.12728,8.96371],[-12.1302,8.96389],[-12.13203,8.95969],[-12.13477,8.95951],[-12.13879,8.96298],[-12.14116,8.96005],[-12.1408,8.95786],[-12.14537,8.95476],[-12.14902,8.96115],[-12.1503,8.96115],[-12.15121,8.95859],[-12.15688,8.95932],[-12.1598,8.95841],[-12.16363,8.95311],[-12.16327,8.9458],[-12.17058,8.93484],[-12.17405,8.93174],[-12.17688,8.93265],[-12.17578,8.94763],[-12.17816,8.94891],[-12.18327,8.94745],[-12.18857,8.94014],[-12.19314,8.93722],[-12.201,8.94361],[-12.21324,8.9427],[-12.21342,8.94142],[-12.20995,8.93813],[-12.20721,8.93301],[-12.2052,8.92735],[-12.20556,8.92406],[-12.21177,8.92607],[-12.21707,8.92406],[-12.22438,8.92991],[-12.22749,8.92954],[-12.23214,8.92662],[-12.23324,8.92936],[-12.23178,8.93155],[-12.23269,8.93356],[-12.2358,8.93411],[-12.24073,8.93137],[-12.24731,8.92406],[-12.24512,8.91785],[-12.25133,8.91274],[-12.26156,8.91347],[-12.2696,8.91036],[-12.27288,8.91073],[-12.27727,8.91438],[-12.27964,8.92772],[-12.27124,8.92826],[-12.2696,8.92973],[-12.26412,8.92954],[-12.26211,8.93429],[-12.27406,8.94484],[-12.27684,8.94586],[-12.28579,8.92348],[-12.28096,8.90879],[-12.28221,8.90647],[-12.30549,8.89142],[-12.31301,8.8925],[-12.31713,8.90843],[-12.33996,8.90754],[-12.34515,8.90557],[-12.34873,8.90253],[-12.3526,8.90268],[-12.34965,8.89566],[-12.34416,8.88883],[-12.34093,8.86572],[-12.33257,8.85797],[-12.32458,8.84082],[-12.3199,8.83553],[-12.31717,8.8246],[-12.31922,8.81537],[-12.3264,8.80102],[-12.33289,8.7976],[-12.33733,8.79316],[-12.3428,8.79282],[-12.35476,8.79829],[-12.35817,8.79863],[-12.36569,8.79248],[-12.3703,8.79077],[-12.37201,8.78393],[-12.37099,8.77471],[-12.36723,8.76446],[-12.34741,8.7484],[-12.33665,8.73542],[-12.33084,8.73234],[-12.32401,8.73268],[-12.32093,8.72995],[-12.31375,8.73302],[-12.31068,8.73815],[-12.30795,8.75455],[-12.30419,8.76104],[-12.29701,8.75933],[-12.29325,8.74874],[-12.28744,8.74464],[-12.28437,8.74567],[-12.27822,8.75182],[-12.27344,8.7525],[-12.26797,8.75045],[-12.26592,8.74703],[-12.27173,8.74054],[-12.2707,8.73029],[-12.27241,8.72277],[-12.27924,8.72072],[-12.28095,8.71799],[-12.28027,8.71355],[-12.27822,8.71081],[-12.26968,8.71286],[-12.26455,8.71765],[-12.26216,8.72653],[-12.26319,8.73952],[-12.26182,8.74396],[-12.25874,8.74669],[-12.25293,8.7402],[-12.2461,8.72653],[-12.24063,8.72141],[-12.23004,8.7156],[-12.22047,8.71457],[-12.2215,8.72106],[-12.22047,8.7238],[-12.2174,8.72653],[-12.21364,8.72892],[-12.20988,8.72892],[-12.2051,8.72277],[-12.19895,8.72311],[-12.19587,8.72516],[-12.19109,8.73337],[-12.18596,8.73917],[-12.18099,8.74215],[-12.18108,8.74904],[-12.17852,8.76293],[-12.17578,8.76804],[-12.16939,8.77444],[-12.16208,8.77261],[-12.15697,8.77426],[-12.15222,8.77206],[-12.14911,8.77298],[-12.14747,8.77499],[-12.13952,8.77645],[-12.13367,8.78376],[-12.11687,8.79965],[-12.10371,8.80824],[-12.09768,8.8234],[-12.09704,8.83235],[-12.09193,8.83838],[-12.09193,8.84459],[-12.08882,8.84569],[-12.08261,8.85099],[-12.07987,8.85683],[-12.07366,8.86323],[-12.06324,8.87025],[-12.0634,8.89261],[-12.05935,8.89897],[-12.05423,8.89183],[-12.04363,8.90568],[-12.0358,8.90224],[-12.03663,8.8973],[-12.03179,8.8985],[-12.02769,8.89609],[-12.02913,8.89421],[-12.01885,8.88241],[-12.0205,8.87857],[-12.01721,8.87181],[-12.01721,8.86871],[-12.02013,8.86597],[-12.02196,8.85702],[-12.02378,8.85446],[-12.01648,8.85373],[-12.01136,8.85829],[-12.00981,8.85811],[-12.00816,8.8625],[-12.00524,8.86341],[-12.00268,8.86962],[-12.00195,8.88204],[-12.0036,8.88716],[-12.00177,8.89045],[-12.00159,8.89556],[-12.0025,8.89885],[-12.01255,8.89885],[-12.01419,8.90177],[-12.01182,8.90433],[-12.00689,8.90451],[-12.00287,8.90799],[-11.99976,8.90835],[-11.99382,8.92132],[-11.99419,8.92534],[-11.99181,8.92845],[-11.98907,8.92881],[-11.98816,8.9321],[-11.99236,8.93649],[-11.9993,8.93758],[-12.0205,8.94617],[-12.02981,8.94599],[-12.03639,8.9522],[-12.04169,8.95348],[-12.04534,8.95859],[-12.05831,8.96206],[-12.05977,8.96955],[-12.05904,8.97576],[-12.05265,8.98526],[-12.05192,8.98874],[-12.05649,8.98782],[-12.06675,8.98241]]]}},{"type":"Feature","properties":{"name":"Magbema","district":"Kambia"},"geometry":{"type":"Polygon","coordinates":[[[-12.83128,9.22234],[-12.84872,9.22205],[-12.86527,9.21814],[-12.86918,9.22044],[-12.87654,9.21998],[-12.89148,9.21424],[-12.89332,9.21493],[-12.89562,9.21263],[-12.90504,9.21194],[-12.90849,9.20826],[-12.90734,9.19768],[-12.91102,9.18711],[-12.91171,9.1809],[-12.9101,9.1763],[-12.90504,9.1724],[-12.90022,9.1724],[-12.8993,9.17079],[-12.90022,9.16619],[-12.90274,9.16136],[-12.90481,9.15998],[-12.91447,9.1586],[-12.91746,9.15447],[-12.91907,9.15079],[-12.91516,9.14182],[-12.91792,9.14044],[-12.92044,9.13585],[-12.92585,9.12171],[-12.93481,9.11803],[-12.94378,9.10975],[-12.94447,9.10539],[-12.94309,9.09297],[-12.95205,9.08745],[-12.95642,9.08079],[-12.96447,9.07734],[-12.96562,9.0755],[-12.95677,9.06228],[-12.95815,9.05998],[-12.95998,9.05745],[-12.96987,9.0547],[-12.977,9.04665],[-12.97401,9.04343],[-12.96849,9.03217],[-12.96918,9.02688],[-12.97608,9.01562],[-12.97654,9.01286],[-12.97516,9.0101],[-12.97263,9.00941],[-12.9701,9.01079],[-12.96228,9.01148],[-12.9593,9.0101],[-12.95631,9.00665],[-12.95516,9.00389],[-12.95895,8.99182],[-12.97228,8.9847],[-12.97642,8.98102],[-12.98838,8.97688],[-12.99205,8.97435],[-12.99734,8.96585],[-12.99803,8.95412],[-13.00309,8.94952],[-13.00286,8.94815],[-12.99619,8.94286],[-12.98539,8.93711],[-12.97263,8.92688],[-12.96389,8.92366],[-12.95424,8.92228],[-12.93079,8.91194],[-12.92967,8.91229],[-12.93101,8.91424],[-12.92511,8.91867],[-12.92069,8.9253],[-12.91184,8.92752],[-12.90446,8.93563],[-12.89635,8.93932],[-12.89561,8.94448],[-12.8816,8.94669],[-12.87717,8.95112],[-12.86685,8.95112],[-12.86242,8.95259],[-12.86242,8.95923],[-12.86611,8.96734],[-12.86464,8.9725],[-12.86169,8.97545],[-12.86169,8.9843],[-12.85652,8.99463],[-12.84989,9.01675],[-12.84676,9.01537],[-12.84458,9.0209],[-12.84458,9.03447],[-12.83608,9.04826],[-12.83286,9.06044],[-12.83274,9.06975],[-12.83573,9.07941],[-12.83803,9.08263],[-12.84286,9.08814],[-12.85527,9.09573],[-12.86539,9.10952],[-12.87205,9.12171],[-12.87217,9.13608],[-12.87516,9.15355],[-12.87424,9.15929],[-12.86596,9.17056],[-12.85769,9.17676],[-12.8393,9.19722],[-12.83114,9.20309],[-12.83458,9.21481],[-12.83068,9.22148],[-12.83128,9.22234]]]}},{"type":"Feature","properties":{"name":"Magbaimba Ndorh","district":"Bombali"},"geometry":{"type":"Polygon","coordinates":[[[-12.18461,9.1849],[-12.17965,9.18366],[-12.18038,9.15974],[-12.17675,9.14911],[-12.16443,9.14718],[-12.16153,9.14548],[-12.16298,9.1421],[-12.15839,9.13848],[-12.15525,9.13944],[-12.15501,9.14307],[-12.15138,9.14693],[-12.15211,9.14887],[-12.14921,9.15346],[-12.148,9.15853],[-12.14389,9.1595],[-12.14124,9.1653],[-12.13761,9.16795],[-12.1323,9.1752],[-12.12022,9.18245],[-12.11538,9.18897],[-12.11587,9.19187],[-12.11852,9.19308],[-12.11611,9.19598],[-12.1178,9.20613],[-12.11297,9.21168],[-12.11224,9.21869],[-12.11393,9.2228],[-12.11418,9.23005],[-12.11095,9.23584],[-12.06223,9.23705],[-12.05389,9.23899],[-12.04882,9.23585],[-12.0464,9.23609],[-12.03819,9.2414],[-12.03626,9.24503],[-12.03312,9.24648],[-12.0278,9.24285],[-12.02418,9.24285],[-12.02031,9.24986],[-12.01499,9.24913],[-12.01524,9.24575],[-12.01185,9.23343],[-12.01378,9.2261],[-12.00563,9.22079],[-11.99696,9.21931],[-11.99548,9.2203],[-11.9987,9.23813],[-11.99498,9.24506],[-11.99374,9.25373],[-11.99981,9.27528],[-11.99882,9.27726],[-11.99411,9.2785],[-11.98792,9.2785],[-11.98545,9.27479],[-11.98198,9.27553],[-11.98024,9.27949],[-11.98148,9.28197],[-11.97876,9.28321],[-11.97678,9.28296],[-11.97455,9.27701],[-11.97306,9.27726],[-11.97083,9.28568],[-11.97207,9.28742],[-11.97133,9.29708],[-11.96935,9.29955],[-11.96959,9.30203],[-11.96712,9.30203],[-11.96117,9.31317],[-11.96068,9.31664],[-11.95672,9.31937],[-11.95672,9.32308],[-11.95077,9.33373],[-11.94929,9.33943],[-11.9452,9.34513],[-11.94346,9.35206],[-11.93876,9.35652],[-11.93752,9.3637],[-11.9348,9.36519],[-11.93331,9.37386],[-11.93727,9.37881],[-11.93901,9.38352],[-11.93925,9.38971],[-11.94124,9.3907],[-11.94842,9.38995],[-11.95461,9.39218],[-11.95956,9.39119],[-11.9613,9.39664],[-11.96402,9.39986],[-11.97368,9.41026],[-11.97665,9.41026],[-11.98446,9.40927],[-11.99312,9.39689],[-11.99362,9.39268],[-11.98941,9.38624],[-11.99213,9.38054],[-11.99139,9.37311],[-11.99312,9.36915],[-11.99783,9.36989],[-11.99857,9.37163],[-12.00922,9.3746],[-12.01195,9.37237],[-12.0112,9.36865],[-12.01442,9.36667],[-12.02086,9.36791],[-12.02161,9.37138],[-12.02557,9.37361],[-12.03696,9.3689],[-12.04563,9.36791],[-12.05517,9.36865],[-12.05938,9.36989],[-12.07176,9.37831],[-12.07622,9.37782],[-12.09034,9.38178],[-12.09529,9.3803],[-12.09628,9.37782],[-12.09554,9.37064],[-12.10074,9.35974],[-12.0995,9.35578],[-12.09356,9.35355],[-12.09603,9.3476],[-12.11213,9.33348],[-12.1161,9.33299],[-12.11956,9.33423],[-12.1338,9.33076],[-12.13479,9.32853],[-12.14074,9.32655],[-12.14277,9.32407],[-12.14124,9.32041],[-12.13858,9.31944],[-12.13689,9.31654],[-12.13278,9.31558],[-12.13012,9.31219],[-12.12988,9.30954],[-12.1335,9.30277],[-12.13761,9.30036],[-12.15078,9.27523],[-12.14691,9.26798],[-12.1486,9.25638],[-12.1486,9.24479],[-12.15054,9.23826],[-12.15212,9.23841],[-12.15307,9.2356],[-12.15694,9.23295],[-12.16298,9.23029],[-12.1753,9.21676],[-12.17482,9.21313],[-12.17651,9.20734],[-12.18593,9.18922],[-12.18617,9.18632],[-12.18461,9.1849]]]}},{"type":"Feature","properties":{"name":"Maforki","district":"Port Loko"},"geometry":{"type":"Polygon","coordinates":[[[-12.68628,8.85184],[-12.69436,8.85555],[-12.70614,8.86632],[-12.70749,8.86935],[-12.70412,8.88214],[-12.70749,8.88046],[-12.71355,8.87979],[-12.71961,8.88147],[-12.72112,8.88231],[-12.72213,8.89039],[-12.72516,8.89174],[-12.72954,8.8914],[-12.73156,8.88803],[-12.73459,8.87322],[-12.74132,8.87086],[-12.74536,8.87322],[-12.75108,8.88029],[-12.77633,8.89275],[-12.78172,8.89679],[-12.78576,8.89679],[-12.78677,8.89443],[-12.77869,8.885],[-12.77566,8.87894],[-12.77734,8.86615],[-12.77902,8.86312],[-12.77498,8.85841],[-12.77734,8.85673],[-12.80494,8.84865],[-12.81471,8.84292],[-12.82178,8.84494],[-12.82581,8.84326],[-12.83255,8.83552],[-12.83591,8.83383],[-12.85039,8.83417],[-12.86099,8.84982],[-12.86402,8.85184],[-12.86941,8.85184],[-12.87311,8.85353],[-12.88085,8.84511],[-12.88388,8.84343],[-12.89062,8.84309],[-12.90139,8.83636],[-12.90644,8.83535],[-12.91469,8.83888],[-12.92075,8.83047],[-12.92849,8.81566],[-12.92882,8.81162],[-12.92344,8.79647],[-12.92478,8.78974],[-12.9231,8.783],[-12.91098,8.76853],[-12.89853,8.77021],[-12.8955,8.76651],[-12.89516,8.76112],[-12.89146,8.75877],[-12.89078,8.7554],[-12.88776,8.75372],[-12.88641,8.74698],[-12.88372,8.74597],[-12.88372,8.74328],[-12.88102,8.74193],[-12.879,8.73722],[-12.87934,8.73184],[-12.87665,8.72881],[-12.87597,8.72376],[-12.87698,8.72308],[-12.87059,8.71702],[-12.879,8.71164],[-12.88355,8.7044],[-12.88355,8.70171],[-12.87883,8.69767],[-12.87513,8.6879],[-12.87984,8.67579],[-12.89062,8.66165],[-12.89331,8.65357],[-12.89365,8.64616],[-12.896,8.64111],[-12.91351,8.62933],[-12.92091,8.61856],[-12.93387,8.59449],[-12.93758,8.59112],[-12.95676,8.58405],[-12.96047,8.58069],[-12.95946,8.57799],[-12.95003,8.57395],[-12.93253,8.55813],[-12.92647,8.5551],[-12.91738,8.55308],[-12.90997,8.5551],[-12.89112,8.56924],[-12.88439,8.57059],[-12.85005,8.56487],[-12.83591,8.55948],[-12.81403,8.55813],[-12.79383,8.5514],[-12.78677,8.55275],[-12.78374,8.55477],[-12.77364,8.5679],[-12.77195,8.58574],[-12.76993,8.58978],[-12.7733,8.59213],[-12.77465,8.60863],[-12.77162,8.61401],[-12.77061,8.62243],[-12.76539,8.6263],[-12.7627,8.63068],[-12.75832,8.63034],[-12.75529,8.6364],[-12.7563,8.64145],[-12.75529,8.64852],[-12.75596,8.6529],[-12.75495,8.65559],[-12.75091,8.65727],[-12.75159,8.6603],[-12.75024,8.66367],[-12.75361,8.66636],[-12.75293,8.67006],[-12.74957,8.67276],[-12.74317,8.67612],[-12.74048,8.67511],[-12.7324,8.67848],[-12.72802,8.68555],[-12.72062,8.68824],[-12.71355,8.68521],[-12.70816,8.68858],[-12.70008,8.69026],[-12.69268,8.68656],[-12.68562,8.68824],[-12.68325,8.68656],[-12.67988,8.68723],[-12.67753,8.68588],[-12.67383,8.68959],[-12.66103,8.68959],[-12.65161,8.68891],[-12.64891,8.68656],[-12.64185,8.68488],[-12.63023,8.69851],[-12.59455,8.7049],[-12.58142,8.71399],[-12.57805,8.71265],[-12.57267,8.70558],[-12.55988,8.70356],[-12.56324,8.715],[-12.56324,8.72106],[-12.56122,8.72982],[-12.5592,8.73285],[-12.5491,8.74059],[-12.5491,8.74362],[-12.55382,8.7517],[-12.55887,8.75641],[-12.5757,8.75978],[-12.58041,8.7554],[-12.58378,8.75776],[-12.58815,8.75473],[-12.60162,8.76079],[-12.60532,8.76045],[-12.60902,8.76348],[-12.61441,8.76281],[-12.61946,8.76987],[-12.62788,8.76886],[-12.6336,8.76954],[-12.63595,8.77391],[-12.64572,8.77223],[-12.65178,8.77627],[-12.6511,8.78031],[-12.65279,8.78065],[-12.6575,8.77829],[-12.65885,8.77459],[-12.66457,8.76853],[-12.6676,8.76954],[-12.66894,8.76752],[-12.67332,8.7692],[-12.67702,8.76651],[-12.67904,8.77021],[-12.68241,8.76853],[-12.68948,8.7692],[-12.69318,8.77425],[-12.68611,8.77896],[-12.68123,8.79361],[-12.68695,8.80068],[-12.6846,8.80169],[-12.6846,8.8064],[-12.68897,8.82087],[-12.6947,8.82761],[-12.68796,8.84141],[-12.68864,8.8441],[-12.68561,8.84915],[-12.68628,8.85184]]]}},{"type":"Feature","properties":{"name":"Mafindor","district":"Kono"},"geometry":{"type":"MultiPolygon","coordinates":[[[[-10.52658,8.64274],[-10.51692,8.63311],[-10.51987,8.61994],[-10.5162,8.61561],[-10.51224,8.61433],[-10.50951,8.62061],[-10.4932,8.62549],[-10.49143,8.62726],[-10.49299,8.63017],[-10.49008,8.63484],[-10.47928,8.64045],[-10.47772,8.64534],[-10.47419,8.64638],[-10.47127,8.64903],[-10.47258,8.65318],[-10.47643,8.65677],[-10.47233,8.66116],[-10.47247,8.66762],[-10.46998,8.67136],[-10.46832,8.67261],[-10.46593,8.66991],[-10.46478,8.67219],[-10.46634,8.67406],[-10.46509,8.67909],[-10.46993,8.68284],[-10.47209,8.68684],[-10.47483,8.68367],[-10.477,8.68309],[-10.47541,8.689],[-10.47608,8.69267],[-10.47434,8.69433],[-10.47546,8.69571],[-10.47696,8.69379],[-10.48597,8.68913],[-10.48804,8.68566],[-10.48926,8.67853],[-10.50838,8.67307],[-10.51309,8.67053],[-10.52442,8.65669],[-10.52658,8.64274]]],[[[-10.48737,8.70495],[-10.48953,8.70728],[-10.49503,8.70595],[-10.49345,8.71228],[-10.49786,8.71111],[-10.49944,8.71245],[-10.49878,8.71619],[-10.49636,8.71736],[-10.49586,8.72394],[-10.50086,8.72644],[-10.50586,8.73601],[-10.50427,8.73951],[-10.50094,8.74068],[-10.49736,8.73976],[-10.4957,8.74143],[-10.49711,8.74318],[-10.50053,8.74351],[-10.50452,8.74118],[-10.50777,8.74309],[-10.5099,8.74238],[-10.51073,8.74047],[-10.51177,8.74126],[-10.50985,8.74751],[-10.5121,8.75267],[-10.51289,8.75954],[-10.52389,8.75873],[-10.52712,8.75698],[-10.53508,8.73882],[-10.5414,8.73452],[-10.54165,8.72547],[-10.54755,8.71832],[-10.54476,8.70868],[-10.546,8.69936],[-10.53705,8.6956],[-10.52988,8.69492],[-10.5292,8.68536],[-10.51964,8.68843],[-10.51281,8.69697],[-10.50769,8.69901],[-10.4978,8.69628],[-10.49336,8.69833],[-10.48737,8.70495]]]]}},{"type":"Feature","properties":{"name":"Lugbu","district":"Bo"},"geometry":{"type":"Polygon","coordinates":[[[-11.91307,7.78555],[-11.92009,7.78225],[-11.92743,7.77647],[-11.93786,7.76461],[-11.93667,7.76296],[-11.9377,7.76092],[-11.93445,7.75899],[-11.9349,7.75734],[-11.9333,7.75619],[-11.93557,7.74956],[-11.93296,7.74612],[-11.93374,7.7397],[-11.92465,7.72553],[-11.92658,7.72048],[-11.93784,7.71027],[-11.94387,7.69938],[-11.94614,7.68289],[-11.95754,7.66764],[-11.96632,7.66569],[-11.97343,7.66029],[-11.9736,7.65436],[-11.97151,7.65046],[-11.97163,7.64651],[-11.97571,7.63747],[-11.98124,7.63544],[-11.99636,7.6398],[-12.00044,7.63893],[-12.00567,7.63326],[-12.00684,7.63006],[-12.00611,7.62613],[-11.99876,7.60402],[-11.99746,7.59515],[-11.96429,7.603],[-11.95411,7.60417],[-11.9522,7.60302],[-11.93784,7.60689],[-11.92517,7.6267],[-11.89874,7.61836],[-11.89731,7.61916],[-11.89659,7.62281],[-11.89314,7.62579],[-11.891,7.62563],[-11.88838,7.62785],[-11.88314,7.62761],[-11.87702,7.6392],[-11.87289,7.64278],[-11.85523,7.64409],[-11.84491,7.64861],[-11.83927,7.64814],[-11.83665,7.65234],[-11.83391,7.65421],[-11.82097,7.65985],[-11.81375,7.66525],[-11.80478,7.66794],[-11.80577,7.67965],[-11.80299,7.69434],[-11.79771,7.7005],[-11.77961,7.70971],[-11.77469,7.71542],[-11.77703,7.72253],[-11.77663,7.72673],[-11.77322,7.73039],[-11.76718,7.73404],[-11.77397,7.74281],[-11.78056,7.74758],[-11.78723,7.75091],[-11.80894,7.75603],[-11.81117,7.75524],[-11.81164,7.7523],[-11.82038,7.7527],[-11.82371,7.75413],[-11.82562,7.75214],[-11.83487,7.75083],[-11.83209,7.74837],[-11.83177,7.74615],[-11.83272,7.74416],[-11.83812,7.74218],[-11.84082,7.74504],[-11.84987,7.74916],[-11.84884,7.75424],[-11.85916,7.75226],[-11.86507,7.74436],[-11.87905,7.74928],[-11.88056,7.75365],[-11.88246,7.75389],[-11.885,7.74984],[-11.88643,7.75],[-11.88691,7.75174],[-11.89485,7.75103],[-11.89501,7.76103],[-11.89917,7.76655],[-11.90346,7.76822],[-11.90378,7.77576],[-11.90767,7.78148],[-11.91307,7.78555]]]}},{"type":"Feature","properties":{"name":"Luawa","district":"Kailahun"},"geometry":{"type":"Polygon","coordinates":[[[-10.60501,8.03967],[-10.60495,8.04067],[-10.59685,8.04153],[-10.59258,8.04409],[-10.57508,8.04878],[-10.56441,8.06244],[-10.56142,8.0714],[-10.55459,8.08207],[-10.54734,8.08463],[-10.54606,8.08847],[-10.54264,8.09061],[-10.54264,8.09445],[-10.53624,8.10085],[-10.53453,8.10811],[-10.53155,8.10853],[-10.53005,8.11622],[-10.52322,8.12176],[-10.52706,8.12603],[-10.52365,8.12945],[-10.51597,8.13329],[-10.49932,8.14566],[-10.48438,8.14695],[-10.48396,8.15036],[-10.47628,8.15036],[-10.47329,8.15377],[-10.46262,8.15804],[-10.45579,8.15633],[-10.44853,8.1589],[-10.44521,8.15613],[-10.42564,8.18916],[-10.42261,8.20631],[-10.41544,8.21564],[-10.39938,8.2317],[-10.38571,8.25709],[-10.38528,8.25991],[-10.38745,8.26186],[-10.38919,8.26078],[-10.39049,8.2623],[-10.39483,8.26186],[-10.39895,8.25882],[-10.39982,8.26034],[-10.40286,8.25991],[-10.40373,8.26208],[-10.4085,8.26208],[-10.40698,8.26729],[-10.40503,8.26924],[-10.39938,8.27076],[-10.39787,8.27575],[-10.39873,8.27835],[-10.4174,8.28313],[-10.4263,8.28942],[-10.44756,8.29789],[-10.45321,8.30223],[-10.45342,8.30787],[-10.45169,8.31134],[-10.44344,8.3185],[-10.44149,8.32176],[-10.43962,8.33182],[-10.44652,8.33913],[-10.44618,8.34218],[-10.45127,8.34422],[-10.45059,8.34693],[-10.45533,8.35032],[-10.45466,8.37406],[-10.45703,8.37643],[-10.46347,8.37542],[-10.47568,8.36389],[-10.47851,8.36422],[-10.4846,8.35992],[-10.48588,8.35522],[-10.49783,8.34284],[-10.50466,8.33943],[-10.50935,8.3326],[-10.53773,8.31382],[-10.54115,8.30742],[-10.54968,8.30955],[-10.55651,8.30486],[-10.55993,8.30998],[-10.56334,8.31084],[-10.56633,8.30614],[-10.5706,8.3087],[-10.57316,8.31468],[-10.57316,8.31937],[-10.57572,8.32705],[-10.57913,8.33132],[-10.5881,8.33815],[-10.60175,8.33559],[-10.6073,8.34028],[-10.61072,8.34028],[-10.61626,8.33687],[-10.63206,8.33858],[-10.63974,8.34114],[-10.64017,8.34541],[-10.64998,8.35138],[-10.65468,8.34839],[-10.65937,8.35095],[-10.66193,8.34967],[-10.66577,8.34071],[-10.67346,8.33346],[-10.6773,8.3151],[-10.67986,8.31638],[-10.68284,8.3151],[-10.68711,8.29376],[-10.68426,8.28236],[-10.68345,8.26737],[-10.68831,8.25927],[-10.69358,8.254],[-10.69451,8.25088],[-10.69216,8.23577],[-10.68163,8.22565],[-10.68041,8.22119],[-10.68204,8.21795],[-10.68811,8.21471],[-10.69378,8.21633],[-10.69743,8.21593],[-10.69824,8.20904],[-10.70026,8.20499],[-10.70431,8.20418],[-10.70634,8.19891],[-10.72092,8.18919],[-10.72497,8.17745],[-10.72902,8.1738],[-10.72821,8.16894],[-10.71606,8.16738],[-10.70121,8.16299],[-10.6892,8.16128],[-10.67073,8.16871],[-10.65778,8.15976],[-10.65111,8.15233],[-10.63844,8.14528],[-10.63558,8.15118],[-10.63044,8.15633],[-10.61216,8.15499],[-10.61273,8.14661],[-10.61158,8.14318],[-10.60911,8.1409],[-10.6112,8.13499],[-10.61939,8.12547],[-10.61901,8.12318],[-10.62263,8.11252],[-10.62406,8.09842],[-10.62158,8.0868],[-10.61244,8.08033],[-10.61054,8.07671],[-10.60768,8.06299],[-10.60758,8.04471],[-10.60501,8.03967]]]}},{"type":"Feature","properties":{"name":"Lower Banta","district":"Moyamba"},"geometry":{"type":"Polygon","coordinates":[[[-12.13661,7.80711],[-12.13913,7.81586],[-12.1383,7.8259],[-12.13495,7.83895],[-12.13579,7.8433],[-12.14449,7.85033],[-12.147,7.85552],[-12.14666,7.86087],[-12.14491,7.86438],[-12.1357,7.8766],[-12.13821,7.89199],[-12.13386,7.90404],[-12.1357,7.90956],[-12.13294,7.92328],[-12.13662,7.94303],[-12.13994,7.94497],[-12.15066,7.94005],[-12.15087,7.93694],[-12.14652,7.9328],[-12.14771,7.93032],[-12.15403,7.9297],[-12.16986,7.92328],[-12.1767,7.91365],[-12.17463,7.9061],[-12.1769,7.90423],[-12.18042,7.90289],[-12.18933,7.90485],[-12.1916,7.90755],[-12.19321,7.91779],[-12.19838,7.92763],[-12.21127,7.9385],[-12.21759,7.94761],[-12.23285,7.9828],[-12.25647,7.99251],[-12.2667,7.98259],[-12.26908,7.97735],[-12.27755,7.97621],[-12.27945,7.96498],[-12.28688,7.96298],[-12.29021,7.9606],[-12.29135,7.95775],[-12.29449,7.95622],[-12.29425,7.95375],[-12.28968,7.95089],[-12.28635,7.95061],[-12.28321,7.94775],[-12.28207,7.9448],[-12.27731,7.94337],[-12.27798,7.93709],[-12.27507,7.9309],[-12.27764,7.92538],[-12.27288,7.91948],[-12.2745,7.9172],[-12.27422,7.91406],[-12.2765,7.90863],[-12.2805,7.90216],[-12.28778,7.90597],[-12.28683,7.89921],[-12.29511,7.89531],[-12.29806,7.89083],[-12.30377,7.89036],[-12.30853,7.88465],[-12.31177,7.88313],[-12.31281,7.88436],[-12.31129,7.88979],[-12.31262,7.8915],[-12.31729,7.89245],[-12.31909,7.89179],[-12.32062,7.88884],[-12.32147,7.89388],[-12.32262,7.89407],[-12.32799,7.88379],[-12.32971,7.88255],[-12.33389,7.88636],[-12.3378,7.88703],[-12.33856,7.88579],[-12.33675,7.88065],[-12.34208,7.88246],[-12.34722,7.88075],[-12.3476,7.88474],[-12.35055,7.8876],[-12.3536,7.88817],[-12.35226,7.89293],[-12.35617,7.89207],[-12.35702,7.89588],[-12.35864,7.89664],[-12.35997,7.89655],[-12.36226,7.89321],[-12.3684,7.89226],[-12.37411,7.88874],[-12.37573,7.88922],[-12.3742,7.89207],[-12.36811,7.89635],[-12.37344,7.90559],[-12.37506,7.8994],[-12.3763,7.89902],[-12.37782,7.90445],[-12.37953,7.9054],[-12.38286,7.90492],[-12.38486,7.9013],[-12.38762,7.90368],[-12.39181,7.90226],[-12.39676,7.89426],[-12.40057,7.89093],[-12.41146,7.87085],[-12.41603,7.86599],[-12.4167,7.86133],[-12.42503,7.84515],[-12.42698,7.83297],[-12.42412,7.82726],[-12.42745,7.82507],[-12.4285,7.82231],[-12.43545,7.82354],[-12.43659,7.81964],[-12.44011,7.81897],[-12.43764,7.81507],[-12.44145,7.80984],[-12.44392,7.80965],[-12.44706,7.81241],[-12.45153,7.80831],[-12.45225,7.80622],[-12.45063,7.80279],[-12.45111,7.7988],[-12.45834,7.78738],[-12.45558,7.78376],[-12.44349,7.78119],[-12.43988,7.77405],[-12.42998,7.77129],[-12.43112,7.76929],[-12.43759,7.76986],[-12.43797,7.76701],[-12.43569,7.76177],[-12.42632,7.76014],[-12.423,7.76299],[-12.40844,7.76616],[-12.39932,7.76349],[-12.39748,7.75596],[-12.39464,7.75579],[-12.38995,7.76081],[-12.39213,7.76449],[-12.38895,7.76901],[-12.38878,7.77219],[-12.37088,7.77888],[-12.3682,7.78541],[-12.35448,7.80783],[-12.34703,7.80549],[-12.33917,7.80482],[-12.3288,7.80063],[-12.31842,7.80113],[-12.30955,7.79963],[-12.30428,7.80147],[-12.29809,7.80113],[-12.29776,7.78775],[-12.29608,7.78524],[-12.29843,7.77771],[-12.29759,7.76834],[-12.29081,7.75378],[-12.28058,7.73943],[-12.27395,7.74729],[-12.26072,7.75291],[-12.25101,7.76023],[-12.24321,7.77232],[-12.22874,7.77232],[-12.22351,7.77489],[-12.20795,7.77813],[-12.19196,7.7865],[-12.17873,7.79869],[-12.16945,7.80326],[-12.15821,7.80392],[-12.15165,7.81001],[-12.14803,7.8102],[-12.13661,7.80711]]]}},{"type":"Feature","properties":{"name":"Lower Bambara","district":"Kenema"},"geometry":{"type":"Polygon","coordinates":[[[-10.92232,8.37994],[-10.92401,8.3796],[-10.92799,8.3869],[-10.93793,8.39021],[-10.95186,8.3869],[-10.95749,8.37878],[-10.96645,8.3743],[-10.97507,8.37231],[-10.98634,8.37231],[-10.99562,8.37032],[-11.00093,8.3617],[-11.02016,8.35706],[-11.02546,8.35441],[-11.03408,8.34711],[-11.04071,8.33915],[-11.0553,8.33385],[-11.05994,8.33451],[-11.06657,8.3438],[-11.07254,8.34844],[-11.08116,8.34446],[-11.08646,8.33982],[-11.09343,8.34446],[-11.10072,8.34645],[-11.10934,8.34645],[-11.1173,8.34114],[-11.13321,8.34114],[-11.13984,8.34512],[-11.15244,8.35706],[-11.1604,8.35905],[-11.17101,8.36369],[-11.179,8.36478],[-11.17342,8.36121],[-11.17436,8.34152],[-11.1713,8.32946],[-11.17232,8.31079],[-11.16443,8.29331],[-11.15458,8.27905],[-11.15509,8.26632],[-11.14915,8.25579],[-11.14974,8.22761],[-11.14686,8.22269],[-11.14821,8.22065],[-11.15229,8.21896],[-11.14838,8.21437],[-11.15314,8.20809],[-11.16417,8.20436],[-11.16655,8.20198],[-11.16561,8.19774],[-11.16103,8.19044],[-11.15865,8.18908],[-11.15373,8.18246],[-11.14253,8.17567],[-11.1354,8.16022],[-11.14304,8.15462],[-11.14669,8.14936],[-11.15483,8.11507],[-11.15492,8.1003],[-11.1573,8.09623],[-11.16542,8.09059],[-11.16323,8.08802],[-11.15768,8.08826],[-11.15142,8.09163],[-11.14009,8.08729],[-11.10792,8.08729],[-11.09756,8.08898],[-11.09298,8.08513],[-11.09467,8.07476],[-11.08864,8.0738],[-11.06985,8.07428],[-11.06719,8.07235],[-11.02237,8.07452],[-11.02093,8.0697],[-11.02478,8.05934],[-11.02478,8.055],[-10.98647,8.05404],[-10.9843,8.05838],[-10.9855,8.07163],[-10.98261,8.08006],[-10.99142,8.07986],[-10.9939,8.07837],[-10.99614,8.07961],[-10.99961,8.07365],[-11.00185,8.07737],[-11.00259,8.09276],[-11.00085,8.10145],[-10.99117,8.11981],[-10.9882,8.13222],[-10.98795,8.14091],[-10.96958,8.15878],[-10.96052,8.16498],[-10.96045,8.16204],[-10.94827,8.16429],[-10.94423,8.16328],[-10.94084,8.15753],[-10.94159,8.15543],[-10.93276,8.15516],[-10.93048,8.15642],[-10.92987,8.1587],[-10.92727,8.15907],[-10.93196,8.16571],[-10.93103,8.16843],[-10.93408,8.16887],[-10.93432,8.17177],[-10.94663,8.17441],[-10.94737,8.18012],[-10.94687,8.18434],[-10.94092,8.19973],[-10.94216,8.2171],[-10.92367,8.23795],[-10.93434,8.25458],[-10.94576,8.26872],[-10.94774,8.27443],[-10.94873,8.2861],[-10.95494,8.28411],[-10.95692,8.28833],[-10.95246,8.30272],[-10.94787,8.30744],[-10.94836,8.31166],[-10.95556,8.31761],[-10.95606,8.32456],[-10.95407,8.33176],[-10.94538,8.34119],[-10.93571,8.34665],[-10.93099,8.35087],[-10.92652,8.35683],[-10.92479,8.3608],[-10.92416,8.37569],[-10.92232,8.37994]]]}},{"type":"Feature","properties":{"name":"Lokomasama","district":"Port Loko"},"geometry":{"type":"MultiPolygon","coordinates":[[[[-13.04024,8.56768],[-13.03866,8.57201],[-13.03966,8.57218],[-13.04116,8.5691],[-13.04099,8.56727],[-13.04024,8.56768]]],[[[-13.06739,8.5736],[-13.07106,8.58009],[-13.07389,8.57818],[-13.07106,8.57301],[-13.06739,8.5736]]],[[[-13.1509,8.85132],[-13.15506,8.85182],[-13.15173,8.84982],[-13.1509,8.85132]]],[[[-13.16389,8.85032],[-13.16756,8.85232],[-13.16631,8.85066],[-13.16389,8.85032]]],[[[-13.15032,8.85341],[-13.16064,8.85824],[-13.15606,8.85324],[-13.15032,8.85341]]],[[[-13.17122,8.86282],[-13.17364,8.86265],[-13.1738,8.86098],[-13.16956,8.85957],[-13.17122,8.86282]]],[[[-13.14771,8.85453],[-13.15406,8.84334],[-13.1576,8.8432],[-13.16452,8.84562],[-13.16826,8.84862],[-13.17476,8.8502],[-13.17501,8.85186],[-13.17759,8.8532],[-13.18459,8.85261],[-13.19425,8.85486],[-13.19908,8.85861],[-13.20607,8.86136],[-13.20483,8.86244],[-13.20824,8.86352],[-13.20766,8.85919],[-13.20549,8.85919],[-13.21224,8.85486],[-13.22052,8.84616],[-13.23035,8.84066],[-13.23451,8.83175],[-13.2433,8.82505],[-13.24701,8.80677],[-13.24909,8.80444],[-13.24909,8.80052],[-13.24667,8.78795],[-13.24459,8.75705],[-13.23993,8.74123],[-13.23814,8.72811],[-13.24018,8.7289],[-13.24234,8.72607],[-13.24553,8.71105],[-13.23979,8.7108],[-13.23768,8.70953],[-13.23642,8.70154],[-13.23263,8.69943],[-13.23137,8.70322],[-13.22801,8.7028],[-13.22716,8.69817],[-13.22464,8.69986],[-13.22464,8.70364],[-13.22296,8.70154],[-13.22212,8.70196],[-13.22212,8.70533],[-13.21277,8.70979],[-13.2057,8.71787],[-13.19964,8.71517],[-13.19695,8.7108],[-13.1919,8.70777],[-13.18517,8.70676],[-13.18046,8.7044],[-13.17238,8.70507],[-13.17002,8.70339],[-13.168,8.69969],[-13.16497,8.67983],[-13.16666,8.67747],[-13.17238,8.67646],[-13.17372,8.6741],[-13.17204,8.66703],[-13.1744,8.664],[-13.168,8.66232],[-13.16161,8.65424],[-13.15588,8.65054],[-13.15184,8.64347],[-13.13535,8.63876],[-13.12794,8.63842],[-13.10909,8.61553],[-13.10501,8.60708],[-13.09504,8.60458],[-13.09537,8.59883],[-13.09029,8.59042],[-13.09004,8.58409],[-13.07022,8.58342],[-13.06714,8.58126],[-13.0644,8.57282],[-13.05421,8.57418],[-13.04632,8.59044],[-13.04328,8.59246],[-13.03454,8.59463],[-13.02259,8.60266],[-13.02134,8.60241],[-13.02142,8.59767],[-13.01767,8.59567],[-13.00501,8.59558],[-13.00243,8.59925],[-12.9944,8.60179],[-12.98049,8.59896],[-12.96716,8.59229],[-12.96021,8.59467],[-12.94724,8.59325],[-12.94663,8.58821],[-12.93758,8.59112],[-12.93387,8.59449],[-12.92091,8.61856],[-12.91351,8.62933],[-12.896,8.64111],[-12.89365,8.64616],[-12.89331,8.65357],[-12.89062,8.66165],[-12.87984,8.67579],[-12.87513,8.6879],[-12.87883,8.69767],[-12.88355,8.70171],[-12.88287,8.70676],[-12.879,8.71164],[-12.87059,8.71702],[-12.87698,8.72308],[-12.87597,8.72376],[-12.87665,8.72881],[-12.87934,8.73184],[-12.879,8.73722],[-12.88102,8.74193],[-12.88372,8.74328],[-12.88372,8.74597],[-12.88641,8.74698],[-12.88776,8.75372],[-12.89078,8.7554],[-12.89146,8.75877],[-12.89516,8.76112],[-12.8955,8.76651],[-12.89853,8.77021],[-12.91098,8.76853],[-12.9231,8.783],[-12.92478,8.78974],[-12.92344,8.79647],[-12.92882,8.81162],[-12.92849,8.81566],[-12.92075,8.83047],[-12.91469,8.83888],[-12.92007,8.84158],[-12.92096,8.84452],[-12.93949,8.84197],[-12.95351,8.83754],[-12.96309,8.8368],[-12.99776,8.85303],[-13.01398,8.85524],[-13.01988,8.85229],[-13.04643,8.84787],[-13.05602,8.84492],[-13.07446,8.84492],[-13.08404,8.84787],[-13.09732,8.84639],[-13.11723,8.84639],[-13.13567,8.84934],[-13.14771,8.85453]]],[[[-13.15948,8.8629],[-13.16039,8.86423],[-13.16398,8.86132],[-13.15257,8.85674],[-13.15456,8.85973],[-13.15948,8.8629]]]]}},{"type":"Feature","properties":{"name":"Libeisaygahun","district":"Karene"},"geometry":{"type":"Polygon","coordinates":[[[-12.45156,8.91275],[-12.44964,8.91275],[-12.445,8.91658],[-12.43488,8.93708],[-12.4327,8.93653],[-12.4286,8.93079],[-12.42149,8.93079],[-12.41356,8.9338],[-12.41001,8.93106],[-12.407,8.92614],[-12.39935,8.92724],[-12.3988,8.92259],[-12.39634,8.91685],[-12.39415,8.91494],[-12.39361,8.90646],[-12.38732,8.90236],[-12.37092,8.9081],[-12.35869,8.90626],[-12.35459,8.90455],[-12.35359,8.90243],[-12.34873,8.90253],[-12.34515,8.90557],[-12.33996,8.90754],[-12.31713,8.90843],[-12.31301,8.8925],[-12.30549,8.89142],[-12.28221,8.90647],[-12.28096,8.90879],[-12.28579,8.92348],[-12.28203,8.93422],[-12.27684,8.94586],[-12.27406,8.94484],[-12.27343,8.948],[-12.27106,8.95019],[-12.26813,8.94909],[-12.26412,8.95037],[-12.26211,8.95366],[-12.2685,8.95402],[-12.27124,8.95549],[-12.28038,8.95183],[-12.28302,8.95439],[-12.2812,8.95987],[-12.28375,8.96115],[-12.30111,8.95932],[-12.32322,8.96864],[-12.33125,8.96955],[-12.33546,8.96827],[-12.3395,8.97946],[-12.3427,8.9838],[-12.34247,8.98632],[-12.34047,8.98854],[-12.34218,8.99739],[-12.34389,8.99967],[-12.34361,9.00653],[-12.34675,9.00681],[-12.35246,9.01338],[-12.35817,9.01452],[-12.36045,9.02422],[-12.36359,9.02765],[-12.36388,9.03165],[-12.35788,9.03279],[-12.35931,9.03707],[-12.35874,9.04078],[-12.36159,9.04563],[-12.3673,9.0482],[-12.37073,9.05163],[-12.37301,9.05049],[-12.37929,9.05106],[-12.37929,9.05306],[-12.38643,9.05791],[-12.38871,9.06904],[-12.38426,9.07278],[-12.38827,9.08001],[-12.38884,9.08908],[-12.39167,9.09389],[-12.40017,9.09814],[-12.40272,9.09729],[-12.40754,9.09106],[-12.41405,9.08993],[-12.41604,9.08171],[-12.41802,9.07973],[-12.43474,9.08511],[-12.43615,9.08766],[-12.4319,9.10863],[-12.42794,9.11514],[-12.42935,9.11741],[-12.43757,9.11883],[-12.44409,9.11713],[-12.4557,9.10721],[-12.46071,9.10737],[-12.46481,9.10546],[-12.46755,9.10191],[-12.47165,9.10218],[-12.47493,9.10765],[-12.47493,9.1112],[-12.46591,9.11721],[-12.46399,9.12104],[-12.47629,9.13635],[-12.4793,9.13252],[-12.49871,9.11749],[-12.50281,9.11202],[-12.50336,9.10983],[-12.49912,9.10874],[-12.4901,9.10027],[-12.48764,9.09562],[-12.49256,9.08742],[-12.48928,9.08141],[-12.49092,9.07922],[-12.49967,9.07922],[-12.5024,9.07485],[-12.51443,9.08933],[-12.51853,9.09097],[-12.52153,9.08879],[-12.52263,9.08195],[-12.54012,9.06911],[-12.54477,9.0702],[-12.54805,9.07649],[-12.54504,9.08004],[-12.53821,9.08387],[-12.53739,9.08578],[-12.5434,9.09125],[-12.54969,9.08988],[-12.55215,9.08441],[-12.55488,9.08332],[-12.55762,9.08004],[-12.56336,9.0784],[-12.56472,9.07539],[-12.56363,9.07375],[-12.55926,9.0743],[-12.56035,9.06419],[-12.5624,9.05927],[-12.56705,9.05598],[-12.57224,9.05516],[-12.57388,9.0486],[-12.57634,9.0445],[-12.58263,9.03849],[-12.58317,9.03439],[-12.58618,9.02892],[-12.5911,9.02318],[-12.58563,9.01936],[-12.58071,9.01854],[-12.56623,9.0199],[-12.54791,9.02619],[-12.54545,9.02537],[-12.54736,9.01034],[-12.54682,9.00678],[-12.54463,9.00022],[-12.53971,8.99968],[-12.53698,9.00542],[-12.52905,9.01498],[-12.5244,9.01744],[-12.51538,9.02537],[-12.5121,9.0251],[-12.50527,9.0087],[-12.50308,8.99393],[-12.49885,8.98191],[-12.49994,8.97726],[-12.49666,8.95321],[-12.48901,8.94501],[-12.47616,8.94063],[-12.47014,8.93653],[-12.46878,8.93024],[-12.46932,8.92696],[-12.46741,8.92423],[-12.45921,8.91685],[-12.45511,8.9174],[-12.45156,8.91275]]]}},{"type":"Feature","properties":{"name":"Lei","district":"Kono"},"geometry":{"type":"Polygon","coordinates":[[[-10.6737,8.93656],[-10.6737,8.9346],[-10.7001,8.93593],[-10.7168,8.9346],[-10.7292,8.92965],[-10.7342,8.93073],[-10.73801,8.93328],[-10.74078,8.93765],[-10.74936,8.93456],[-10.75135,8.93223],[-10.75577,8.93157],[-10.77088,8.93835],[-10.77871,8.93994],[-10.78146,8.94277],[-10.78516,8.9436],[-10.79004,8.94277],[-10.79978,8.93369],[-10.80311,8.93386],[-10.80673,8.92315],[-10.80982,8.90428],[-10.80502,8.87409],[-10.80536,8.8566],[-10.81668,8.83053],[-10.81291,8.81681],[-10.81565,8.81063],[-10.81943,8.80617],[-10.82045,8.79965],[-10.8232,8.79348],[-10.82697,8.78833],[-10.83561,8.78302],[-10.83604,8.78011],[-10.83409,8.77583],[-10.83207,8.77583],[-10.83332,8.77085],[-10.83083,8.7693],[-10.82616,8.76992],[-10.82274,8.76495],[-10.82243,8.76184],[-10.81839,8.75655],[-10.81932,8.7522],[-10.81808,8.75064],[-10.82057,8.74815],[-10.81994,8.7466],[-10.81559,8.7466],[-10.81435,8.74038],[-10.81652,8.73696],[-10.81155,8.73696],[-10.80906,8.73478],[-10.80657,8.73634],[-10.80589,8.73385],[-10.80166,8.73857],[-10.79942,8.73808],[-10.79793,8.74056],[-10.79395,8.74007],[-10.79419,8.73808],[-10.7922,8.73758],[-10.78947,8.7341],[-10.78375,8.73559],[-10.78026,8.72589],[-10.77802,8.72414],[-10.76683,8.72141],[-10.74842,8.7229],[-10.72441,8.72066],[-10.71172,8.72141],[-10.70699,8.72589],[-10.70028,8.73658],[-10.69505,8.74206],[-10.68311,8.72862],[-10.66918,8.71917],[-10.65388,8.72788],[-10.64219,8.73211],[-10.63174,8.73758],[-10.62402,8.73683],[-10.59342,8.72962],[-10.56892,8.71469],[-10.53508,8.73882],[-10.52712,8.75698],[-10.52389,8.75873],[-10.51289,8.75954],[-10.51943,8.78282],[-10.52193,8.78465],[-10.52393,8.78448],[-10.52476,8.78673],[-10.52843,8.78757],[-10.53222,8.7906],[-10.53346,8.79352],[-10.53713,8.79552],[-10.53671,8.79827],[-10.53963,8.79993],[-10.53971,8.8026],[-10.54396,8.80393],[-10.54454,8.80251],[-10.54871,8.80077],[-10.54929,8.79827],[-10.55137,8.8021],[-10.55503,8.80526],[-10.56078,8.80401],[-10.55895,8.80934],[-10.56176,8.81597],[-10.55749,8.82154],[-10.55874,8.82296],[-10.55757,8.82429],[-10.55966,8.83054],[-10.55891,8.84486],[-10.56157,8.84661],[-10.5617,8.85415],[-10.56368,8.85439],[-10.56307,8.85769],[-10.56607,8.86102],[-10.56757,8.8701],[-10.5694,8.87126],[-10.57115,8.87551],[-10.56923,8.88059],[-10.57136,8.88613],[-10.57277,8.88521],[-10.57452,8.88688],[-10.57361,8.89029],[-10.57585,8.89196],[-10.57511,8.89737],[-10.57594,8.89879],[-10.57327,8.90845],[-10.57548,8.91365],[-10.5754,8.92123],[-10.5779,8.92348],[-10.57723,8.92931],[-10.58202,8.93177],[-10.5811,8.93318],[-10.58302,8.93693],[-10.58277,8.93951],[-10.58435,8.94076],[-10.58252,8.94168],[-10.58377,8.94268],[-10.58535,8.95267],[-10.59851,8.9499],[-10.61433,8.94334],[-10.62629,8.94064],[-10.63418,8.93721],[-10.64756,8.93618],[-10.6558,8.93858],[-10.67158,8.93481],[-10.6737,8.93656]]]}},{"type":"Feature","properties":{"name":"Langrama","district":"Kenema"},"geometry":{"type":"Polygon","coordinates":[[[-11.51139,7.66926],[-11.51523,7.66433],[-11.51705,7.65739],[-11.51669,7.65118],[-11.51377,7.64571],[-11.50502,7.64019],[-11.49263,7.62594],[-11.48855,7.62033],[-11.48906,7.61914],[-11.48433,7.62013],[-11.47934,7.62512],[-11.45992,7.63693],[-11.45099,7.64665],[-11.44338,7.65741],[-11.43813,7.67106],[-11.43603,7.68077],[-11.44058,7.69316],[-11.44277,7.69462],[-11.44788,7.69426],[-11.44825,7.69827],[-11.45299,7.69535],[-11.45263,7.6928],[-11.45518,7.6928],[-11.4581,7.70046],[-11.46175,7.70192],[-11.46285,7.70703],[-11.46978,7.70813],[-11.47343,7.71397],[-11.48292,7.71324],[-11.4873,7.70594],[-11.48785,7.69134],[-11.49114,7.68586],[-11.49771,7.67893],[-11.51139,7.66926]]]}},{"type":"Feature","properties":{"name":"Kwamebai Krim","district":"Bonthe"},"geometry":{"type":"Polygon","coordinates":[[[-12.0498,7.3474],[-12.04936,7.34299],[-12.0782,7.31577],[-12.08286,7.30585],[-12.08549,7.29937],[-12.0865,7.28642],[-12.09146,7.27276],[-12.09337,7.24197],[-11.95996,7.19152],[-11.94957,7.20643],[-11.94445,7.22063],[-11.93841,7.22845],[-11.93167,7.2266],[-11.92819,7.22316],[-11.92688,7.21638],[-11.92355,7.21281],[-11.91296,7.21805],[-11.9063,7.21162],[-11.8988,7.20984],[-11.89702,7.21055],[-11.89488,7.21381],[-11.8892,7.24989],[-11.88551,7.25387],[-11.88323,7.25898],[-11.88125,7.27319],[-11.87926,7.27659],[-11.8828,7.28283],[-11.89184,7.28664],[-11.89772,7.29165],[-11.89999,7.29932],[-11.899,7.33284],[-11.90164,7.33657],[-11.9101,7.33166],[-11.91638,7.33206],[-11.92002,7.33388],[-11.92184,7.33813],[-11.93156,7.33611],[-11.93379,7.33813],[-11.94694,7.34076],[-11.95625,7.34016],[-11.9688,7.33732],[-11.99329,7.32902],[-12.00078,7.32963],[-12.01151,7.33672],[-12.02406,7.34198],[-12.0498,7.3474]]]}},{"type":"Feature","properties":{"name":"Kunike Barina","district":"Tonkolili"},"geometry":{"type":"Polygon","coordinates":[[[-11.59226,8.48878],[-11.58296,8.48951],[-11.58261,8.492],[-11.5858,8.49342],[-11.58847,8.49289],[-11.58634,8.50426],[-11.58989,8.51883],[-11.589,8.52096],[-11.58172,8.52505],[-11.57895,8.52862],[-11.5772,8.52851],[-11.57709,8.52979],[-11.57511,8.52921],[-11.57511,8.5306],[-11.57209,8.52967],[-11.57314,8.53374],[-11.5707,8.53757],[-11.5729,8.53943],[-11.57302,8.54443],[-11.56657,8.55355],[-11.56111,8.5568],[-11.5603,8.55877],[-11.56065,8.56075],[-11.56309,8.56156],[-11.56471,8.56424],[-11.56227,8.56586],[-11.5632,8.57713],[-11.5571,8.58718],[-11.55153,8.59113],[-11.55222,8.59799],[-11.55048,8.60356],[-11.54804,8.60659],[-11.54839,8.61077],[-11.551,8.61501],[-11.54787,8.62117],[-11.54682,8.62639],[-11.54833,8.63011],[-11.54775,8.63732],[-11.54345,8.64289],[-11.54339,8.64864],[-11.5413,8.65155],[-11.53991,8.65143],[-11.53886,8.65515],[-11.53642,8.65666],[-11.53689,8.66421],[-11.53491,8.6663],[-11.53026,8.66654],[-11.52678,8.66863],[-11.52562,8.67409],[-11.53398,8.67746],[-11.54357,8.67786],[-11.55205,8.67601],[-11.5589,8.67821],[-11.56495,8.67508],[-11.57157,8.67508],[-11.5822,8.672],[-11.58836,8.672],[-11.59393,8.67037],[-11.59684,8.67188],[-11.59998,8.67177],[-11.60793,8.66729],[-11.61142,8.65335],[-11.61537,8.65079],[-11.6156,8.64893],[-11.61944,8.64464],[-11.62083,8.64475],[-11.62269,8.64243],[-11.62525,8.64301],[-11.63431,8.6372],[-11.64169,8.63935],[-11.65412,8.64597],[-11.65818,8.64992],[-11.66028,8.65573],[-11.65789,8.6853],[-11.65929,8.69065],[-11.66138,8.69471],[-11.66486,8.69704],[-11.66521,8.70052],[-11.66754,8.70064],[-11.67277,8.70389],[-11.68781,8.69338],[-11.69571,8.69291],[-11.69966,8.68466],[-11.70536,8.68548],[-11.70793,8.68239],[-11.71374,8.67944],[-11.72467,8.67884],[-11.73353,8.68243],[-11.73786,8.68225],[-11.73934,8.67921],[-11.74284,8.67856],[-11.7433,8.67644],[-11.741,8.67524],[-11.74026,8.67146],[-11.74413,8.6685],[-11.7458,8.66057],[-11.74423,8.659],[-11.74335,8.65444],[-11.74021,8.6537],[-11.74215,8.64789],[-11.73874,8.64475],[-11.74889,8.63322],[-11.73754,8.60112],[-11.72453,8.58267],[-11.72356,8.57755],[-11.7291,8.56242],[-11.73505,8.55343],[-11.74206,8.55333],[-11.74381,8.55223],[-11.74298,8.54706],[-11.74741,8.54144],[-11.74612,8.53645],[-11.74732,8.53433],[-11.74672,8.53127],[-11.74273,8.52959],[-11.73528,8.52938],[-11.72962,8.51605],[-11.73129,8.51039],[-11.72867,8.5064],[-11.73066,8.5],[-11.7272,8.49874],[-11.72636,8.49706],[-11.72678,8.48646],[-11.72884,8.48336],[-11.71035,8.47601],[-11.68619,8.47121],[-11.68157,8.47139],[-11.67064,8.47317],[-11.62436,8.47548],[-11.59226,8.48878]]]}},{"type":"Feature","properties":{"name":"Kunike","district":"Tonkolili"},"geometry":{"type":"Polygon","coordinates":[[[-11.70536,8.68548],[-11.69966,8.68466],[-11.69571,8.69291],[-11.68781,8.69338],[-11.67277,8.70389],[-11.66754,8.70064],[-11.66521,8.70052],[-11.66486,8.69704],[-11.66045,8.69343],[-11.65789,8.6853],[-11.66028,8.65573],[-11.65958,8.65259],[-11.65412,8.64597],[-11.64169,8.63935],[-11.63431,8.6372],[-11.62525,8.64301],[-11.62269,8.64243],[-11.62083,8.64475],[-11.61944,8.64464],[-11.6156,8.64893],[-11.61537,8.65079],[-11.61142,8.65335],[-11.60793,8.66729],[-11.59998,8.67177],[-11.59684,8.67188],[-11.59393,8.67037],[-11.58836,8.672],[-11.5822,8.672],[-11.57157,8.67508],[-11.56495,8.67508],[-11.5589,8.67821],[-11.55205,8.67601],[-11.54357,8.67786],[-11.53398,8.67746],[-11.52562,8.67409],[-11.52678,8.66863],[-11.53026,8.66654],[-11.53491,8.6663],[-11.53689,8.66421],[-11.53642,8.65666],[-11.53886,8.65515],[-11.53991,8.65143],[-11.5413,8.65155],[-11.54339,8.64864],[-11.54345,8.64289],[-11.54775,8.63732],[-11.54833,8.63011],[-11.54682,8.62639],[-11.54787,8.62117],[-11.551,8.61501],[-11.54839,8.61077],[-11.54804,8.60659],[-11.55048,8.60356],[-11.55222,8.59799],[-11.55153,8.59113],[-11.5571,8.58718],[-11.5632,8.57713],[-11.56227,8.56586],[-11.56471,8.56424],[-11.56309,8.56156],[-11.56065,8.56075],[-11.5603,8.55877],[-11.56111,8.5568],[-11.56657,8.55355],[-11.57302,8.54443],[-11.5729,8.53943],[-11.5707,8.53757],[-11.57314,8.53374],[-11.57209,8.52967],[-11.57511,8.5306],[-11.57511,8.52921],[-11.57709,8.52979],[-11.5772,8.52851],[-11.57895,8.52862],[-11.57998,8.52714],[-11.57665,8.52434],[-11.56706,8.52309],[-11.55125,8.52576],[-11.5429,8.52984],[-11.53277,8.53873],[-11.511,8.53695],[-11.50603,8.53553],[-11.49928,8.53606],[-11.49235,8.53446],[-11.47538,8.54264],[-11.46934,8.54335],[-11.45921,8.54903],[-11.43505,8.54885],[-11.42039,8.55276],[-11.414,8.55276],[-11.41098,8.55099],[-11.40796,8.55276],[-11.40227,8.54939],[-11.3996,8.55116],[-11.38806,8.54761],[-11.38557,8.54157],[-11.3877,8.53819],[-11.38308,8.53269],[-11.38006,8.53144],[-11.37686,8.5334],[-11.37642,8.53535],[-11.37304,8.53571],[-11.37162,8.53731],[-11.37269,8.54015],[-11.37162,8.54246],[-11.36629,8.54424],[-11.36647,8.5501],[-11.36487,8.55099],[-11.36238,8.54797],[-11.36007,8.54814],[-11.35652,8.5549],[-11.35226,8.55312],[-11.34355,8.55951],[-11.33929,8.56467],[-11.33964,8.57231],[-11.3368,8.57462],[-11.3384,8.57817],[-11.33822,8.58332],[-11.34151,8.59114],[-11.3408,8.59452],[-11.34293,8.59949],[-11.34542,8.59914],[-11.3463,8.60731],[-11.3495,8.61406],[-11.34897,8.61974],[-11.35128,8.62099],[-11.3527,8.62721],[-11.35288,8.63183],[-11.35003,8.6368],[-11.35066,8.64195],[-11.34817,8.6416],[-11.34728,8.64551],[-11.34924,8.64728],[-11.35104,8.65505],[-11.35066,8.65954],[-11.36141,8.66363],[-11.36869,8.67464],[-11.37189,8.68388],[-11.37669,8.6901],[-11.37455,8.69543],[-11.37828,8.70005],[-11.37846,8.70432],[-11.38326,8.7116],[-11.3813,8.71693],[-11.3829,8.72226],[-11.38202,8.72741],[-11.38584,8.73363],[-11.38477,8.73683],[-11.38761,8.73949],[-11.38708,8.74198],[-11.39223,8.74376],[-11.3933,8.74927],[-11.39578,8.75193],[-11.39454,8.75922],[-11.39845,8.77219],[-11.40271,8.77574],[-11.40609,8.78196],[-11.40653,8.78711],[-11.40849,8.78853],[-11.40831,8.79191],[-11.414,8.79617],[-11.41524,8.80381],[-11.4211,8.81269],[-11.42608,8.82762],[-11.42874,8.83046],[-11.4315,8.83775],[-11.43274,8.84574],[-11.43736,8.85125],[-11.44233,8.86173],[-11.45619,8.86902],[-11.47254,8.86173],[-11.47982,8.85605],[-11.48284,8.85249],[-11.48391,8.84254],[-11.49475,8.84183],[-11.51731,8.84396],[-11.53019,8.84592],[-11.54174,8.84965],[-11.55364,8.84929],[-11.55844,8.85693],[-11.56108,8.85577],[-11.56141,8.85154],[-11.5634,8.84972],[-11.5615,8.83952],[-11.56324,8.83354],[-11.55785,8.82915],[-11.55694,8.82459],[-11.55951,8.825],[-11.56141,8.82774],[-11.56324,8.82384],[-11.56797,8.8192],[-11.56739,8.81223],[-11.56805,8.8109],[-11.57012,8.8114],[-11.57203,8.80443],[-11.57497,8.79925],[-11.5734,8.78988],[-11.5768,8.78665],[-11.57431,8.78167],[-11.57531,8.77885],[-11.57344,8.7745],[-11.5756,8.77018],[-11.57327,8.76877],[-11.5751,8.76123],[-11.57452,8.75559],[-11.57721,8.75505],[-11.57771,8.74767],[-11.5792,8.74675],[-11.5831,8.74933],[-11.58559,8.74941],[-11.58816,8.74012],[-11.58733,8.7368],[-11.59048,8.73639],[-11.59264,8.73274],[-11.59546,8.73257],[-11.5994,8.71934],[-11.59898,8.71371],[-11.60014,8.71312],[-11.60636,8.71487],[-11.60678,8.71885],[-11.61051,8.72208],[-11.61383,8.71918],[-11.61457,8.72051],[-11.61748,8.71976],[-11.62146,8.72117],[-11.62544,8.71885],[-11.63241,8.71893],[-11.63597,8.72084],[-11.64016,8.71491],[-11.6414,8.71474],[-11.64406,8.72279],[-11.65127,8.72901],[-11.65509,8.72917],[-11.65932,8.73125],[-11.66305,8.72867],[-11.66811,8.7276],[-11.67018,8.72279],[-11.67383,8.72445],[-11.67756,8.7242],[-11.67856,8.72478],[-11.67756,8.72843],[-11.68378,8.72926],[-11.68888,8.73502],[-11.6927,8.73212],[-11.69651,8.73427],[-11.70066,8.73892],[-11.70074,8.74348],[-11.70667,8.75555],[-11.71222,8.75463],[-11.71154,8.75162],[-11.71244,8.74981],[-11.70972,8.74618],[-11.71222,8.74414],[-11.7114,8.74164],[-11.70959,8.7411],[-11.71249,8.73601],[-11.71049,8.73383],[-11.71158,8.73057],[-11.70795,8.72421],[-11.71158,8.71967],[-11.71031,8.71822],[-11.71213,8.71622],[-11.70995,8.71278],[-11.71158,8.71023],[-11.71031,8.70824],[-11.7134,8.69934],[-11.71163,8.69326],[-11.70536,8.68548]]]}},{"type":"Feature","properties":{"name":"Kpeje West","district":"Kailahun"},"geometry":{"type":"Polygon","coordinates":[[[-10.86745,8.24156],[-10.86966,8.23913],[-10.8725,8.23192],[-10.87075,8.22973],[-10.87381,8.22908],[-10.87053,8.22493],[-10.87512,8.22143],[-10.87403,8.21815],[-10.87556,8.21662],[-10.87403,8.21422],[-10.87534,8.2116],[-10.87753,8.21225],[-10.87971,8.21094],[-10.88386,8.20744],[-10.88408,8.20526],[-10.88627,8.20548],[-10.88845,8.20133],[-10.88517,8.19652],[-10.88561,8.19302],[-10.88889,8.19127],[-10.88801,8.18821],[-10.88976,8.18821],[-10.89086,8.18603],[-10.88998,8.18384],[-10.89096,8.1821],[-10.88943,8.18122],[-10.89271,8.1751],[-10.88834,8.17379],[-10.88725,8.17139],[-10.889,8.1703],[-10.88747,8.16811],[-10.89009,8.16614],[-10.88856,8.16461],[-10.889,8.16265],[-10.8914,8.16352],[-10.89643,8.15697],[-10.89861,8.15697],[-10.90014,8.14757],[-10.90408,8.14713],[-10.90469,8.14582],[-10.90239,8.14383],[-10.89347,8.14302],[-10.87606,8.12843],[-10.86877,8.12519],[-10.85742,8.11628],[-10.84284,8.11223],[-10.83393,8.11142],[-10.80436,8.11466],[-10.80274,8.11588],[-10.80234,8.13005],[-10.80497,8.14585],[-10.81226,8.15962],[-10.81267,8.16691],[-10.8074,8.17137],[-10.81874,8.18109],[-10.81955,8.18636],[-10.81712,8.19],[-10.79727,8.1896],[-10.78998,8.19081],[-10.76527,8.22038],[-10.76122,8.22767],[-10.74988,8.23618],[-10.74705,8.25603],[-10.74449,8.26243],[-10.74502,8.26615],[-10.74705,8.26939],[-10.7515,8.27142],[-10.76568,8.27101],[-10.77095,8.26939],[-10.7831,8.26413],[-10.80294,8.24995],[-10.82239,8.23861],[-10.83656,8.23942],[-10.84021,8.23861],[-10.8552,8.24185],[-10.86249,8.24063],[-10.86745,8.24156]]]}},{"type":"Feature","properties":{"name":"Kpeje Bongre","district":"Kailahun"},"geometry":{"type":"Polygon","coordinates":[[[-10.72821,8.16894],[-10.72902,8.1738],[-10.72497,8.17745],[-10.72092,8.18919],[-10.70634,8.19891],[-10.70431,8.20418],[-10.70026,8.20499],[-10.69824,8.20904],[-10.69743,8.21593],[-10.69378,8.21633],[-10.68811,8.21471],[-10.68204,8.21795],[-10.68041,8.22119],[-10.68163,8.22565],[-10.69216,8.23577],[-10.69451,8.25088],[-10.70978,8.2536],[-10.72031,8.2536],[-10.72072,8.25684],[-10.73084,8.25886],[-10.73611,8.25765],[-10.74449,8.26243],[-10.74705,8.25603],[-10.74988,8.23618],[-10.76122,8.22767],[-10.76527,8.22038],[-10.78998,8.19081],[-10.79727,8.1896],[-10.81712,8.19],[-10.81955,8.18636],[-10.81874,8.18109],[-10.8074,8.17137],[-10.81267,8.16691],[-10.81226,8.15962],[-10.80497,8.14585],[-10.80234,8.13005],[-10.80274,8.11588],[-10.81206,8.11304],[-10.83393,8.11142],[-10.84284,8.11223],[-10.85742,8.11628],[-10.86877,8.12519],[-10.87606,8.12843],[-10.87736,8.12621],[-10.88358,8.12336],[-10.88825,8.11221],[-10.89058,8.09796],[-10.8854,8.09329],[-10.86803,8.08577],[-10.84625,8.08448],[-10.83588,8.08085],[-10.82137,8.07281],[-10.81592,8.06633],[-10.81618,8.05544],[-10.81307,8.04663],[-10.81229,8.029],[-10.80322,8.03781],[-10.80089,8.04741],[-10.79441,8.05],[-10.78922,8.04974],[-10.78637,8.05155],[-10.78481,8.05415],[-10.78507,8.064],[-10.78326,8.07437],[-10.7747,8.08214],[-10.77548,8.09511],[-10.77289,8.10522],[-10.76874,8.10599],[-10.76148,8.1034],[-10.75859,8.10454],[-10.75616,8.10859],[-10.75454,8.126],[-10.75778,8.14018],[-10.75333,8.14464],[-10.74725,8.15679],[-10.73834,8.15719],[-10.7351,8.15962],[-10.72821,8.16894]]]}},{"type":"Feature","properties":{"name":"Kpanda Kemo","district":"Bonthe"},"geometry":{"type":"Polygon","coordinates":[[[-12.11064,7.67211],[-12.10547,7.66893],[-12.08689,7.66656],[-12.08215,7.6634],[-12.07819,7.65391],[-12.07661,7.64403],[-12.08601,7.63228],[-12.07891,7.6211],[-12.0615,7.60612],[-12.06393,7.60227],[-12.06353,7.59681],[-12.05985,7.59894],[-12.05685,7.59074],[-12.06414,7.57616],[-12.06049,7.57252],[-12.0609,7.56867],[-12.05786,7.5622],[-12.05786,7.54924],[-12.06201,7.53113],[-12.05715,7.51838],[-12.0446,7.50198],[-12.03863,7.50896],[-12.03661,7.51645],[-12.03114,7.52354],[-12.02507,7.52799],[-12.01515,7.52799],[-11.99937,7.52313],[-11.9939,7.52678],[-11.96981,7.52536],[-11.96506,7.52607],[-11.96162,7.5285],[-11.96129,7.53044],[-11.96655,7.53086],[-11.98153,7.53959],[-11.98647,7.54599],[-11.98938,7.55268],[-11.984,7.56533],[-11.97418,7.57697],[-11.96866,7.58802],[-11.96269,7.59515],[-11.95382,7.59966],[-11.95193,7.60286],[-11.95411,7.60417],[-11.96429,7.603],[-11.99746,7.59515],[-11.99876,7.60402],[-12.00684,7.63006],[-12.00567,7.63326],[-12.00044,7.63893],[-11.99244,7.63922],[-11.98124,7.63544],[-11.97571,7.63747],[-11.97165,7.64635],[-11.97151,7.65046],[-11.97359,7.65468],[-11.9744,7.65536],[-11.97702,7.65173],[-11.98275,7.65124],[-11.98573,7.65274],[-11.98785,7.65969],[-11.98995,7.66163],[-11.99964,7.66147],[-12.00211,7.66787],[-12.00415,7.66875],[-12.00909,7.66816],[-12.01462,7.65958],[-12.02175,7.65755],[-12.02974,7.66729],[-12.03382,7.67631],[-12.04385,7.68693],[-12.05011,7.69144],[-12.0736,7.69158],[-12.0848,7.6894],[-12.1037,7.67907],[-12.10805,7.67916],[-12.10575,7.67715],[-12.11064,7.67211]]]}},{"type":"Feature","properties":{"name":"Kpaka","district":"Pujehun"},"geometry":{"type":"MultiPolygon","coordinates":[[[[-11.68766,7.22149],[-11.67539,7.20791],[-11.66427,7.20235],[-11.66328,7.20006],[-11.66394,7.19678],[-11.68259,7.18435],[-11.68554,7.17682],[-11.6947,7.1657],[-11.70059,7.15293],[-11.70648,7.14442],[-11.70648,7.13886],[-11.70353,7.13526],[-11.70026,7.13395],[-11.69568,7.13461],[-11.68488,7.14279],[-11.67637,7.15719],[-11.67245,7.16046],[-11.66754,7.16242],[-11.66099,7.16242],[-11.64496,7.15719],[-11.64496,7.15359],[-11.65314,7.14802],[-11.65347,7.14639],[-11.67277,7.13003],[-11.67572,7.12643],[-11.67834,7.11923],[-11.67866,7.1009],[-11.67605,7.09239],[-11.66656,7.08192],[-11.66296,7.07963],[-11.66099,7.05803],[-11.66132,7.042],[-11.6637,7.03999],[-11.62711,7.00747],[-11.6105,6.98654],[-11.60329,6.98004],[-11.59535,6.96922],[-11.58308,6.96633],[-11.58327,6.96821],[-11.5728,6.98031],[-11.57149,6.98588],[-11.56658,6.9934],[-11.56168,6.99602],[-11.56331,7.00191],[-11.56331,7.01991],[-11.56069,7.02515],[-11.55938,7.03529],[-11.55186,7.05558],[-11.56691,7.07521],[-11.57215,7.07979],[-11.58,7.06834],[-11.57967,7.06638],[-11.58426,7.05918],[-11.59538,7.08078],[-11.59669,7.0811],[-11.61142,7.07129],[-11.62418,7.06736],[-11.63563,7.06147],[-11.6376,7.06245],[-11.63694,7.06605],[-11.6389,7.07227],[-11.63858,7.07881],[-11.63563,7.08339],[-11.62745,7.08896],[-11.60585,7.11317],[-11.59996,7.12299],[-11.59767,7.1243],[-11.60258,7.13772],[-11.6034,7.14475],[-11.59914,7.15686],[-11.5962,7.16013],[-11.59424,7.16504],[-11.60503,7.17813],[-11.61256,7.19122],[-11.61649,7.19449],[-11.61943,7.20202],[-11.61878,7.20922],[-11.61976,7.21576],[-11.60896,7.2354],[-11.60618,7.24309],[-11.60454,7.2552],[-11.60585,7.25683],[-11.61632,7.25945],[-11.616,7.26207],[-11.61894,7.27123],[-11.62483,7.28563],[-11.6425,7.30134],[-11.6497,7.30461],[-11.65854,7.31148],[-11.65887,7.32228],[-11.66067,7.33193],[-11.66263,7.33586],[-11.67016,7.34339],[-11.67965,7.34666],[-11.6803,7.34895],[-11.67899,7.35189],[-11.66983,7.3604],[-11.66361,7.3712],[-11.66427,7.37447],[-11.67212,7.38658],[-11.67343,7.39084],[-11.67932,7.39509],[-11.68292,7.39149],[-11.68881,7.38135],[-11.69764,7.3496],[-11.69732,7.34862],[-11.68619,7.34764],[-11.68226,7.3447],[-11.67637,7.33684],[-11.67637,7.33422],[-11.69863,7.30968],[-11.69732,7.30674],[-11.70059,7.29954],[-11.70812,7.29463],[-11.71793,7.29365],[-11.71531,7.2871],[-11.71433,7.27827],[-11.69732,7.25765],[-11.69208,7.2547],[-11.68881,7.25536],[-11.67899,7.24751],[-11.65608,7.25667],[-11.64954,7.25569],[-11.64038,7.24718],[-11.63547,7.24783],[-11.62794,7.25209],[-11.62172,7.2534],[-11.61027,7.25274],[-11.60929,7.2511],[-11.61289,7.24783],[-11.62303,7.24423],[-11.63056,7.24325],[-11.64561,7.23605],[-11.64021,7.22869],[-11.63825,7.21985],[-11.63989,7.21593],[-11.64545,7.21036],[-11.65003,7.20971],[-11.65658,7.21233],[-11.66247,7.21724],[-11.67621,7.22378],[-11.68439,7.22313],[-11.68766,7.22149]]],[[[-11.62857,7.42002],[-11.62565,7.41898],[-11.62434,7.41374],[-11.61878,7.40425],[-11.60994,7.40883],[-11.59784,7.39934],[-11.59325,7.40164],[-11.59195,7.41211],[-11.60209,7.41603],[-11.60274,7.42454],[-11.60749,7.43289],[-11.61109,7.43321],[-11.61174,7.43583],[-11.62287,7.42798],[-11.62254,7.42503],[-11.62712,7.42471],[-11.62909,7.42307],[-11.62857,7.42002]]]]}},{"type":"Feature","properties":{"name":"Koya Rural","district":"Western Area Rural"},"geometry":{"type":"Polygon","coordinates":[[[-13.01719,8.23976],[-13.017,8.23836],[-13.0121,8.2351],[-13.00442,8.23351],[-12.99864,8.23743],[-12.98976,8.23691],[-12.98057,8.25026],[-12.9745,8.26412],[-12.97249,8.26629],[-12.96797,8.26613],[-12.96675,8.26484],[-12.96232,8.25264],[-12.95425,8.24923],[-12.9499,8.25174],[-12.94856,8.25943],[-12.94655,8.26312],[-12.93902,8.26613],[-12.93438,8.26264],[-12.93273,8.26595],[-12.93629,8.26793],[-12.92705,8.27261],[-12.92758,8.27664],[-12.926,8.2802],[-12.92125,8.28416],[-12.91729,8.29326],[-12.91571,8.29366],[-12.91333,8.2988],[-12.9169,8.30276],[-12.91452,8.30632],[-12.91769,8.31107],[-12.92085,8.32057],[-12.92007,8.32451],[-12.926,8.33007],[-12.92758,8.33877],[-12.9256,8.35104],[-12.91888,8.35302],[-12.91808,8.3637],[-12.91909,8.36499],[-12.97125,8.37011],[-12.97798,8.36883],[-12.98473,8.36396],[-12.98822,8.36302],[-12.99493,8.36581],[-13.00669,8.36682],[-13.01206,8.37462],[-13.01485,8.37518],[-13.01559,8.37691],[-13.01745,8.37656],[-13.02082,8.38199],[-13.0221,8.38221],[-13.0231,8.37611],[-13.02516,8.37254],[-13.03068,8.37197],[-13.03463,8.37462],[-13.03585,8.37056],[-13.03798,8.37058],[-13.03629,8.36647],[-13.0335,8.36512],[-13.03013,8.36548],[-13.03043,8.36433],[-13.03447,8.36349],[-13.03632,8.35947],[-13.03266,8.36089],[-13.02979,8.35772],[-13.02952,8.35398],[-13.03242,8.35092],[-13.03166,8.34766],[-13.03041,8.34765],[-13.03024,8.34468],[-13.03187,8.34212],[-13.03651,8.34386],[-13.05184,8.34519],[-13.05365,8.33865],[-13.04805,8.33416],[-13.04624,8.32706],[-13.0389,8.31554],[-13.04113,8.31142],[-13.04508,8.31116],[-13.04562,8.3091],[-13.04716,8.30863],[-13.04698,8.30565],[-13.03881,8.3037],[-13.04211,8.29911],[-13.03935,8.29258],[-13.04148,8.29029],[-13.04168,8.28722],[-13.0389,8.28539],[-13.03862,8.28337],[-13.04088,8.28458],[-13.04166,8.28219],[-13.03792,8.2791],[-13.03666,8.28092],[-13.0357,8.28034],[-13.03726,8.2769],[-13.03554,8.27564],[-13.03612,8.2744],[-13.04084,8.27289],[-13.03921,8.27154],[-13.03961,8.26962],[-13.03443,8.27151],[-13.03203,8.27067],[-13.02658,8.26747],[-13.02277,8.26063],[-13.01859,8.2575],[-13.01127,8.25555],[-13.01685,8.24553],[-13.01719,8.23976]]]}},{"type":"Feature","properties":{"name":"Koya","district":"Kenema"},"geometry":{"type":"Polygon","coordinates":[[[-11.21982,7.63674],[-11.22751,7.64011],[-11.23791,7.64124],[-11.24718,7.64056],[-11.26007,7.64599],[-11.27137,7.64802],[-11.26276,7.66528],[-11.26165,7.69732],[-11.25984,7.70523],[-11.25125,7.70998],[-11.24039,7.72083],[-11.23384,7.73802],[-11.23305,7.75316],[-11.21642,7.77444],[-11.21044,7.78505],[-11.20682,7.78731],[-11.20557,7.7894],[-11.2066,7.79187],[-11.20976,7.79503],[-11.224,7.79741],[-11.23534,7.79688],[-11.25595,7.79872],[-11.25895,7.79731],[-11.26353,7.78979],[-11.26369,7.75743],[-11.28241,7.76151],[-11.29189,7.76723],[-11.30572,7.74355],[-11.30472,7.73389],[-11.30995,7.72114],[-11.32328,7.69531],[-11.32573,7.6837],[-11.33145,7.67962],[-11.33733,7.67815],[-11.33979,7.67014],[-11.3424,7.67177],[-11.34379,7.66801],[-11.34543,7.66703],[-11.34968,7.66932],[-11.35131,7.66866],[-11.35213,7.66556],[-11.36177,7.66719],[-11.36194,7.66556],[-11.37207,7.6582],[-11.37261,7.65508],[-11.37069,7.65421],[-11.36928,7.65094],[-11.36882,7.63692],[-11.36449,7.61216],[-11.36146,7.60678],[-11.35305,7.59744],[-11.34861,7.5958],[-11.32455,7.60001],[-11.31053,7.5965],[-11.32151,7.58763],[-11.33155,7.58833],[-11.34207,7.57688],[-11.35784,7.56426],[-11.36204,7.55889],[-11.35947,7.55375],[-11.36531,7.5388],[-11.36508,7.53319],[-11.36671,7.52642],[-11.36508,7.52104],[-11.36111,7.51474],[-11.36391,7.50352],[-11.35912,7.49792],[-11.36076,7.49535],[-11.35608,7.48997],[-11.35211,7.48226],[-11.35422,7.47853],[-11.35468,7.47432],[-11.35107,7.46482],[-11.33764,7.47123],[-11.33252,7.47202],[-11.30731,7.48541],[-11.29786,7.48896],[-11.28525,7.49684],[-11.27147,7.51259],[-11.25099,7.52559],[-11.22168,7.54828],[-11.22609,7.55458],[-11.23366,7.57254],[-11.23334,7.5842],[-11.23051,7.59144],[-11.22673,7.60027],[-11.21696,7.6135],[-11.21585,7.63304],[-11.21982,7.63674]]]}},{"type":"Feature","properties":{"name":"Koya (Port Loko)","district":"Port Loko"},"geometry":{"type":"MultiPolygon","coordinates":[[[[-12.93548,8.55549],[-12.9379,8.55649],[-12.9589,8.55549],[-12.96266,8.55089],[-12.96054,8.54011],[-12.9491,8.53175],[-12.94406,8.5315],[-12.93218,8.53688],[-12.92929,8.53954],[-12.92893,8.54219],[-12.9234,8.54659],[-12.92878,8.5528],[-12.93548,8.55549]]],[[[-12.94862,8.57165],[-12.95388,8.57374],[-12.95579,8.57322],[-12.95665,8.57105],[-12.94889,8.56963],[-12.94862,8.57165]]],[[[-13.00043,8.58043],[-13.01451,8.57943],[-13.00685,8.57501],[-13.00227,8.57726],[-13.00043,8.58043]]],[[[-12.96429,8.57351],[-12.97004,8.57868],[-12.98086,8.58342],[-12.98319,8.58267],[-12.98728,8.57851],[-13.00277,8.57318],[-13.00935,8.57276],[-13.00951,8.57152],[-13.00068,8.57118],[-12.9956,8.57293],[-12.98969,8.57285],[-12.98394,8.57068],[-12.98145,8.56802],[-12.97662,8.56802],[-12.97295,8.57018],[-12.96204,8.56802],[-12.96079,8.56902],[-12.96429,8.57351]]],[[[-12.60172,8.49663],[-12.60599,8.4999],[-12.6134,8.50124],[-12.62148,8.51067],[-12.62384,8.51067],[-12.62586,8.51269],[-12.62989,8.511],[-12.63528,8.5174],[-12.64033,8.51504],[-12.64504,8.51875],[-12.64807,8.51168],[-12.65144,8.51168],[-12.65346,8.5137],[-12.65784,8.5137],[-12.65918,8.51437],[-12.65784,8.51807],[-12.66086,8.52245],[-12.65952,8.52548],[-12.66053,8.5275],[-12.66524,8.5238],[-12.66726,8.52413],[-12.67063,8.52784],[-12.66995,8.52986],[-12.67096,8.5312],[-12.67332,8.5275],[-12.67702,8.53221],[-12.67938,8.53188],[-12.68039,8.5339],[-12.68207,8.53356],[-12.68275,8.53659],[-12.68679,8.53693],[-12.6878,8.54063],[-12.6851,8.54096],[-12.6851,8.54231],[-12.68712,8.54332],[-12.69486,8.54197],[-12.69453,8.54635],[-12.69722,8.54568],[-12.69655,8.54938],[-12.69924,8.55106],[-12.70059,8.55982],[-12.69587,8.56184],[-12.69554,8.57025],[-12.69857,8.57059],[-12.69958,8.57362],[-12.70463,8.57766],[-12.70463,8.58102],[-12.70732,8.58405],[-12.70867,8.58338],[-12.71069,8.58574],[-12.71405,8.58641],[-12.71271,8.59045],[-12.71415,8.59394],[-12.71607,8.59415],[-12.72281,8.59988],[-12.72617,8.60021],[-12.73694,8.59314],[-12.74603,8.59247],[-12.75142,8.59516],[-12.75681,8.5955],[-12.76758,8.5918],[-12.77195,8.58574],[-12.77364,8.5679],[-12.78374,8.55477],[-12.78677,8.55275],[-12.79383,8.5514],[-12.81403,8.55813],[-12.83591,8.55948],[-12.85005,8.56487],[-12.86116,8.56722],[-12.8716,8.5679],[-12.88439,8.57059],[-12.89112,8.56924],[-12.90997,8.5551],[-12.91637,8.55327],[-12.9131,8.54661],[-12.91945,8.54544],[-12.92709,8.53791],[-12.92666,8.53683],[-12.94409,8.5294],[-12.94474,8.52865],[-12.94087,8.52596],[-12.9399,8.52295],[-12.94076,8.52198],[-12.94248,8.52219],[-12.9414,8.52424],[-12.9427,8.52618],[-12.95184,8.52801],[-12.95217,8.53037],[-12.95518,8.53231],[-12.95959,8.53048],[-12.96336,8.53231],[-12.9639,8.53037],[-12.96411,8.53317],[-12.96777,8.53683],[-12.9665,8.54211],[-12.96828,8.54351],[-12.96713,8.54846],[-12.96788,8.55373],[-12.97512,8.55977],[-12.97545,8.5636],[-12.9772,8.56252],[-12.97811,8.55936],[-12.98694,8.55861],[-12.99202,8.55986],[-12.99827,8.55469],[-13.00318,8.55328],[-13.00785,8.55528],[-13.01343,8.55544],[-13.01938,8.56073],[-13.01971,8.56523],[-13.0223,8.56473],[-13.02663,8.55782],[-13.02704,8.55598],[-13.02471,8.55532],[-13.02796,8.54749],[-13.03537,8.53924],[-13.03912,8.53891],[-13.04178,8.53458],[-13.03333,8.52621],[-13.0235,8.51888],[-13.023,8.51538],[-13.03341,8.51971],[-13.04541,8.52696],[-13.0499,8.52763],[-13.0544,8.51955],[-13.05565,8.51105],[-13.05648,8.51064],[-13.05665,8.5128],[-13.05798,8.51222],[-13.06085,8.5031],[-13.06269,8.50077],[-13.06602,8.49852],[-13.0752,8.49787],[-13.07837,8.49589],[-13.08367,8.48669],[-13.08984,8.48761],[-13.09283,8.48494],[-13.10316,8.48719],[-13.10633,8.48569],[-13.10567,8.48322],[-13.10799,8.4752],[-13.10799,8.46862],[-13.10941,8.46671],[-13.11082,8.46581],[-13.1128,8.46779],[-13.11794,8.46462],[-13.11952,8.46106],[-13.12625,8.45789],[-13.12704,8.45552],[-13.13179,8.45552],[-13.13473,8.44863],[-13.13206,8.43697],[-13.1214,8.43139],[-13.11407,8.43023],[-13.09625,8.4234],[-13.08755,8.41861],[-13.08297,8.41886],[-13.07837,8.42109],[-13.07599,8.42386],[-13.0748,8.42821],[-13.07282,8.42426],[-13.07243,8.41871],[-13.06768,8.41674],[-13.0657,8.41278],[-13.07164,8.41397],[-13.07955,8.41357],[-13.08034,8.4112],[-13.0748,8.40209],[-13.0748,8.39655],[-13.07164,8.39259],[-13.06808,8.3918],[-13.06827,8.38547],[-13.06629,8.38231],[-13.05838,8.37835],[-13.04136,8.37637],[-13.04017,8.3732],[-13.03701,8.37043],[-13.03463,8.37518],[-13.02949,8.37241],[-13.02553,8.3736],[-13.02395,8.37716],[-13.02355,8.3831],[-13.02157,8.38349],[-13.0188,8.37795],[-13.01603,8.37795],[-13.01485,8.37518],[-13.01287,8.37558],[-13.00654,8.36806],[-13.00337,8.36608],[-12.99862,8.36727],[-12.98754,8.3641],[-12.97923,8.37043],[-12.97448,8.37122],[-12.9634,8.37122],[-12.92916,8.36647],[-12.92085,8.36727],[-12.91808,8.3637],[-12.91888,8.35302],[-12.9256,8.35104],[-12.92758,8.33877],[-12.926,8.33007],[-12.92007,8.32451],[-12.92085,8.32057],[-12.91769,8.31107],[-12.91452,8.30632],[-12.9169,8.30276],[-12.91333,8.2988],[-12.91571,8.29366],[-12.91729,8.29326],[-12.92125,8.28416],[-12.926,8.2802],[-12.92758,8.27664],[-12.92679,8.27268],[-12.93629,8.26793],[-12.93273,8.26595],[-12.93471,8.262],[-12.93273,8.25883],[-12.92877,8.25883],[-12.91254,8.26279],[-12.91413,8.26714],[-12.91373,8.27149],[-12.90423,8.27703],[-12.8979,8.27268],[-12.88326,8.2798],[-12.88603,8.28416],[-12.89236,8.28614],[-12.89276,8.2893],[-12.88484,8.29761],[-12.88524,8.30276],[-12.88326,8.31146],[-12.87772,8.30949],[-12.87653,8.30553],[-12.87336,8.30236],[-12.86901,8.30315],[-12.86189,8.30949],[-12.86288,8.31186],[-12.86644,8.31463],[-12.86921,8.32057],[-12.86802,8.32571],[-12.86367,8.33284],[-12.85259,8.33204],[-12.84863,8.33402],[-12.84784,8.33877],[-12.85615,8.34867],[-12.85456,8.35223],[-12.84625,8.35183],[-12.83755,8.35896],[-12.84111,8.36647],[-12.8415,8.37004],[-12.84032,8.37281],[-12.83715,8.37399],[-12.82607,8.37399],[-12.82488,8.37756],[-12.82765,8.3831],[-12.82686,8.38864],[-12.82963,8.39418],[-12.82963,8.39734],[-12.82409,8.39497],[-12.82013,8.39537],[-12.81578,8.39774],[-12.81182,8.39576],[-12.80945,8.38824],[-12.79045,8.3918],[-12.79006,8.38705],[-12.78768,8.38626],[-12.78333,8.38745],[-12.78056,8.37953],[-12.77462,8.37874],[-12.77066,8.37202],[-12.76512,8.3732],[-12.76512,8.36885],[-12.76235,8.36529],[-12.76077,8.35856],[-12.75365,8.35658],[-12.75325,8.35223],[-12.74771,8.35539],[-12.74573,8.35144],[-12.74316,8.34946],[-12.74039,8.35223],[-12.73604,8.34867],[-12.73129,8.35025],[-12.7297,8.34669],[-12.72733,8.34985],[-12.71862,8.35381],[-12.72258,8.35896],[-12.71941,8.36173],[-12.71862,8.3645],[-12.72021,8.36766],[-12.71862,8.36925],[-12.71427,8.36568],[-12.70873,8.3637],[-12.69963,8.3641],[-12.69369,8.36489],[-12.67905,8.37122],[-12.67746,8.36608],[-12.67509,8.3645],[-12.67311,8.37004],[-12.66955,8.37202],[-12.66955,8.37558],[-12.66005,8.37637],[-12.65847,8.37202],[-12.6557,8.37479],[-12.65332,8.37479],[-12.65016,8.36845],[-12.64768,8.36748],[-12.6352,8.3717],[-12.63196,8.38304],[-12.63269,8.38791],[-12.63139,8.40282],[-12.62847,8.4106],[-12.61859,8.42438],[-12.61648,8.44156],[-12.61243,8.45291],[-12.61072,8.47188],[-12.6044,8.49246],[-12.60172,8.49663]]]]}},{"type":"Feature","properties":{"name":"Kowa","district":"Moyamba"},"geometry":{"type":"Polygon","coordinates":[[[-11.90128,8.0983],[-11.89819,8.10533],[-11.88982,8.11738],[-11.88547,8.12775],[-11.87744,8.13729],[-11.88245,8.14614],[-11.8845,8.15671],[-11.89146,8.16027],[-11.89663,8.16932],[-11.91485,8.16048],[-11.92563,8.14852],[-11.94488,8.13892],[-11.95803,8.12857],[-11.98235,8.11412],[-11.98536,8.11315],[-11.9941,8.11455],[-12.00111,8.11197],[-12.0093,8.11218],[-12.01749,8.10862],[-12.02272,8.10862],[-12.02542,8.10194],[-12.0279,8.09957],[-12.0321,8.0986],[-12.03124,8.09471],[-12.03695,8.09148],[-12.03803,8.08113],[-12.04472,8.0752],[-12.04799,8.06824],[-12.04612,8.06345],[-12.0459,8.05321],[-12.04008,8.03369],[-12.04121,8.02981],[-12.03852,8.02043],[-12.03685,7.99703],[-12.03493,7.98723],[-12.02243,8.00159],[-12.01808,8.00945],[-12.00912,8.0138],[-11.98218,8.01246],[-11.96662,8.00929],[-11.95901,8.00644],[-11.94144,8.00611],[-11.92789,8.00276],[-11.91191,8.00125],[-11.89367,7.98887],[-11.89066,7.99138],[-11.88212,7.99389],[-11.88999,7.99992],[-11.89334,8.00427],[-11.89367,8.00845],[-11.89166,8.01548],[-11.88279,8.02619],[-11.88179,8.0292],[-11.89869,8.04794],[-11.91333,8.05831],[-11.91651,8.06434],[-11.91634,8.06768],[-11.90764,8.07806],[-11.90128,8.0983]]]}},{"type":"Feature","properties":{"name":"Kori","district":"Moyamba"},"geometry":{"type":"Polygon","coordinates":[[[-12.16554,8.33903],[-12.19765,8.33961],[-12.20307,8.33866],[-12.20535,8.33666],[-12.20531,8.33025],[-12.20806,8.32628],[-12.20404,8.31802],[-12.20712,8.31127],[-12.20983,8.28251],[-12.20883,8.25528],[-12.21592,8.23206],[-12.21601,8.22806],[-12.21364,8.2254],[-12.2044,8.22235],[-12.20136,8.21721],[-12.20107,8.21417],[-12.20255,8.21131],[-12.20883,8.21093],[-12.21835,8.20446],[-12.20873,8.19732],[-12.19903,8.19456],[-12.19598,8.19142],[-12.19822,8.182],[-12.20355,8.16839],[-12.21625,8.15658],[-12.2153,8.15411],[-12.20693,8.14935],[-12.21216,8.14088],[-12.2134,8.13526],[-12.22058,8.12641],[-12.23524,8.11642],[-12.23772,8.1128],[-12.24554,8.10965],[-12.25742,8.09072],[-12.25989,8.08368],[-12.25455,8.07361],[-12.24388,8.07783],[-12.23782,8.07317],[-12.23534,8.06789],[-12.22188,8.06852],[-12.21691,8.06324],[-12.19662,8.05723],[-12.20361,8.07266],[-12.2003,8.08083],[-12.18964,8.08963],[-12.18234,8.08984],[-12.17054,8.09895],[-12.1637,8.10123],[-12.15822,8.10019],[-12.14994,8.10516],[-12.14538,8.10444],[-12.13798,8.09678],[-12.13032,8.09512],[-12.12494,8.08808],[-12.12152,8.08901],[-12.11976,8.09377],[-12.11676,8.09698],[-12.1062,8.09181],[-12.09388,8.09512],[-12.07918,8.0886],[-12.06817,8.08706],[-12.06547,8.09277],[-12.06256,8.09536],[-12.02925,8.11488],[-12.01237,8.13321],[-12.00925,8.13784],[-12.00919,8.15682],[-11.99178,8.17536],[-11.98434,8.18647],[-11.97507,8.19035],[-11.97183,8.19337],[-11.96774,8.19854],[-11.96337,8.21137],[-11.96445,8.21935],[-11.96348,8.23046],[-11.96655,8.23897],[-11.96677,8.24598],[-11.95776,8.27412],[-11.95879,8.29612],[-11.9603,8.29838],[-11.96186,8.32037],[-11.96855,8.3414],[-11.96887,8.35326],[-11.96531,8.358],[-11.96609,8.3616],[-11.9765,8.3639],[-11.99622,8.37616],[-11.9964,8.39144],[-12.0004,8.38824],[-12.00804,8.37314],[-12.01283,8.37172],[-12.02243,8.37172],[-12.02438,8.3703],[-12.02794,8.35786],[-12.03415,8.35804],[-12.03575,8.3607],[-12.03451,8.36941],[-12.03611,8.36959],[-12.04304,8.36443],[-12.0441,8.35146],[-12.0457,8.34755],[-12.05121,8.34134],[-12.05165,8.33814],[-12.05414,8.33458],[-12.06249,8.32606],[-12.06747,8.31895],[-12.06747,8.31593],[-12.06551,8.31309],[-12.06054,8.30918],[-12.05396,8.29372],[-12.05006,8.29141],[-12.04526,8.29159],[-12.04242,8.29283],[-12.04117,8.29585],[-12.03833,8.29745],[-12.03531,8.29727],[-12.03442,8.2891],[-12.03966,8.28661],[-12.03966,8.2843],[-12.03362,8.2724],[-12.03309,8.26476],[-12.03575,8.25303],[-12.02918,8.24042],[-12.02953,8.23722],[-12.03193,8.23651],[-12.03407,8.23811],[-12.03424,8.24166],[-12.03886,8.24966],[-12.04455,8.25055],[-12.0513,8.24806],[-12.05698,8.24877],[-12.05841,8.25037],[-12.05521,8.25232],[-12.05539,8.2541],[-12.06356,8.26085],[-12.06889,8.26014],[-12.07546,8.26281],[-12.08026,8.26938],[-12.07919,8.27204],[-12.08221,8.27666],[-12.09918,8.28288],[-12.09918,8.28537],[-12.10256,8.28679],[-12.11428,8.29727],[-12.12157,8.29905],[-12.12068,8.30118],[-12.12334,8.30136],[-12.1237,8.30296],[-12.13187,8.30491],[-12.13605,8.3122],[-12.13427,8.31415],[-12.13392,8.32002],[-12.14138,8.32552],[-12.1579,8.32996],[-12.16554,8.33903]]]}},{"type":"Feature","properties":{"name":"Kongbora","district":"Moyamba"},"geometry":{"type":"Polygon","coordinates":[[[-12.54694,8.29454],[-12.54872,8.28608],[-12.55768,8.28111],[-12.56134,8.27604],[-12.58762,8.2751],[-12.59799,8.2827],[-12.60906,8.28383],[-12.62596,8.2812],[-12.63285,8.27313],[-12.62201,8.24957],[-12.62042,8.23362],[-12.62239,8.22677],[-12.61333,8.21597],[-12.61174,8.211],[-12.60752,8.2079],[-12.60015,8.1988],[-12.60127,8.19392],[-12.59846,8.18266],[-12.60198,8.17036],[-12.60376,8.16849],[-12.60376,8.16567],[-12.60442,8.16473],[-12.60798,8.16539],[-12.60798,8.15788],[-12.61052,8.15666],[-12.62131,8.15807],[-12.62891,8.15657],[-12.63201,8.15347],[-12.63337,8.1438],[-12.62389,8.13236],[-12.61911,8.12982],[-12.61324,8.1194],[-12.60198,8.1073],[-12.59879,8.09801],[-12.5932,8.08956],[-12.57913,8.07698],[-12.5643,8.06826],[-12.56097,8.0645],[-12.56125,8.05718],[-12.56284,8.05324],[-12.56838,8.04676],[-12.57908,8.02846],[-12.57464,8.02771],[-12.57112,8.03199],[-12.56731,8.03323],[-12.56398,8.0299],[-12.56189,8.03028],[-12.55218,8.03666],[-12.53723,8.04123],[-12.53024,8.04208],[-12.50007,8.03418],[-12.49788,8.03466],[-12.48574,8.02809],[-12.47833,8.04132],[-12.47852,8.04941],[-12.47538,8.05979],[-12.47623,8.06474],[-12.48313,8.07587],[-12.48113,8.08777],[-12.47618,8.09158],[-12.46962,8.09291],[-12.46819,8.09805],[-12.4689,8.10471],[-12.47776,8.1169],[-12.4788,8.12232],[-12.47466,8.12984],[-12.46438,8.14031],[-12.46029,8.14907],[-12.46781,8.14964],[-12.47238,8.1523],[-12.4868,8.15221],[-12.49394,8.15459],[-12.51259,8.1701],[-12.51687,8.17495],[-12.51697,8.17857],[-12.51473,8.18247],[-12.50626,8.18933],[-12.50626,8.19932],[-12.50455,8.20408],[-12.49936,8.21112],[-12.49965,8.22483],[-12.49203,8.22683],[-12.4896,8.23454],[-12.48466,8.23692],[-12.47676,8.24348],[-12.46153,8.25148],[-12.45915,8.25157],[-12.44705,8.2434],[-12.44401,8.24911],[-12.44106,8.25168],[-12.44211,8.2593],[-12.44382,8.26253],[-12.45048,8.26482],[-12.45258,8.26939],[-12.45524,8.27081],[-12.4599,8.26958],[-12.4619,8.27043],[-12.46124,8.27681],[-12.45771,8.27976],[-12.45638,8.28347],[-12.46133,8.28728],[-12.46243,8.29278],[-12.46367,8.29159],[-12.47735,8.29408],[-12.48144,8.29372],[-12.49077,8.28875],[-12.51582,8.28715],[-12.53652,8.28999],[-12.54694,8.29454]]]}},{"type":"Feature","properties":{"name":"Komboya","district":"Bo"},"geometry":{"type":"Polygon","coordinates":[[[-11.47398,8.32247],[-11.49059,8.34145],[-11.50045,8.35021],[-11.51676,8.35337],[-11.5186,8.35055],[-11.53944,8.33515],[-11.56092,8.30741],[-11.57315,8.29861],[-11.58561,8.2872],[-11.58621,8.28392],[-11.58009,8.26304],[-11.58037,8.2598],[-11.57051,8.25713],[-11.55607,8.24828],[-11.55095,8.24793],[-11.53569,8.24071],[-11.5329,8.23814],[-11.53663,8.20294],[-11.53449,8.18887],[-11.53556,8.16404],[-11.51814,8.16618],[-11.50603,8.16963],[-11.49885,8.16991],[-11.49461,8.17117],[-11.48017,8.18198],[-11.4703,8.18142],[-11.46816,8.17536],[-11.46489,8.17136],[-11.46508,8.16865],[-11.4546,8.17513],[-11.44398,8.17746],[-11.44333,8.17354],[-11.43038,8.16656],[-11.4342,8.16386],[-11.43429,8.16153],[-11.42879,8.15631],[-11.4185,8.15337],[-11.40983,8.15496],[-11.39963,8.15396],[-11.40371,8.16295],[-11.39605,8.17208],[-11.38729,8.17865],[-11.38291,8.18668],[-11.38218,8.19435],[-11.38948,8.19836],[-11.3913,8.20968],[-11.39897,8.21114],[-11.40152,8.21588],[-11.40006,8.22172],[-11.40025,8.22829],[-11.41704,8.23559],[-11.42726,8.23705],[-11.43784,8.23596],[-11.4466,8.25092],[-11.46157,8.26808],[-11.46887,8.28633],[-11.4696,8.29801],[-11.46851,8.31407],[-11.47398,8.32247]]]}},{"type":"Feature","properties":{"name":"Koidu Town","district":"Kono"},"geometry":{"type":"Polygon","coordinates":[[[-10.94491,8.64576],[-10.94221,8.65383],[-10.94965,8.65352],[-10.963,8.65795],[-10.97712,8.65968],[-10.9929,8.65374],[-10.99408,8.65184],[-10.99149,8.6464],[-10.99766,8.63535],[-10.99589,8.62852],[-10.99763,8.62114],[-11.00093,8.61695],[-10.98949,8.61286],[-10.98225,8.61349],[-10.98179,8.61498],[-10.98569,8.62284],[-10.98521,8.62651],[-10.98665,8.63236],[-10.98316,8.6318],[-10.97855,8.63454],[-10.97421,8.63197],[-10.96901,8.63218],[-10.96401,8.6374],[-10.95897,8.63734],[-10.94491,8.64576]]]}},{"type":"Feature","properties":{"name":"Kissi Tongi","district":"Kailahun"},"geometry":{"type":"Polygon","coordinates":[[[-10.44521,8.15613],[-10.44341,8.15463],[-10.4336,8.15463],[-10.43018,8.15079],[-10.42591,8.14951],[-10.40201,8.15079],[-10.39732,8.14865],[-10.39604,8.15207],[-10.38878,8.15036],[-10.38707,8.15207],[-10.39092,8.15676],[-10.38836,8.15847],[-10.38622,8.16316],[-10.38451,8.16444],[-10.3811,8.16444],[-10.37897,8.167],[-10.37555,8.16572],[-10.37299,8.16658],[-10.36915,8.16103],[-10.36616,8.16103],[-10.36744,8.15932],[-10.3525,8.14993],[-10.3508,8.1542],[-10.3444,8.15762],[-10.33671,8.167],[-10.33586,8.17085],[-10.33244,8.17298],[-10.33116,8.17597],[-10.32818,8.17853],[-10.3269,8.18365],[-10.32007,8.18877],[-10.32049,8.19219],[-10.31879,8.19603],[-10.31452,8.19603],[-10.31025,8.19859],[-10.30257,8.19773],[-10.30001,8.20371],[-10.29915,8.2131],[-10.29638,8.2195],[-10.29681,8.22505],[-10.30278,8.23572],[-10.30364,8.24212],[-10.30876,8.24212],[-10.30876,8.24895],[-10.3062,8.25322],[-10.30961,8.25407],[-10.31089,8.26431],[-10.31345,8.26773],[-10.31943,8.28437],[-10.31516,8.28736],[-10.31473,8.29078],[-10.31046,8.29078],[-10.30065,8.29718],[-10.30278,8.30443],[-10.29894,8.30614],[-10.29638,8.31852],[-10.29723,8.32193],[-10.29425,8.32449],[-10.29681,8.32876],[-10.29425,8.33004],[-10.29403,8.33388],[-10.28891,8.33559],[-10.28934,8.34242],[-10.29275,8.34541],[-10.28934,8.35223],[-10.29446,8.35608],[-10.29361,8.36546],[-10.29062,8.36589],[-10.28592,8.37357],[-10.28934,8.38339],[-10.28635,8.38595],[-10.28422,8.3915],[-10.28123,8.39235],[-10.27824,8.39619],[-10.27952,8.40302],[-10.27824,8.40516],[-10.27952,8.40772],[-10.27568,8.40943],[-10.27355,8.42138],[-10.27867,8.42564],[-10.2808,8.43034],[-10.27056,8.44528],[-10.27568,8.45253],[-10.2744,8.45595],[-10.2808,8.46534],[-10.27975,8.46576],[-10.28339,8.46716],[-10.2873,8.46304],[-10.28773,8.45457],[-10.28665,8.45262],[-10.29099,8.44784],[-10.2925,8.44199],[-10.29533,8.4409],[-10.29598,8.43938],[-10.29467,8.4383],[-10.28578,8.43808],[-10.28925,8.43135],[-10.28578,8.42831],[-10.28599,8.42614],[-10.29446,8.42462],[-10.29576,8.42093],[-10.29967,8.41638],[-10.30759,8.41052],[-10.32083,8.40705],[-10.32972,8.3899],[-10.33102,8.3758],[-10.33775,8.36603],[-10.34405,8.36451],[-10.346,8.36277],[-10.3447,8.35887],[-10.34014,8.35257],[-10.3409,8.35084],[-10.34654,8.34802],[-10.3537,8.34802],[-10.35739,8.34498],[-10.36412,8.33196],[-10.36759,8.32827],[-10.36976,8.31937],[-10.37888,8.31112],[-10.37757,8.30678],[-10.3804,8.30353],[-10.38181,8.29919],[-10.38506,8.29637],[-10.3881,8.29637],[-10.39092,8.29398],[-10.39418,8.27727],[-10.39656,8.27206],[-10.40503,8.26924],[-10.40698,8.26729],[-10.4085,8.26208],[-10.40373,8.26208],[-10.40286,8.25991],[-10.39982,8.26034],[-10.39895,8.25882],[-10.39483,8.26186],[-10.39049,8.2623],[-10.38919,8.26078],[-10.38745,8.26186],[-10.38528,8.25991],[-10.38571,8.25709],[-10.39938,8.2317],[-10.41544,8.21564],[-10.42261,8.20631],[-10.42564,8.18916],[-10.44521,8.15613]]]}},{"type":"Feature","properties":{"name":"Kissi Teng","district":"Kailahun"},"geometry":{"type":"Polygon","coordinates":[[[-10.39938,8.27076],[-10.39656,8.27206],[-10.39418,8.27727],[-10.39092,8.29398],[-10.3881,8.29637],[-10.38506,8.29637],[-10.38181,8.29919],[-10.3804,8.30353],[-10.37757,8.30678],[-10.37888,8.31112],[-10.36976,8.31937],[-10.36759,8.32827],[-10.36412,8.33196],[-10.35739,8.34498],[-10.3537,8.34802],[-10.34654,8.34802],[-10.3409,8.35084],[-10.34014,8.35257],[-10.3447,8.35887],[-10.346,8.36277],[-10.34405,8.36451],[-10.33775,8.36603],[-10.33102,8.3758],[-10.32972,8.3899],[-10.32083,8.40705],[-10.30759,8.41052],[-10.29967,8.41638],[-10.29576,8.42093],[-10.29446,8.42462],[-10.28599,8.42614],[-10.28578,8.42831],[-10.28925,8.43135],[-10.28578,8.43808],[-10.29467,8.4383],[-10.29598,8.43938],[-10.29533,8.4409],[-10.2925,8.44199],[-10.29099,8.44784],[-10.28665,8.45262],[-10.28773,8.45457],[-10.2873,8.46304],[-10.28339,8.46716],[-10.27975,8.46576],[-10.27653,8.46704],[-10.27483,8.47515],[-10.27781,8.48668],[-10.28166,8.48582],[-10.29019,8.49265],[-10.29318,8.49265],[-10.29617,8.48966],[-10.29659,8.49222],[-10.30214,8.49308],[-10.30214,8.49521],[-10.30598,8.49564],[-10.30726,8.49777],[-10.31537,8.49692],[-10.31537,8.50033],[-10.32092,8.50588],[-10.32434,8.50588],[-10.32604,8.50204],[-10.33629,8.49991],[-10.33885,8.4935],[-10.34482,8.4935],[-10.34952,8.49052],[-10.35772,8.48334],[-10.36124,8.47646],[-10.3592,8.4707],[-10.35988,8.4646],[-10.35649,8.46053],[-10.35819,8.45374],[-10.35751,8.4412],[-10.35615,8.43815],[-10.35242,8.43713],[-10.35073,8.43509],[-10.35276,8.4317],[-10.3531,8.42153],[-10.36022,8.41068],[-10.36802,8.40932],[-10.37446,8.4117],[-10.37412,8.40797],[-10.37684,8.4022],[-10.37819,8.39508],[-10.37616,8.39067],[-10.37616,8.38627],[-10.38294,8.38084],[-10.38463,8.37609],[-10.38836,8.3727],[-10.38972,8.36423],[-10.39854,8.36083],[-10.4121,8.35168],[-10.41481,8.34761],[-10.41634,8.33879],[-10.41803,8.3371],[-10.42753,8.33439],[-10.43228,8.33744],[-10.43567,8.33439],[-10.43601,8.33167],[-10.43906,8.33032],[-10.43962,8.33182],[-10.44149,8.32176],[-10.44344,8.3185],[-10.45169,8.31134],[-10.45342,8.30787],[-10.45321,8.30223],[-10.44756,8.29789],[-10.4263,8.28942],[-10.4174,8.28313],[-10.39873,8.27835],[-10.39787,8.27575],[-10.39938,8.27076]]]}},{"type":"Feature","properties":{"name":"Kissi Kama","district":"Kailahun"},"geometry":{"type":"Polygon","coordinates":[[[-10.43962,8.33182],[-10.43906,8.33032],[-10.43601,8.33167],[-10.43567,8.33439],[-10.43228,8.33744],[-10.42753,8.33439],[-10.41803,8.3371],[-10.41634,8.33879],[-10.41481,8.34761],[-10.4121,8.35168],[-10.39854,8.36083],[-10.38972,8.36423],[-10.38836,8.3727],[-10.38463,8.37609],[-10.38294,8.38084],[-10.37616,8.38627],[-10.37616,8.39067],[-10.37819,8.39508],[-10.37684,8.4022],[-10.37412,8.40797],[-10.37446,8.4117],[-10.36802,8.40932],[-10.36022,8.41068],[-10.3531,8.42153],[-10.35276,8.4317],[-10.35073,8.43509],[-10.35242,8.43713],[-10.35615,8.43815],[-10.35751,8.4412],[-10.35819,8.45374],[-10.35649,8.46053],[-10.35988,8.4646],[-10.3592,8.4707],[-10.36124,8.47646],[-10.35772,8.48334],[-10.36019,8.48539],[-10.36915,8.48796],[-10.37939,8.4935],[-10.38323,8.49308],[-10.38622,8.48113],[-10.38964,8.47899],[-10.3939,8.46875],[-10.3939,8.45936],[-10.39924,8.44741],[-10.40735,8.44143],[-10.4129,8.44101],[-10.42869,8.41881],[-10.42997,8.41369],[-10.43722,8.40601],[-10.44704,8.39918],[-10.45216,8.39278],[-10.4624,8.39107],[-10.4624,8.38467],[-10.46923,8.38211],[-10.47692,8.37699],[-10.48076,8.37059],[-10.47734,8.36504],[-10.47851,8.36422],[-10.47568,8.36389],[-10.47025,8.36796],[-10.46619,8.37372],[-10.46347,8.37542],[-10.45703,8.37643],[-10.45466,8.37406],[-10.45533,8.35032],[-10.45059,8.34693],[-10.45127,8.34422],[-10.44618,8.34218],[-10.44652,8.33913],[-10.43962,8.33182]]]}},{"type":"Feature","properties":{"name":"Kholifa Rowala","district":"Tonkolili"},"geometry":{"type":"Polygon","coordinates":[[[-11.76115,8.8101],[-11.7661,8.80792],[-11.76585,8.81281],[-11.76891,8.81522],[-11.76643,8.81903],[-11.76933,8.82052],[-11.79479,8.82028],[-11.81413,8.81673],[-11.82342,8.81084],[-11.83279,8.81441],[-11.83884,8.81482],[-11.85008,8.81793],[-11.86833,8.81885],[-11.88533,8.81806],[-11.88216,8.80486],[-11.88473,8.79675],[-11.88131,8.7929],[-11.87917,8.78778],[-11.88302,8.77924],[-11.88814,8.78137],[-11.88857,8.77881],[-11.88643,8.77497],[-11.88772,8.76984],[-11.89028,8.76642],[-11.89626,8.76386],[-11.90266,8.75276],[-11.90523,8.75233],[-11.90779,8.75489],[-11.90992,8.75446],[-11.91121,8.74977],[-11.91334,8.74806],[-11.9159,8.74806],[-11.91847,8.75019],[-11.93555,8.73866],[-11.9458,8.73396],[-11.95306,8.72713],[-11.971,8.71901],[-11.98082,8.71261],[-11.9962,8.7062],[-11.99962,8.69766],[-11.99983,8.68954],[-12.00496,8.68143],[-12.01094,8.67972],[-12.01478,8.68015],[-12.01905,8.68314],[-12.02546,8.68271],[-12.02546,8.68826],[-12.02802,8.68912],[-12.03443,8.67972],[-12.03827,8.67929],[-12.04126,8.68143],[-12.03955,8.68784],[-12.04041,8.6904],[-12.04425,8.69211],[-12.05279,8.69168],[-12.05834,8.68613],[-12.06005,8.68613],[-12.06176,8.68912],[-12.06262,8.6951],[-12.06005,8.70278],[-12.06347,8.70492],[-12.07287,8.70407],[-12.07586,8.69253],[-12.07415,8.68741],[-12.07158,8.68442],[-12.07287,8.681],[-12.08098,8.68314],[-12.09379,8.67545],[-12.10319,8.67417],[-12.10832,8.66434],[-12.11472,8.66392],[-12.12188,8.65927],[-12.12528,8.64439],[-12.1278,8.64215],[-12.14894,8.63855],[-12.16554,8.63305],[-12.16886,8.62377],[-12.17389,8.61724],[-12.17669,8.61714],[-12.18332,8.6233],[-12.18472,8.6233],[-12.18565,8.6205],[-12.1849,8.61845],[-12.18117,8.6163],[-12.18154,8.61341],[-12.18388,8.6108],[-12.1808,8.60968],[-12.17669,8.61164],[-12.1696,8.608],[-12.16433,8.60702],[-12.16041,8.60151],[-12.14539,8.60721],[-12.13933,8.60553],[-12.1314,8.60543],[-12.12141,8.59834],[-12.12113,8.59657],[-12.11353,8.59932],[-12.10289,8.59447],[-12.09627,8.59923],[-12.09431,8.60333],[-12.09123,8.60623],[-12.08087,8.60893],[-12.05927,8.59993],[-12.06133,8.59349],[-12.06049,8.59218],[-12.05265,8.59041],[-12.04481,8.592],[-12.04505,8.58159],[-12.04673,8.5759],[-12.05102,8.57021],[-12.05186,8.56573],[-12.05522,8.56331],[-12.05554,8.5613],[-12.07,8.55095],[-12.08017,8.54833],[-12.08134,8.54278],[-12.08106,8.51768],[-12.07987,8.51477],[-12.07132,8.5088],[-12.06976,8.50636],[-12.06352,8.50966],[-12.06165,8.51271],[-12.06106,8.51999],[-12.05938,8.52098],[-12.05722,8.52157],[-12.05594,8.51793],[-12.05446,8.51773],[-12.05062,8.52137],[-12.04324,8.52068],[-12.03591,8.52398],[-12.02301,8.51965],[-12.02104,8.52083],[-12.02203,8.52979],[-12.01981,8.53249],[-12.01538,8.53456],[-12.0145,8.53673],[-12.01558,8.54559],[-12.01218,8.548],[-12.00509,8.54554],[-11.99565,8.54938],[-11.99289,8.55272],[-11.99259,8.56207],[-11.98782,8.56832],[-11.98733,8.57453],[-11.97923,8.57418],[-11.98227,8.58138],[-11.98135,8.58387],[-11.97609,8.58645],[-11.97028,8.5859],[-11.96991,8.58101],[-11.97314,8.57612],[-11.97221,8.57372],[-11.96114,8.5776],[-11.95833,8.5829],[-11.95695,8.58982],[-11.95833,8.5924],[-11.96165,8.59443],[-11.96857,8.5936],[-11.97023,8.59618],[-11.97106,8.60301],[-11.97009,8.60693],[-11.96576,8.61163],[-11.9605,8.61496],[-11.96161,8.61782],[-11.95995,8.61984],[-11.95533,8.61865],[-11.95127,8.6239],[-11.94823,8.62418],[-11.94689,8.63216],[-11.93582,8.63391],[-11.93555,8.63834],[-11.93813,8.64231],[-11.93721,8.64406],[-11.92226,8.6531],[-11.91857,8.65208],[-11.91276,8.65264],[-11.91318,8.6608],[-11.90939,8.66772],[-11.90451,8.66274],[-11.90257,8.66634],[-11.90118,8.66652],[-11.8938,8.66099],[-11.89058,8.66311],[-11.89002,8.66864],[-11.88559,8.66966],[-11.88227,8.67289],[-11.87877,8.67335],[-11.87831,8.67787],[-11.87342,8.67667],[-11.86996,8.68446],[-11.86655,8.68087],[-11.86461,8.68105],[-11.86027,8.68677],[-11.86249,8.69323],[-11.85621,8.6947],[-11.85465,8.69655],[-11.85202,8.70693],[-11.84777,8.70665],[-11.84713,8.70757],[-11.84731,8.7096],[-11.85414,8.71264],[-11.85405,8.71449],[-11.85202,8.71569],[-11.8499,8.71504],[-11.84667,8.72565],[-11.84159,8.7298],[-11.84118,8.73215],[-11.84431,8.73741],[-11.84422,8.73926],[-11.84072,8.74203],[-11.83906,8.73944],[-11.83749,8.73972],[-11.83357,8.74954],[-11.8344,8.75499],[-11.83209,8.75886],[-11.83172,8.76329],[-11.82591,8.76587],[-11.82204,8.76449],[-11.81839,8.78224],[-11.81526,8.78575],[-11.81516,8.78879],[-11.81747,8.78926],[-11.81756,8.79184],[-11.8129,8.79585],[-11.80755,8.79355],[-11.79851,8.79853],[-11.79565,8.7964],[-11.79058,8.79511],[-11.78957,8.79807],[-11.79196,8.80037],[-11.79215,8.80222],[-11.78901,8.80268],[-11.78597,8.80489],[-11.7809,8.80461],[-11.77647,8.80249],[-11.77333,8.79862],[-11.77066,8.79825],[-11.76355,8.80259],[-11.76115,8.8101]]]}},{"type":"Feature","properties":{"name":"Kholifa Mabang","district":"Tonkolili"},"geometry":{"type":"Polygon","coordinates":[[[-12.099,8.49228],[-12.09152,8.50045],[-12.09221,8.50547],[-12.08975,8.50882],[-12.08365,8.50291],[-12.07725,8.50606],[-12.06976,8.50636],[-12.07132,8.5088],[-12.07987,8.51477],[-12.08106,8.51768],[-12.08134,8.54278],[-12.08017,8.54833],[-12.07,8.55095],[-12.05554,8.5613],[-12.05522,8.56331],[-12.05186,8.56573],[-12.05102,8.57021],[-12.04673,8.5759],[-12.04505,8.58159],[-12.04481,8.592],[-12.05265,8.59041],[-12.06049,8.59218],[-12.06133,8.59349],[-12.05927,8.59993],[-12.08087,8.60893],[-12.09123,8.60623],[-12.09431,8.60333],[-12.09627,8.59923],[-12.10289,8.59447],[-12.11353,8.59932],[-12.12113,8.59657],[-12.12141,8.59834],[-12.13,8.60506],[-12.13933,8.60553],[-12.14427,8.60711],[-12.16041,8.60151],[-12.16433,8.60702],[-12.1696,8.608],[-12.17669,8.61164],[-12.1808,8.60968],[-12.18388,8.6108],[-12.18946,8.60771],[-12.19082,8.59763],[-12.19469,8.5954],[-12.19653,8.5954],[-12.19934,8.59947],[-12.19954,8.60645],[-12.20235,8.60635],[-12.20739,8.60354],[-12.23811,8.60083],[-12.24053,8.60286],[-12.24324,8.60994],[-12.24314,8.61207],[-12.23898,8.61594],[-12.2383,8.61846],[-12.24106,8.62365],[-12.24339,8.625],[-12.24668,8.62452],[-12.2554,8.61696],[-12.25715,8.62491],[-12.25938,8.62791],[-12.26257,8.62888],[-12.26374,8.62568],[-12.26936,8.6188],[-12.26955,8.6158],[-12.27323,8.61115],[-12.27391,8.60727],[-12.27953,8.60378],[-12.28205,8.59836],[-12.27813,8.586],[-12.27929,8.57854],[-12.28084,8.57679],[-12.28753,8.57621],[-12.29028,8.57453],[-12.28864,8.57144],[-12.28315,8.56766],[-12.27358,8.55719],[-12.27196,8.54532],[-12.26859,8.53754],[-12.26391,8.53098],[-12.25128,8.49749],[-12.23546,8.49308],[-12.22458,8.48805],[-12.21999,8.48787],[-12.20997,8.49007],[-12.20053,8.48998],[-12.20116,8.48693],[-12.20547,8.48153],[-12.20493,8.47946],[-12.19774,8.4809],[-12.19136,8.48504],[-12.18722,8.48486],[-12.1794,8.48899],[-12.17275,8.48827],[-12.16416,8.48338],[-12.15904,8.47241],[-12.15841,8.46638],[-12.14928,8.45303],[-12.14164,8.44998],[-12.13346,8.44143],[-12.12582,8.43775],[-12.11943,8.43973],[-12.10954,8.44881],[-12.10689,8.45281],[-12.10518,8.45928],[-12.10276,8.48427],[-12.099,8.49228]]]}},{"type":"Feature","properties":{"name":"Kenema Town","district":"Kenema"},"geometry":{"type":"Polygon","coordinates":[[[-11.21262,7.85],[-11.21412,7.849],[-11.21409,7.84661],[-11.21238,7.84563],[-11.21064,7.84709],[-11.20354,7.84691],[-11.19808,7.85152],[-11.19647,7.84935],[-11.19473,7.851],[-11.18528,7.85018],[-11.17931,7.85291],[-11.17993,7.85759],[-11.17322,7.86339],[-11.1734,7.87209],[-11.16631,7.87661],[-11.16632,7.88287],[-11.16857,7.88851],[-11.16623,7.89295],[-11.16714,7.91088],[-11.17081,7.91614],[-11.17309,7.91607],[-11.17634,7.91066],[-11.18711,7.90037],[-11.1881,7.89746],[-11.18727,7.89709],[-11.19799,7.89466],[-11.1999,7.89275],[-11.20422,7.88399],[-11.20351,7.88268],[-11.20532,7.87655],[-11.20559,7.8693],[-11.2091,7.86313],[-11.2086,7.85994],[-11.21205,7.85444],[-11.21262,7.85]]]}},{"type":"Feature","properties":{"name":"Kasunko","district":"Koinadugu"},"geometry":{"type":"Polygon","coordinates":[[[-11.71194,9.55234],[-11.74488,9.55395],[-11.76366,9.55751],[-11.77078,9.56075],[-11.78535,9.575],[-11.80284,9.61482],[-11.81174,9.61709],[-11.81466,9.62033],[-11.81531,9.62454],[-11.81984,9.62907],[-11.83279,9.6294],[-11.84089,9.62292],[-11.85028,9.60446],[-11.85255,9.60414],[-11.85676,9.60673],[-11.85611,9.61288],[-11.85837,9.61482],[-11.85837,9.61774],[-11.86064,9.61742],[-11.86388,9.62195],[-11.86323,9.62745],[-11.86744,9.6349],[-11.86712,9.63782],[-11.86971,9.63911],[-11.87295,9.64656],[-11.87683,9.64915],[-11.87716,9.66146],[-11.87942,9.66178],[-11.88137,9.66437],[-11.88072,9.66631],[-11.8791,9.66599],[-11.88137,9.6689],[-11.88046,9.67745],[-11.88383,9.67693],[-11.8789,9.6961],[-11.88098,9.7018],[-11.88306,9.70338],[-11.8828,9.70136],[-11.89434,9.6988],[-11.89903,9.70051],[-11.90544,9.6988],[-11.90758,9.70136],[-11.91227,9.70051],[-11.91398,9.70392],[-11.91783,9.70051],[-11.92124,9.69965],[-11.92381,9.69666],[-11.94901,9.69495],[-11.97719,9.68897],[-11.97976,9.68257],[-11.99342,9.68171],[-11.9994,9.67872],[-12.00666,9.67958],[-12.00453,9.67232],[-12.00666,9.66805],[-12.02076,9.66634],[-12.02717,9.67232],[-12.03016,9.66975],[-12.02588,9.66847],[-12.02631,9.66548],[-12.03144,9.66036],[-12.03528,9.65908],[-12.0434,9.66463],[-12.05322,9.65737],[-12.06176,9.65566],[-12.08867,9.64413],[-12.10789,9.62662],[-12.1096,9.61978],[-12.11301,9.61551],[-12.11088,9.60868],[-12.11515,9.6027],[-12.11814,9.59971],[-12.13544,9.58989],[-12.13074,9.58732],[-12.12946,9.58177],[-12.12604,9.58262],[-12.12134,9.58006],[-12.11536,9.58391],[-12.1128,9.58134],[-12.10981,9.58049],[-12.10725,9.58348],[-12.10041,9.57793],[-12.09102,9.57494],[-12.09102,9.57964],[-12.08589,9.58092],[-12.08162,9.58006],[-12.07351,9.57494],[-12.07094,9.57536],[-12.07052,9.57793],[-12.06625,9.57536],[-12.06069,9.5681],[-12.06027,9.56298],[-12.0624,9.56084],[-12.0577,9.54675],[-12.05514,9.54846],[-12.05087,9.54461],[-12.04446,9.5476],[-12.03763,9.5476],[-12.03336,9.55102],[-12.02909,9.54888],[-12.02354,9.54248],[-12.01841,9.54077],[-11.99898,9.51728],[-11.99043,9.51215],[-11.96951,9.49464],[-11.96865,9.50147],[-11.96566,9.50617],[-11.96096,9.50703],[-11.96011,9.51258],[-11.96395,9.51258],[-11.96096,9.52112],[-11.95627,9.5224],[-11.95285,9.52625],[-11.94986,9.53351],[-11.94345,9.53052],[-11.94132,9.53351],[-11.93662,9.53351],[-11.93406,9.5365],[-11.91953,9.53949],[-11.91356,9.53778],[-11.89519,9.54077],[-11.88494,9.53863],[-11.88579,9.52924],[-11.88793,9.52667],[-11.88964,9.51386],[-11.88665,9.5113],[-11.88195,9.52069],[-11.87704,9.51899],[-11.86721,9.50831],[-11.86807,9.50446],[-11.87277,9.50489],[-11.87576,9.5019],[-11.87405,9.49635],[-11.88003,9.48781],[-11.87405,9.47243],[-11.87319,9.46645],[-11.86721,9.46218],[-11.86252,9.46261],[-11.85526,9.45065],[-11.84116,9.44638],[-11.8433,9.43869],[-11.84073,9.43143],[-11.83518,9.42716],[-11.83219,9.42032],[-11.81874,9.40324],[-11.81233,9.39769],[-11.81617,9.39043],[-11.82429,9.36523],[-11.82472,9.36053],[-11.81788,9.36096],[-11.81062,9.35455],[-11.80806,9.34686],[-11.84436,9.31696],[-11.84821,9.30885],[-11.84266,9.28194],[-11.83796,9.2734],[-11.8371,9.26614],[-11.85034,9.26528],[-11.85376,9.26827],[-11.86487,9.26657],[-11.86487,9.26144],[-11.85931,9.25973],[-11.85718,9.26144],[-11.85419,9.25973],[-11.85056,9.25034],[-11.84629,9.2529],[-11.84073,9.25333],[-11.83945,9.24094],[-11.83646,9.23368],[-11.83176,9.22941],[-11.82536,9.22813],[-11.82066,9.2324],[-11.80486,9.23325],[-11.80101,9.22983],[-11.79674,9.231],[-11.79643,9.24408],[-11.78168,9.24585],[-11.77795,9.24443],[-11.77067,9.24514],[-11.76445,9.2439],[-11.75113,9.24514],[-11.74633,9.26167],[-11.7426,9.26753],[-11.72394,9.28654],[-11.71772,9.29098],[-11.7171,9.28969],[-11.70794,9.31964],[-11.70074,9.33087],[-11.69928,9.33551],[-11.70513,9.34234],[-11.70709,9.34258],[-11.71172,9.35357],[-11.71368,9.35161],[-11.71563,9.35235],[-11.71636,9.35674],[-11.7188,9.35723],[-11.72149,9.3604],[-11.73125,9.36406],[-11.73198,9.3726],[-11.731,9.37553],[-11.73295,9.37846],[-11.731,9.38383],[-11.73125,9.3953],[-11.72954,9.39725],[-11.73003,9.40018],[-11.72807,9.4014],[-11.72271,9.41628],[-11.72075,9.41775],[-11.72173,9.42043],[-11.71978,9.42629],[-11.71685,9.42824],[-11.71219,9.43695],[-11.71336,9.43906],[-11.71219,9.44164],[-11.70153,9.45898],[-11.70387,9.46133],[-11.70299,9.46689],[-11.70006,9.46836],[-11.69655,9.46718],[-11.69713,9.47246],[-11.69537,9.4748],[-11.69889,9.47656],[-11.69127,9.48535],[-11.69127,9.48828],[-11.68893,9.49296],[-11.70621,9.49501],[-11.71266,9.49999],[-11.71207,9.5041],[-11.71412,9.50615],[-11.73375,9.51435],[-11.73492,9.52372],[-11.73346,9.52665],[-11.72467,9.53368],[-11.71194,9.55234]]]}},{"type":"Feature","properties":{"name":"Kandu Leppiama","district":"Kenema"},"geometry":{"type":"Polygon","coordinates":[[[-11.22988,7.96786],[-11.22152,7.96182],[-11.21444,7.96321],[-11.2134,7.96484],[-11.21235,7.98771],[-11.20359,7.99804],[-11.20092,8.00407],[-11.20672,8.00697],[-11.20753,8.01034],[-11.21299,8.0173],[-11.21949,8.03088],[-11.21,8.04327],[-11.23793,8.05379],[-11.24132,8.05888],[-11.24777,8.0779],[-11.25473,8.09198],[-11.26356,8.10607],[-11.27035,8.11218],[-11.28067,8.12568],[-11.28283,8.12678],[-11.28834,8.12466],[-11.28686,8.12105],[-11.29195,8.11681],[-11.29174,8.11507],[-11.29428,8.11422],[-11.29428,8.11269],[-11.29734,8.11354],[-11.2987,8.11643],[-11.30752,8.11541],[-11.3082,8.11218],[-11.31228,8.11218],[-11.31482,8.10523],[-11.31822,8.10387],[-11.32263,8.10455],[-11.32654,8.09572],[-11.33112,8.09708],[-11.3354,8.09617],[-11.33454,8.09433],[-11.33527,8.06695],[-11.33637,8.05162],[-11.33819,8.04432],[-11.33491,8.03884],[-11.33637,8.03227],[-11.336,8.02424],[-11.33783,8.02169],[-11.36995,8.02424],[-11.37761,8.02607],[-11.38491,8.02205],[-11.38747,8.01658],[-11.38765,8.00891],[-11.3778,7.99942],[-11.36685,7.99321],[-11.36319,7.97496],[-11.36027,7.97095],[-11.36064,7.96547],[-11.35735,7.96146],[-11.3537,7.96036],[-11.35637,7.95803],[-11.33852,7.95811],[-11.3261,7.96089],[-11.31527,7.96177],[-11.31563,7.95985],[-11.31293,7.9588],[-11.30411,7.96043],[-11.29679,7.95962],[-11.29436,7.95729],[-11.2853,7.95741],[-11.27741,7.95288],[-11.27184,7.95149],[-11.26627,7.95312],[-11.26197,7.9566],[-11.25541,7.96612],[-11.24207,7.97854],[-11.23951,7.97459],[-11.22988,7.96786]]]}},{"type":"Feature","properties":{"name":"Kamara","district":"Kono"},"geometry":{"type":"Polygon","coordinates":[[[-11.09342,8.73415],[-11.09258,8.72871],[-11.09653,8.72223],[-11.09371,8.71856],[-11.09286,8.71292],[-11.08694,8.70869],[-11.08553,8.70587],[-11.08271,8.70559],[-11.07792,8.70164],[-11.07228,8.70221],[-11.072,8.69798],[-11.06156,8.69657],[-11.06185,8.68755],[-11.05931,8.68444],[-11.05029,8.67852],[-11.04521,8.66696],[-11.03083,8.65399],[-11.02576,8.65061],[-11.02266,8.65033],[-11.01814,8.6554],[-11.01138,8.65371],[-11.00546,8.65963],[-11.00461,8.66217],[-11.00715,8.66443],[-11.00799,8.66724],[-10.997,8.6757],[-10.99418,8.68698],[-10.99502,8.696],[-10.99333,8.70192],[-10.98995,8.70644],[-10.98628,8.7101],[-10.97754,8.71264],[-10.96105,8.72561],[-10.95033,8.73097],[-10.94864,8.73548],[-10.95033,8.73717],[-10.95823,8.73971],[-10.95879,8.74168],[-10.96584,8.74422],[-10.96838,8.74591],[-10.96923,8.74901],[-10.98304,8.75155],[-10.98417,8.75409],[-10.99206,8.76142],[-10.99037,8.76254],[-10.99094,8.76762],[-10.98936,8.77071],[-10.99196,8.77257],[-10.9913,8.77674],[-10.9992,8.77542],[-11.00294,8.7774],[-11.00996,8.77718],[-11.01435,8.77871],[-11.03301,8.77476],[-11.0385,8.76905],[-11.04553,8.76642],[-11.0486,8.76159],[-11.05168,8.76049],[-11.05541,8.76378],[-11.0587,8.76444],[-11.06419,8.76159],[-11.07407,8.75896],[-11.0767,8.7572],[-11.07736,8.75522],[-11.07561,8.75369],[-11.07297,8.75632],[-11.0699,8.75544],[-11.0699,8.75303],[-11.07539,8.74908],[-11.07846,8.74995],[-11.0879,8.74271],[-11.08812,8.73568],[-11.09342,8.73415]]]}},{"type":"Feature","properties":{"name":"Kamajei","district":"Moyamba"},"geometry":{"type":"Polygon","coordinates":[[[-11.82326,8.35768],[-11.83214,8.35608],[-11.84209,8.36088],[-11.8484,8.36052],[-11.8516,8.35964],[-11.85782,8.35324],[-11.86563,8.3504],[-11.86865,8.35057],[-11.87274,8.35395],[-11.88003,8.35573],[-11.89069,8.35537],[-11.89877,8.35999],[-11.90961,8.35857],[-11.91067,8.36017],[-11.91476,8.36052],[-11.91636,8.35821],[-11.92045,8.35679],[-11.92116,8.35466],[-11.92275,8.35608],[-11.92453,8.35146],[-11.92755,8.35022],[-11.93022,8.35093],[-11.93111,8.3488],[-11.93661,8.352],[-11.93857,8.35075],[-11.94177,8.35164],[-11.94336,8.35573],[-11.94496,8.35644],[-11.94825,8.35448],[-11.94896,8.35821],[-11.95092,8.35626],[-11.95305,8.35839],[-11.95536,8.3575],[-11.9566,8.35999],[-11.9598,8.35839],[-11.96175,8.36123],[-11.96609,8.3616],[-11.96531,8.35682],[-11.96887,8.35326],[-11.96855,8.3414],[-11.96186,8.32037],[-11.9603,8.29838],[-11.95879,8.29612],[-11.95776,8.27412],[-11.96677,8.24598],[-11.96655,8.23897],[-11.96348,8.23046],[-11.96412,8.20717],[-11.96774,8.19854],[-11.97183,8.19337],[-11.97507,8.19035],[-11.98434,8.18647],[-11.99178,8.17536],[-12.00919,8.15682],[-12.00925,8.13784],[-12.02261,8.12156],[-12.03216,8.11283],[-12.05081,8.1028],[-12.06547,8.09277],[-12.06817,8.08706],[-12.06003,8.07854],[-12.0555,8.07693],[-12.05345,8.06798],[-12.04946,8.06959],[-12.04752,8.06819],[-12.04472,8.0752],[-12.03803,8.08113],[-12.03695,8.09148],[-12.03124,8.09471],[-12.0321,8.0986],[-12.0279,8.09957],[-12.02542,8.10194],[-12.02272,8.10862],[-12.01749,8.10862],[-12.0093,8.11218],[-12.00111,8.11197],[-11.9941,8.11455],[-11.98536,8.11315],[-11.98235,8.11412],[-11.95803,8.12857],[-11.94488,8.13892],[-11.92563,8.14852],[-11.91485,8.16048],[-11.89663,8.16932],[-11.89146,8.16027],[-11.8845,8.15671],[-11.88245,8.14614],[-11.87744,8.13729],[-11.8746,8.1408],[-11.86355,8.14749],[-11.8459,8.15486],[-11.82415,8.15536],[-11.81628,8.15268],[-11.81603,8.15804],[-11.81419,8.16188],[-11.81252,8.16506],[-11.81051,8.16557],[-11.81051,8.16774],[-11.80817,8.16858],[-11.81051,8.17125],[-11.80566,8.17661],[-11.80298,8.18866],[-11.80139,8.22329],[-11.80507,8.23166],[-11.80407,8.24387],[-11.82172,8.25826],[-11.83728,8.26897],[-11.83912,8.27215],[-11.83979,8.28018],[-11.83762,8.28219],[-11.83276,8.28186],[-11.82641,8.28386],[-11.81018,8.28587],[-11.78156,8.2847],[-11.77964,8.30093],[-11.78349,8.31448],[-11.78526,8.32973],[-11.78801,8.3354],[-11.78767,8.33925],[-11.79118,8.34259],[-11.79637,8.34109],[-11.80273,8.33691],[-11.8029,8.33289],[-11.80541,8.3349],[-11.81043,8.33557],[-11.81762,8.33105],[-11.82326,8.35768]]]}},{"type":"Feature","properties":{"name":"Kalansogoia","district":"Tonkolili"},"geometry":{"type":"Polygon","coordinates":[[[-11.64586,9.05379],[-11.64737,9.06747],[-11.6527,9.07902],[-11.66922,9.0943],[-11.68805,9.10461],[-11.71728,9.11349],[-11.71426,9.12095],[-11.71284,9.12913],[-11.71373,9.13446],[-11.71088,9.13925],[-11.71035,9.14405],[-11.70769,9.14778],[-11.70964,9.1508],[-11.70813,9.16537],[-11.7092,9.16804],[-11.70795,9.17212],[-11.70777,9.18989],[-11.70582,9.19326],[-11.70973,9.19628],[-11.70991,9.19948],[-11.70813,9.20233],[-11.70955,9.20588],[-11.70911,9.22951],[-11.71302,9.25634],[-11.71275,9.27588],[-11.71346,9.28263],[-11.71772,9.29098],[-11.73194,9.27943],[-11.7426,9.26753],[-11.74633,9.26167],[-11.75113,9.24514],[-11.76445,9.2439],[-11.77067,9.24514],[-11.77795,9.24443],[-11.78168,9.24585],[-11.79643,9.24408],[-11.79717,9.21019],[-11.80571,9.2025],[-11.81254,9.19994],[-11.82151,9.18584],[-11.8181,9.17004],[-11.82493,9.16235],[-11.83433,9.1568],[-11.83817,9.14826],[-11.83796,9.14142],[-11.84223,9.12135],[-11.83881,9.11452],[-11.83369,9.10811],[-11.81959,9.10597],[-11.81617,9.10042],[-11.8166,9.09102],[-11.81319,9.08291],[-11.79781,9.07437],[-11.79226,9.07266],[-11.78628,9.07309],[-11.78115,9.06882],[-11.76407,9.06113],[-11.76236,9.05643],[-11.76791,9.05472],[-11.76748,9.04447],[-11.76877,9.04148],[-11.77432,9.04319],[-11.77944,9.0402],[-11.7803,9.03166],[-11.78457,9.0308],[-11.78905,9.02226],[-11.79845,9.02012],[-11.79845,9.015],[-11.80016,9.01286],[-11.80571,9.01286],[-11.81075,9.01494],[-11.81013,9.01177],[-11.8132,9.01185],[-11.8132,9.01069],[-11.80673,9.00804],[-11.80706,9.00547],[-11.80383,8.99883],[-11.80267,8.99916],[-11.80234,8.99701],[-11.80366,8.99543],[-11.80002,8.99394],[-11.7996,8.99236],[-11.80093,8.99162],[-11.79985,8.98963],[-11.79686,8.98863],[-11.79454,8.99004],[-11.7928,8.98623],[-11.78799,8.98788],[-11.78911,8.98237],[-11.78579,8.98096],[-11.78563,8.9788],[-11.78214,8.98229],[-11.77924,8.98229],[-11.7799,8.97822],[-11.77592,8.97897],[-11.77601,8.97433],[-11.77343,8.97341],[-11.7746,8.97151],[-11.77178,8.97117],[-11.77451,8.96819],[-11.77236,8.96711],[-11.77319,8.96321],[-11.76904,8.96346],[-11.77008,8.96093],[-11.768,8.9601],[-11.76858,8.95587],[-11.7718,8.95501],[-11.7685,8.95164],[-11.76916,8.94874],[-11.7661,8.95048],[-11.76634,8.94642],[-11.76319,8.94551],[-11.76344,8.94327],[-11.76527,8.94227],[-11.7639,8.94099],[-11.76473,8.93982],[-11.7634,8.93485],[-11.76423,8.93269],[-11.76274,8.93244],[-11.76348,8.92946],[-11.759,8.93062],[-11.75577,8.92987],[-11.75038,8.92465],[-11.7493,8.92656],[-11.74822,8.92548],[-11.74565,8.92656],[-11.7464,8.92473],[-11.74325,8.92299],[-11.74271,8.91714],[-11.73981,8.9193],[-11.73715,8.91548],[-11.73475,8.91781],[-11.73077,8.91449],[-11.72795,8.9149],[-11.7262,8.91308],[-11.72504,8.91382],[-11.72479,8.91814],[-11.72214,8.91897],[-11.72102,8.92365],[-11.71886,8.92556],[-11.71886,8.93228],[-11.72003,8.93352],[-11.72061,8.93916],[-11.71754,8.94107],[-11.71609,8.94443],[-11.71169,8.94509],[-11.70663,8.94891],[-11.70348,8.95355],[-11.70244,8.96578],[-11.69792,8.98283],[-11.68266,8.98556],[-11.65173,8.99751],[-11.65049,9.0092],[-11.65301,9.02334],[-11.64854,9.02558],[-11.65293,9.03238],[-11.65053,9.03495],[-11.6504,9.04121],[-11.65463,9.04735],[-11.65413,9.04901],[-11.64966,9.04967],[-11.64586,9.05379]]]}},{"type":"Feature","properties":{"name":"Kakua","district":"Bo"},"geometry":{"type":"Polygon","coordinates":[[[-11.66211,7.85911],[-11.65329,7.85946],[-11.64742,7.86141],[-11.64636,7.86622],[-11.65101,7.87992],[-11.65044,7.88171],[-11.6475,7.88106],[-11.64701,7.88196],[-11.64872,7.8853],[-11.64848,7.88766],[-11.65174,7.88799],[-11.65296,7.89003],[-11.65113,7.89463],[-11.64069,7.89651],[-11.63352,7.89325],[-11.6301,7.8948],[-11.6283,7.89708],[-11.62496,7.89838],[-11.62659,7.90132],[-11.62471,7.90303],[-11.6226,7.90238],[-11.60976,7.90911],[-11.60584,7.91253],[-11.60609,7.91783],[-11.60217,7.91718],[-11.59793,7.92044],[-11.59687,7.92329],[-11.60071,7.92443],[-11.60136,7.92728],[-11.595,7.92777],[-11.59194,7.92985],[-11.58942,7.92977],[-11.58803,7.93222],[-11.58599,7.93295],[-11.58306,7.93222],[-11.58167,7.93743],[-11.57515,7.94061],[-11.57327,7.94004],[-11.57172,7.94257],[-11.57246,7.94534],[-11.57026,7.94648],[-11.56219,7.94689],[-11.56096,7.94901],[-11.55994,7.94815],[-11.55897,7.94946],[-11.56052,7.95117],[-11.56451,7.95231],[-11.5628,7.95924],[-11.56369,7.96161],[-11.55742,7.96584],[-11.55587,7.96894],[-11.55375,7.97],[-11.55477,7.97608],[-11.55297,7.97893],[-11.55151,7.98839],[-11.55004,7.99034],[-11.537,7.99197],[-11.53406,7.99059],[-11.53333,7.9936],[-11.52915,7.99754],[-11.53067,8.00254],[-11.54281,8.0068],[-11.5504,8.00645],[-11.55838,8.00208],[-11.57116,8.00116],[-11.57868,8.00982],[-11.58439,8.01397],[-11.59334,8.03176],[-11.59673,8.03328],[-11.61243,8.03285],[-11.64587,8.03551],[-11.66373,8.04062],[-11.69839,8.05833],[-11.70905,8.05743],[-11.71183,8.05998],[-11.71483,8.06576],[-11.71462,8.07075],[-11.74177,8.07091],[-11.74732,8.0698],[-11.74964,8.06853],[-11.75096,8.06589],[-11.75397,8.06494],[-11.78084,8.06174],[-11.78496,8.05213],[-11.7977,8.04842],[-11.78623,8.01714],[-11.78022,8.00522],[-11.78148,8.00184],[-11.78042,7.99303],[-11.78173,7.98773],[-11.77777,7.97981],[-11.7801,7.97929],[-11.77276,7.96152],[-11.76606,7.95304],[-11.75669,7.9505],[-11.7519,7.95241],[-11.75383,7.95443],[-11.76177,7.9752],[-11.74483,7.98045],[-11.73731,7.98497],[-11.73282,7.98427],[-11.73405,7.98117],[-11.73208,7.97685],[-11.72671,7.98285],[-11.72369,7.97996],[-11.72495,7.9733],[-11.72353,7.97245],[-11.71417,7.97387],[-11.7103,7.97174],[-11.70861,7.96756],[-11.71028,7.95834],[-11.70847,7.94832],[-11.70997,7.94578],[-11.71311,7.94467],[-11.71452,7.9427],[-11.71752,7.943],[-11.72398,7.93737],[-11.71296,7.93112],[-11.69768,7.91893],[-11.69914,7.91347],[-11.69747,7.90136],[-11.69584,7.89826],[-11.69804,7.88995],[-11.69813,7.88432],[-11.66446,7.86199],[-11.66211,7.85911]]]}},{"type":"Feature","properties":{"name":"Kaiyamba","district":"Moyamba"},"geometry":{"type":"Polygon","coordinates":[[[-12.24554,8.10965],[-12.24547,8.11128],[-12.25661,8.11585],[-12.26246,8.13488],[-12.26674,8.13983],[-12.27407,8.14335],[-12.28083,8.14402],[-12.29016,8.14164],[-12.29577,8.13593],[-12.30962,8.1405],[-12.33803,8.14611],[-12.34336,8.14907],[-12.35088,8.14916],[-12.35859,8.15506],[-12.3585,8.15735],[-12.35669,8.15811],[-12.35707,8.16011],[-12.36287,8.1641],[-12.37039,8.17191],[-12.38139,8.17705],[-12.38443,8.19237],[-12.3832,8.19846],[-12.3841,8.2016],[-12.39095,8.21169],[-12.39119,8.22559],[-12.39262,8.22978],[-12.399,8.23444],[-12.39976,8.23625],[-12.40176,8.25424],[-12.40766,8.25148],[-12.42274,8.24786],[-12.43007,8.24253],[-12.44035,8.22987],[-12.44606,8.23463],[-12.44777,8.2392],[-12.44758,8.2432],[-12.45915,8.25157],[-12.46153,8.25148],[-12.47676,8.24348],[-12.48466,8.23692],[-12.4896,8.23454],[-12.49203,8.22683],[-12.49965,8.22483],[-12.49936,8.21112],[-12.50455,8.20408],[-12.50626,8.19932],[-12.50626,8.18933],[-12.51473,8.18247],[-12.51697,8.17857],[-12.51687,8.17495],[-12.51259,8.1701],[-12.49394,8.15459],[-12.4868,8.15221],[-12.47238,8.1523],[-12.46781,8.14964],[-12.46029,8.14907],[-12.46438,8.14031],[-12.47466,8.12984],[-12.4788,8.12232],[-12.47776,8.1169],[-12.4689,8.10471],[-12.46819,8.09805],[-12.46962,8.09291],[-12.47618,8.09158],[-12.48113,8.08777],[-12.48313,8.07587],[-12.47623,8.06474],[-12.47538,8.05979],[-12.47852,8.04941],[-12.47833,8.04132],[-12.48574,8.02809],[-12.48289,8.02067],[-12.48041,8.018],[-12.47337,8.01296],[-12.46556,8.00991],[-12.45709,8.01039],[-12.44239,8.02666],[-12.42978,8.03818],[-12.42188,8.04142],[-12.41874,8.03923],[-12.41674,8.03942],[-12.40713,8.04494],[-12.39818,8.04475],[-12.39485,8.04332],[-12.38443,8.03466],[-12.36796,8.02543],[-12.35692,8.0162],[-12.35202,8.01029],[-12.33584,8.00021],[-12.33251,7.99345],[-12.32775,7.99211],[-12.32308,7.99345],[-12.31171,7.98717],[-12.30219,7.98412],[-12.30191,7.98821],[-12.30048,7.98964],[-12.29086,7.99231],[-12.28906,8.00021],[-12.27058,8.01763],[-12.28027,8.03777],[-12.27131,8.05589],[-12.26303,8.065],[-12.26148,8.07141],[-12.26003,8.07328],[-12.25455,8.07361],[-12.25942,8.08187],[-12.25961,8.08568],[-12.25271,8.0991],[-12.24554,8.10965]]]}},{"type":"Feature","properties":{"name":"Kagboro","district":"Moyamba"},"geometry":{"type":"MultiPolygon","coordinates":[[[[-12.99093,7.90855],[-12.99088,7.90936],[-12.99273,7.9086],[-12.99093,7.90855]]],[[[-12.95876,7.91492],[-12.96023,7.91469],[-12.95961,7.91388],[-12.95876,7.91492]]],[[[-12.98065,7.91216],[-12.98108,7.91526],[-12.98574,7.90902],[-12.98369,7.90983],[-12.98203,7.9085],[-12.97908,7.91036],[-12.97732,7.90983],[-12.97694,7.91155],[-12.98065,7.91216]]],[[[-12.64517,7.91178],[-12.64431,7.9155],[-12.63717,7.92349],[-12.6267,7.9292],[-12.61814,7.93139],[-12.60072,7.93996],[-12.58049,7.95585],[-12.57849,7.95985],[-12.57669,7.97137],[-12.57664,7.97755],[-12.57902,7.98212],[-12.57978,7.98859],[-12.5765,8.00106],[-12.57615,8.01353],[-12.5818,8.01223],[-12.59109,8.00491],[-12.59747,8.00162],[-12.6032,8.00312],[-12.61427,8.01016],[-12.61957,8.0112],[-12.62314,8.01617],[-12.62793,8.01927],[-12.63788,8.02218],[-12.64013,8.02152],[-12.64041,8.01589],[-12.64163,8.01411],[-12.64538,8.01082],[-12.65092,8.00913],[-12.66748,8.01242],[-12.66974,8.01476],[-12.67593,8.01307],[-12.69048,8.01955],[-12.69494,8.01645],[-12.69775,8.0127],[-12.70319,8.01101],[-12.70892,8.00697],[-12.71136,8.00716],[-12.71981,8.00078],[-12.72788,7.99712],[-12.73797,8.0051],[-12.73937,8.00998],[-12.73994,8.02546],[-12.74773,8.01983],[-12.75176,8.02039],[-12.76959,8.01495],[-12.77138,8.01617],[-12.78024,8.03184],[-12.79573,8.03935],[-12.81084,8.04376],[-12.82168,8.0432],[-12.82637,8.0416],[-12.83679,8.02677],[-12.84439,8.02856],[-12.84758,8.03137],[-12.8488,8.03541],[-12.86171,8.03869],[-12.86508,8.0386],[-12.87194,8.03522],[-12.88198,8.03822],[-12.89291,8.03832],[-12.89648,8.0371],[-12.89948,8.03297],[-12.90454,8.03217],[-12.89995,8.01364],[-12.89443,8.00694],[-12.89293,8.00058],[-12.88602,7.99987],[-12.88786,7.99862],[-12.88409,7.97655],[-12.87777,7.95997],[-12.87185,7.95439],[-12.8562,7.94823],[-12.85078,7.94432],[-12.84877,7.94011],[-12.85191,7.93969],[-12.8599,7.94244],[-12.8721,7.9424],[-12.88543,7.94632],[-12.89567,7.9439],[-12.89942,7.9414],[-12.89933,7.94423],[-12.90292,7.94423],[-12.91229,7.93445],[-12.91587,7.93395],[-12.91595,7.93078],[-12.91953,7.9282],[-12.92095,7.92554],[-12.92936,7.92121],[-12.93352,7.92179],[-12.93877,7.91879],[-12.94027,7.91921],[-12.94456,7.91608],[-12.94997,7.91808],[-12.9523,7.91767],[-12.95247,7.91892],[-12.9543,7.91867],[-12.95613,7.91617],[-12.95447,7.91575],[-12.95472,7.91367],[-12.9513,7.90834],[-12.94947,7.90909],[-12.94564,7.90659],[-12.93502,7.89381],[-12.92469,7.87374],[-12.92061,7.86882],[-12.91624,7.87045],[-12.90808,7.86978],[-12.9065,7.87128],[-12.899,7.86678],[-12.87789,7.84309],[-12.86436,7.82273],[-12.85903,7.82106],[-12.84703,7.81007],[-12.84129,7.80907],[-12.83642,7.8032],[-12.83125,7.80003],[-12.81943,7.79487],[-12.81035,7.79262],[-12.8101,7.79037],[-12.80727,7.79046],[-12.80627,7.78887],[-12.80377,7.79129],[-12.80419,7.79337],[-12.79944,7.79953],[-12.76971,7.8188],[-12.76742,7.81937],[-12.76019,7.81689],[-12.75001,7.81546],[-12.74092,7.8186],[-12.70346,7.81499],[-12.69433,7.8188],[-12.69385,7.82032],[-12.69613,7.82489],[-12.69518,7.82631],[-12.68662,7.82584],[-12.68671,7.82993],[-12.68376,7.82888],[-12.68205,7.83079],[-12.68024,7.83536],[-12.6829,7.83735],[-12.67957,7.84002],[-12.67876,7.84392],[-12.67619,7.84554],[-12.67248,7.84288],[-12.67191,7.84564],[-12.66849,7.8484],[-12.6702,7.85144],[-12.66392,7.85382],[-12.66211,7.8561],[-12.66163,7.86039],[-12.66325,7.86048],[-12.65959,7.86914],[-12.66044,7.876],[-12.65902,7.88038],[-12.65968,7.89494],[-12.65402,7.90617],[-12.64726,7.91178],[-12.64517,7.91178]]]]}},{"type":"Feature","properties":{"name":"Kaffu Bullom","district":"Port Loko"},"geometry":{"type":"MultiPolygon","coordinates":[[[[-13.13135,8.53712],[-13.13002,8.53845],[-13.1306,8.54028],[-13.13227,8.53945],[-13.13135,8.53712]]],[[[-13.12028,8.53895],[-13.11511,8.55028],[-13.12511,8.5457],[-13.12352,8.53854],[-13.12161,8.53779],[-13.12028,8.53895]]],[[[-13.12152,8.55936],[-13.11978,8.55994],[-13.11969,8.56485],[-13.12327,8.56319],[-13.12227,8.55869],[-13.12152,8.55936]]],[[[-13.10637,8.56027],[-13.10512,8.56202],[-13.10512,8.56644],[-13.10678,8.56827],[-13.1102,8.56877],[-13.1137,8.56652],[-13.11211,8.56061],[-13.10762,8.55861],[-13.10637,8.56027]]],[[[-13.10454,8.58742],[-13.10687,8.59009],[-13.10745,8.59425],[-13.1122,8.59342],[-13.11253,8.59075],[-13.1249,8.56856],[-13.1244,8.56514],[-13.11678,8.56727],[-13.1097,8.57226],[-13.10329,8.58376],[-13.10262,8.58701],[-13.10454,8.58742]]],[[[-13.10928,8.59708],[-13.10762,8.59883],[-13.10845,8.60041],[-13.1102,8.59683],[-13.10928,8.59708]]],[[[-13.24553,8.71105],[-13.24577,8.70722],[-13.2428,8.69654],[-13.24557,8.68783],[-13.24636,8.67873],[-13.24518,8.66725],[-13.24161,8.65775],[-13.23172,8.64034],[-13.22222,8.63084],[-13.21193,8.61625],[-13.20243,8.59008],[-13.20065,8.5782],[-13.18641,8.55288],[-13.17154,8.53541],[-13.17104,8.53366],[-13.1722,8.533],[-13.16762,8.52742],[-13.16646,8.52992],[-13.16453,8.52571],[-13.15541,8.51991],[-13.14745,8.51756],[-13.14146,8.52288],[-13.13622,8.53117],[-13.13539,8.54141],[-13.13264,8.54657],[-13.13289,8.54749],[-13.13556,8.54716],[-13.13164,8.54907],[-13.1284,8.55315],[-13.12902,8.56735],[-13.12752,8.5716],[-13.11615,8.58838],[-13.11457,8.59363],[-13.10999,8.60079],[-13.1092,8.60533],[-13.10501,8.60708],[-13.10909,8.61553],[-13.12794,8.63842],[-13.13535,8.63876],[-13.15184,8.64347],[-13.15588,8.65054],[-13.16161,8.65424],[-13.168,8.66232],[-13.1744,8.664],[-13.17204,8.66703],[-13.17372,8.6741],[-13.17238,8.67646],[-13.16666,8.67747],[-13.16497,8.67983],[-13.168,8.69969],[-13.17238,8.70507],[-13.18046,8.7044],[-13.18517,8.70676],[-13.1919,8.70777],[-13.19695,8.7108],[-13.19964,8.71517],[-13.2057,8.71787],[-13.21277,8.70979],[-13.22212,8.70533],[-13.22212,8.70196],[-13.22296,8.70154],[-13.22464,8.70364],[-13.22464,8.69986],[-13.22716,8.69817],[-13.22801,8.7028],[-13.23137,8.70322],[-13.23263,8.69943],[-13.23642,8.70154],[-13.23768,8.70953],[-13.23979,8.7108],[-13.24553,8.71105]]]]}},{"type":"Feature","properties":{"name":"Kafe Simiria","district":"Tonkolili"},"geometry":{"type":"Polygon","coordinates":[[[-11.71222,8.75463],[-11.70667,8.75555],[-11.70074,8.74348],[-11.70066,8.73892],[-11.69651,8.73427],[-11.6927,8.73212],[-11.68888,8.73502],[-11.68378,8.72926],[-11.67756,8.72843],[-11.67856,8.72478],[-11.67756,8.7242],[-11.67383,8.72445],[-11.67018,8.72279],[-11.66811,8.7276],[-11.66305,8.72867],[-11.65932,8.73125],[-11.65509,8.72917],[-11.65127,8.72901],[-11.64406,8.72279],[-11.6414,8.71474],[-11.64016,8.71491],[-11.63597,8.72084],[-11.63241,8.71893],[-11.62544,8.71885],[-11.62146,8.72117],[-11.61748,8.71976],[-11.61457,8.72051],[-11.61383,8.71918],[-11.61051,8.72208],[-11.60678,8.71885],[-11.60636,8.71487],[-11.59898,8.71371],[-11.5994,8.71934],[-11.59546,8.73257],[-11.59264,8.73274],[-11.59048,8.73639],[-11.58733,8.7368],[-11.58816,8.74012],[-11.58559,8.74941],[-11.5831,8.74933],[-11.5792,8.74675],[-11.57771,8.74767],[-11.57721,8.75505],[-11.57452,8.75559],[-11.5751,8.76123],[-11.57327,8.76877],[-11.5756,8.77018],[-11.57344,8.7745],[-11.57531,8.77885],[-11.57431,8.78167],[-11.5768,8.78665],[-11.5734,8.78988],[-11.57497,8.79925],[-11.57203,8.80443],[-11.57012,8.8114],[-11.56805,8.8109],[-11.56739,8.81223],[-11.56797,8.8192],[-11.56324,8.82384],[-11.56141,8.82774],[-11.55951,8.825],[-11.55694,8.82459],[-11.55785,8.82915],[-11.56324,8.83354],[-11.5615,8.83952],[-11.58244,8.84122],[-11.59455,8.84818],[-11.60504,8.85096],[-11.61565,8.84914],[-11.62353,8.85254],[-11.62963,8.85764],[-11.63328,8.85838],[-11.64974,8.85469],[-11.65778,8.85478],[-11.66815,8.85685],[-11.66985,8.85838],[-11.68316,8.88812],[-11.68503,8.90275],[-11.68478,8.91428],[-11.68855,8.92427],[-11.68897,8.9363],[-11.69104,8.94011],[-11.70527,8.95029],[-11.71169,8.94509],[-11.71609,8.94443],[-11.71754,8.94107],[-11.72094,8.93792],[-11.71886,8.93228],[-11.71886,8.92556],[-11.72102,8.92365],[-11.72214,8.91897],[-11.72479,8.91814],[-11.72504,8.91382],[-11.7262,8.91308],[-11.72795,8.9149],[-11.73077,8.91449],[-11.73475,8.91781],[-11.73715,8.91548],[-11.73981,8.9193],[-11.74271,8.91714],[-11.74325,8.92299],[-11.7464,8.92473],[-11.74565,8.92656],[-11.74822,8.92548],[-11.7493,8.92656],[-11.75038,8.92465],[-11.75577,8.92987],[-11.759,8.93062],[-11.76282,8.92888],[-11.76274,8.93244],[-11.76423,8.93269],[-11.7639,8.94099],[-11.76527,8.94227],[-11.76344,8.94327],[-11.76319,8.94551],[-11.76634,8.94642],[-11.7661,8.95048],[-11.76916,8.94874],[-11.7685,8.95164],[-11.7718,8.95501],[-11.76858,8.95587],[-11.768,8.9601],[-11.77008,8.96093],[-11.76904,8.96346],[-11.77319,8.96321],[-11.77236,8.96711],[-11.77451,8.96819],[-11.77178,8.97117],[-11.7746,8.97151],[-11.77343,8.97341],[-11.77601,8.97433],[-11.77592,8.97897],[-11.7799,8.97822],[-11.77924,8.98229],[-11.78214,8.98229],[-11.78563,8.9788],[-11.78579,8.98096],[-11.78911,8.98237],[-11.78799,8.98788],[-11.7928,8.98623],[-11.79454,8.99004],[-11.79686,8.98863],[-11.79985,8.98963],[-11.80093,8.99162],[-11.7996,8.99236],[-11.80002,8.99394],[-11.80366,8.99543],[-11.80234,8.99701],[-11.80267,8.99916],[-11.80383,8.99883],[-11.80706,9.00547],[-11.80673,9.00804],[-11.8132,9.01069],[-11.8132,9.01185],[-11.81013,9.01177],[-11.81075,9.01494],[-11.81511,9.01842],[-11.82151,9.02867],[-11.82408,9.02739],[-11.82023,9.0197],[-11.82151,9.01671],[-11.82536,9.02098],[-11.82963,9.02183],[-11.83219,9.02098],[-11.83347,9.01842],[-11.82877,9.01116],[-11.83219,9.00518],[-11.83817,8.99877],[-11.84116,8.99706],[-11.84458,8.99962],[-11.85098,9.00133],[-11.86422,8.9945],[-11.87106,8.98766],[-11.86508,8.98254],[-11.86764,8.97613],[-11.87063,8.97314],[-11.87875,8.97442],[-11.88302,8.974],[-11.88729,8.97186],[-11.88515,8.96631],[-11.88003,8.96161],[-11.88045,8.95777],[-11.87917,8.95563],[-11.87447,8.9552],[-11.87149,8.95264],[-11.8749,8.94709],[-11.86978,8.94453],[-11.87341,8.9189],[-11.87255,8.90481],[-11.86828,8.89712],[-11.86914,8.89157],[-11.867,8.88302],[-11.867,8.87918],[-11.87127,8.8779],[-11.87127,8.87363],[-11.87512,8.86765],[-11.88451,8.85996],[-11.88067,8.85569],[-11.88195,8.84629],[-11.88408,8.84245],[-11.88323,8.83305],[-11.88622,8.8275],[-11.88533,8.81806],[-11.86833,8.81885],[-11.85008,8.81793],[-11.83884,8.81482],[-11.83279,8.81441],[-11.82342,8.81084],[-11.81413,8.81673],[-11.79479,8.82028],[-11.76751,8.82036],[-11.76643,8.81903],[-11.76891,8.81522],[-11.76585,8.81281],[-11.7661,8.80792],[-11.75958,8.81045],[-11.75743,8.79403],[-11.75527,8.78971],[-11.74876,8.78644],[-11.74702,8.78179],[-11.74312,8.78577],[-11.74155,8.78594],[-11.73334,8.77748],[-11.72695,8.77914],[-11.72587,8.77831],[-11.72463,8.77126],[-11.72061,8.76475],[-11.7192,8.75546],[-11.71862,8.75447],[-11.71222,8.75463]]]}},{"type":"Feature","properties":{"name":"Jong","district":"Bonthe"},"geometry":{"type":"Polygon","coordinates":[[[-12.13012,7.50755],[-12.12729,7.50876],[-12.12911,7.51483],[-12.12526,7.52172],[-12.12972,7.53265],[-12.1287,7.5371],[-12.13488,7.55663],[-12.13225,7.56432],[-12.11929,7.58193],[-12.12293,7.59165],[-12.12071,7.59792],[-12.12557,7.59853],[-12.12293,7.60399],[-12.10547,7.61556],[-12.08452,7.63335],[-12.08215,7.6381],[-12.07661,7.64403],[-12.07819,7.65391],[-12.08215,7.6634],[-12.08689,7.66656],[-12.10547,7.66893],[-12.11064,7.67211],[-12.11989,7.66393],[-12.12525,7.66209],[-12.13562,7.66192],[-12.14315,7.66426],[-12.15185,7.66343],[-12.1547,7.66426],[-12.16022,7.66962],[-12.16482,7.66962],[-12.17101,7.66493],[-12.1782,7.66677],[-12.18624,7.6641],[-12.19745,7.67079],[-12.20464,7.67882],[-12.21376,7.68568],[-12.22514,7.6892],[-12.24087,7.69003],[-12.24768,7.69423],[-12.24643,7.67816],[-12.24868,7.67434],[-12.26283,7.66491],[-12.26979,7.65794],[-12.28686,7.64536],[-12.29866,7.62728],[-12.3,7.61021],[-12.28922,7.58932],[-12.2845,7.58303],[-12.28473,7.58168],[-12.29124,7.58101],[-12.29124,7.5736],[-12.29282,7.57247],[-12.3009,7.57674],[-12.31101,7.5718],[-12.31168,7.56596],[-12.31034,7.56663],[-12.3009,7.56079],[-12.29034,7.56573],[-12.289,7.56888],[-12.28495,7.57045],[-12.27979,7.57023],[-12.27282,7.56237],[-12.26609,7.56416],[-12.26204,7.56686],[-12.258,7.5736],[-12.25665,7.5736],[-12.2553,7.57068],[-12.25261,7.57045],[-12.25508,7.56484],[-12.25463,7.56326],[-12.25598,7.56214],[-12.25463,7.56012],[-12.25777,7.55742],[-12.26474,7.55473],[-12.28226,7.55405],[-12.28495,7.55271],[-12.28698,7.54035],[-12.29484,7.5298],[-12.30337,7.5289],[-12.30977,7.52654],[-12.3109,7.51778],[-12.31809,7.51463],[-12.31809,7.51329],[-12.31483,7.5107],[-12.30562,7.50688],[-12.30495,7.50059],[-12.29326,7.49206],[-12.29821,7.48824],[-12.29529,7.48757],[-12.29551,7.4824],[-12.29686,7.48262],[-12.29866,7.47836],[-12.29663,7.47791],[-12.29708,7.47499],[-12.29596,7.47431],[-12.29574,7.47117],[-12.30517,7.46084],[-12.30871,7.45185],[-12.28638,7.45715],[-12.24934,7.47739],[-12.24326,7.47395],[-12.23335,7.47719],[-12.21938,7.47678],[-12.19621,7.49146],[-12.19499,7.49409],[-12.19803,7.49571],[-12.20066,7.50522],[-12.19823,7.51048],[-12.1954,7.51109],[-12.19317,7.51453],[-12.19013,7.51453],[-12.18953,7.51635],[-12.19175,7.51838],[-12.19519,7.51595],[-12.19762,7.51959],[-12.2045,7.52222],[-12.20754,7.52121],[-12.21402,7.52404],[-12.22657,7.51736],[-12.23061,7.52384],[-12.23021,7.52586],[-12.22616,7.5285],[-12.22474,7.53092],[-12.22535,7.53902],[-12.22252,7.54449],[-12.22029,7.54388],[-12.21938,7.54074],[-12.21776,7.54034],[-12.21554,7.54398],[-12.21351,7.54358],[-12.21371,7.54054],[-12.20744,7.53912],[-12.20643,7.54175],[-12.20703,7.54438],[-12.2044,7.54783],[-12.2042,7.55167],[-12.20137,7.55106],[-12.19934,7.54418],[-12.19813,7.54358],[-12.19813,7.54702],[-12.19712,7.54742],[-12.19165,7.54519],[-12.19104,7.53528],[-12.187,7.53669],[-12.18436,7.53447],[-12.18092,7.53568],[-12.18072,7.53386],[-12.18315,7.53184],[-12.17404,7.529],[-12.17607,7.52799],[-12.17607,7.52475],[-12.17465,7.52273],[-12.17586,7.51605],[-12.17526,7.51402],[-12.17263,7.5122],[-12.1702,7.5118],[-12.16878,7.51402],[-12.1617,7.51746],[-12.15967,7.51382],[-12.15684,7.51544],[-12.15117,7.5124],[-12.14793,7.51423],[-12.14712,7.5118],[-12.13984,7.50512],[-12.137,7.50654],[-12.13478,7.50613],[-12.13336,7.50775],[-12.13012,7.50755]]]}},{"type":"Feature","properties":{"name":"Jawie","district":"Kailahun"},"geometry":{"type":"Polygon","coordinates":[[[-11.02525,7.8777],[-11.02219,7.87486],[-11.0117,7.85694],[-11.00733,7.84405],[-11.00459,7.84033],[-10.9952,7.81848],[-10.98165,7.79903],[-10.97466,7.79597],[-10.96417,7.80078],[-10.9598,7.79553],[-10.95521,7.78614],[-10.95204,7.77499],[-10.94483,7.76232],[-10.94308,7.76385],[-10.94068,7.76363],[-10.93696,7.75948],[-10.93565,7.76188],[-10.92866,7.75839],[-10.92866,7.76254],[-10.92582,7.76756],[-10.92298,7.76494],[-10.91992,7.76538],[-10.91555,7.7621],[-10.91314,7.76276],[-10.91103,7.7617],[-10.90596,7.76577],[-10.90021,7.77576],[-10.88751,7.78439],[-10.8804,7.7915],[-10.87854,7.79658],[-10.8721,7.80217],[-10.86067,7.81639],[-10.84578,7.82773],[-10.83968,7.83417],[-10.82876,7.86684],[-10.82385,7.87869],[-10.81792,7.8875],[-10.82038,7.91526],[-10.81903,7.92559],[-10.81462,7.93541],[-10.8098,7.93998],[-10.79981,7.95725],[-10.79947,7.96673],[-10.78398,8.0],[-10.78737,8.00487],[-10.79266,8.00698],[-10.79625,8.01058],[-10.80049,8.02137],[-10.80747,8.02053],[-10.80916,8.02793],[-10.8119,8.0294],[-10.82098,8.02393],[-10.82408,8.0202],[-10.83185,8.01678],[-10.83403,8.00591],[-10.83931,8.00684],[-10.84335,8.00591],[-10.84211,8.00156],[-10.85298,7.98571],[-10.85609,7.97763],[-10.86137,7.97608],[-10.86945,7.968],[-10.8738,7.96645],[-10.88001,7.96676],[-10.89275,7.96117],[-10.90549,7.95185],[-10.9089,7.94284],[-10.91387,7.93849],[-10.93826,7.92202],[-10.94976,7.91239],[-10.96561,7.90586],[-10.96871,7.90307],[-10.97213,7.89157],[-10.97772,7.87914],[-10.98207,7.87883],[-10.99139,7.88815],[-11.00693,7.89748],[-11.01252,7.89437],[-11.01998,7.88722],[-11.02402,7.88225],[-11.02525,7.8777]]]}},{"type":"Feature","properties":{"name":"Jaiama Bongor","district":"Bo"},"geometry":{"type":"Polygon","coordinates":[[[-11.47941,7.78013],[-11.48822,7.78223],[-11.49296,7.78551],[-11.49187,7.79062],[-11.48165,7.79939],[-11.48639,7.80559],[-11.4853,7.81435],[-11.48019,7.82165],[-11.48457,7.83224],[-11.47483,7.85463],[-11.48257,7.85527],[-11.48529,7.8544],[-11.49315,7.84438],[-11.5012,7.83864],[-11.50774,7.83577],[-11.51488,7.82751],[-11.52725,7.83118],[-11.53036,7.83062],[-11.55106,7.82388],[-11.558,7.81957],[-11.57986,7.81319],[-11.57775,7.82121],[-11.57815,7.83581],[-11.57428,7.85587],[-11.57129,7.86397],[-11.56124,7.87745],[-11.55972,7.88152],[-11.56315,7.88495],[-11.5663,7.88603],[-11.57891,7.88172],[-11.60679,7.86804],[-11.60846,7.86796],[-11.61054,7.87099],[-11.61261,7.87131],[-11.62394,7.86668],[-11.63886,7.86437],[-11.64564,7.8615],[-11.64721,7.86234],[-11.65329,7.85946],[-11.66211,7.85911],[-11.66475,7.85641],[-11.68876,7.84864],[-11.70452,7.84133],[-11.7101,7.83704],[-11.71737,7.82949],[-11.7217,7.82153],[-11.72118,7.79552],[-11.71166,7.77967],[-11.71175,7.76472],[-11.71275,7.75993],[-11.72168,7.75166],[-11.7248,7.74471],[-11.72859,7.72276],[-11.72882,7.68867],[-11.73055,7.67865],[-11.73701,7.66533],[-11.73248,7.6676],[-11.71907,7.66597],[-11.71907,7.65663],[-11.72232,7.64729],[-11.7211,7.6416],[-11.71542,7.63429],[-11.71606,7.6335],[-11.71418,7.63338],[-11.68887,7.65181],[-11.67602,7.65795],[-11.66622,7.65947],[-11.64633,7.66772],[-11.62427,7.68345],[-11.61769,7.68553],[-11.60919,7.68499],[-11.59558,7.68718],[-11.58335,7.69113],[-11.57561,7.69649],[-11.57017,7.70588],[-11.56822,7.71308],[-11.55536,7.72188],[-11.5496,7.73641],[-11.54589,7.73985],[-11.51755,7.75893],[-11.50129,7.76621],[-11.49512,7.77086],[-11.47974,7.77882],[-11.47941,7.78013]]]}},{"type":"Feature","properties":{"name":"Imperri","district":"Bonthe"},"geometry":{"type":"MultiPolygon","coordinates":[[[[-12.47779,7.58495],[-12.47595,7.59036],[-12.48437,7.59694],[-12.48503,7.59086],[-12.48278,7.58661],[-12.48003,7.58461],[-12.47779,7.58495]]],[[[-12.47645,7.59352],[-12.4797,7.59794],[-12.48153,7.59885],[-12.48337,7.59769],[-12.48053,7.59461],[-12.47645,7.59352]]],[[[-12.49419,7.62092],[-12.50943,7.61834],[-12.49103,7.60668],[-12.48203,7.60402],[-12.47937,7.60452],[-12.47978,7.60901],[-12.48437,7.61676],[-12.4877,7.62001],[-12.49419,7.62092]]],[[[-12.5026,7.62659],[-12.50169,7.62767],[-12.50302,7.63133],[-12.5056,7.62767],[-12.5026,7.62659]]],[[[-12.55353,7.62954],[-12.55749,7.63575],[-12.56173,7.636],[-12.55911,7.63021],[-12.55678,7.62904],[-12.55353,7.62954]]],[[[-12.52334,7.625],[-12.52109,7.629],[-12.52284,7.63192],[-12.52251,7.63616],[-12.52401,7.63908],[-12.54033,7.64707],[-12.54741,7.65723],[-12.55091,7.65832],[-12.55482,7.65698],[-12.55503,7.65086],[-12.5522,7.64412],[-12.54016,7.62975],[-12.53816,7.62775],[-12.53225,7.6255],[-12.52334,7.625]]],[[[-12.51755,7.71566],[-12.51789,7.71657],[-12.53213,7.70958],[-12.54137,7.699],[-12.54079,7.694],[-12.53371,7.69217],[-12.52355,7.69409],[-12.51897,7.69634],[-12.51589,7.71499],[-12.51755,7.71566]]],[[[-12.42632,7.76014],[-12.43304,7.75562],[-12.44241,7.75428],[-12.44694,7.7524],[-12.44835,7.74893],[-12.44852,7.7424],[-12.44067,7.74038],[-12.44581,7.73685],[-12.44989,7.72769],[-12.45472,7.72286],[-12.45946,7.72094],[-12.46742,7.72149],[-12.4735,7.72498],[-12.4765,7.7279],[-12.48657,7.74414],[-12.49057,7.74489],[-12.5056,7.72444],[-12.51555,7.6965],[-12.5183,7.69192],[-12.52455,7.68767],[-12.53025,7.68572],[-12.54516,7.68322],[-12.55186,7.67027],[-12.54562,7.66485],[-12.53737,7.65045],[-12.53167,7.64816],[-12.52659,7.64916],[-12.52434,7.64807],[-12.51077,7.63566],[-12.50777,7.63741],[-12.50394,7.64458],[-12.49886,7.64549],[-12.4999,7.63279],[-12.4989,7.62979],[-12.48815,7.62555],[-12.48003,7.61568],[-12.47729,7.61393],[-12.47529,7.60252],[-12.46817,7.58316],[-12.46738,7.5747],[-12.46888,7.5732],[-12.47046,7.56246],[-12.46346,7.5548],[-12.4588,7.55363],[-12.45343,7.55659],[-12.44976,7.55692],[-12.44127,7.55359],[-12.4366,7.55376],[-12.42528,7.55676],[-12.40058,7.54864],[-12.39451,7.55413],[-12.39326,7.55305],[-12.39192,7.54697],[-12.38251,7.54281],[-12.3795,7.53729],[-12.37023,7.5384],[-12.36189,7.55194],[-12.3567,7.55546],[-12.35039,7.55546],[-12.34279,7.55008],[-12.32101,7.52654],[-12.30977,7.52654],[-12.30337,7.5289],[-12.29484,7.5298],[-12.28698,7.54035],[-12.28495,7.55271],[-12.28226,7.55405],[-12.26474,7.55473],[-12.25777,7.55742],[-12.25463,7.56012],[-12.25598,7.56214],[-12.25463,7.56326],[-12.25508,7.56484],[-12.25261,7.57045],[-12.2553,7.57068],[-12.25665,7.5736],[-12.258,7.5736],[-12.26204,7.56686],[-12.26609,7.56416],[-12.27282,7.56237],[-12.27979,7.57023],[-12.28495,7.57045],[-12.289,7.56888],[-12.29034,7.56573],[-12.3009,7.56079],[-12.31034,7.56663],[-12.31168,7.56596],[-12.31101,7.5718],[-12.3009,7.57674],[-12.29282,7.57247],[-12.29124,7.5736],[-12.29124,7.58101],[-12.28473,7.58168],[-12.2845,7.58303],[-12.28922,7.58932],[-12.3,7.61021],[-12.29866,7.62728],[-12.28686,7.64536],[-12.26979,7.65794],[-12.26283,7.66491],[-12.24868,7.67434],[-12.24643,7.67816],[-12.24856,7.6994],[-12.25342,7.71078],[-12.26571,7.72099],[-12.27743,7.7337],[-12.29081,7.75378],[-12.29625,7.76432],[-12.29843,7.77771],[-12.29608,7.78524],[-12.29776,7.78775],[-12.29809,7.80113],[-12.30428,7.80147],[-12.30955,7.79963],[-12.31842,7.80113],[-12.3288,7.80063],[-12.33917,7.80482],[-12.34703,7.80549],[-12.35448,7.80783],[-12.3682,7.78541],[-12.37088,7.77888],[-12.38878,7.77219],[-12.38895,7.76901],[-12.39213,7.76449],[-12.38995,7.76081],[-12.39464,7.75579],[-12.39748,7.75596],[-12.39932,7.76349],[-12.40844,7.76616],[-12.423,7.76299],[-12.42632,7.76014]]]]}},{"type":"Feature","properties":{"name":"Gorama Mende","district":"Kenema"},"geometry":{"type":"Polygon","coordinates":[[[-11.24022,8.36423],[-11.23997,8.3743],[-11.25124,8.4048],[-11.24792,8.41276],[-11.25058,8.42204],[-11.25058,8.43132],[-11.23201,8.44989],[-11.23731,8.45785],[-11.24328,8.46315],[-11.2519,8.47376],[-11.26052,8.48039],[-11.25124,8.49166],[-11.2519,8.50095],[-11.25853,8.51222],[-11.26052,8.51487],[-11.26516,8.51553],[-11.26848,8.51355],[-11.27644,8.51752],[-11.28174,8.52283],[-11.28373,8.52681],[-11.29235,8.53079],[-11.29765,8.53211],[-11.30893,8.53145],[-11.31489,8.5288],[-11.32351,8.52217],[-11.33346,8.51819],[-11.34009,8.52217],[-11.33877,8.52614],[-11.34341,8.52614],[-11.34772,8.54272],[-11.35435,8.5467],[-11.35772,8.552],[-11.36007,8.54814],[-11.36238,8.54797],[-11.36487,8.55099],[-11.36647,8.5501],[-11.36629,8.54424],[-11.37162,8.54246],[-11.37269,8.54015],[-11.37162,8.53731],[-11.37304,8.53571],[-11.37642,8.53535],[-11.37686,8.5334],[-11.38006,8.53144],[-11.38308,8.53269],[-11.3877,8.53819],[-11.38557,8.54157],[-11.38806,8.54761],[-11.3996,8.55116],[-11.40227,8.54939],[-11.40796,8.55276],[-11.41098,8.55099],[-11.414,8.55276],[-11.42039,8.55276],[-11.43505,8.54885],[-11.45921,8.54903],[-11.46934,8.54335],[-11.47538,8.54264],[-11.49235,8.53446],[-11.49928,8.53606],[-11.50603,8.53553],[-11.511,8.53695],[-11.53277,8.53873],[-11.5429,8.52984],[-11.55125,8.52576],[-11.56706,8.52309],[-11.57665,8.52434],[-11.58003,8.52718],[-11.589,8.52096],[-11.58936,8.51527],[-11.58634,8.50426],[-11.58847,8.49289],[-11.5858,8.49342],[-11.58261,8.492],[-11.58296,8.48951],[-11.59226,8.48878],[-11.59006,8.48235],[-11.59006,8.46775],[-11.58495,8.46191],[-11.56998,8.45388],[-11.56195,8.44621],[-11.55374,8.43052],[-11.5541,8.39767],[-11.54644,8.37029],[-11.54206,8.36481],[-11.52563,8.35496],[-11.50045,8.35021],[-11.49059,8.34145],[-11.47398,8.32247],[-11.47026,8.32492],[-11.46523,8.33139],[-11.45228,8.35512],[-11.44545,8.36159],[-11.41993,8.38208],[-11.40519,8.38711],[-11.3847,8.38675],[-11.37751,8.38495],[-11.37428,8.381],[-11.36385,8.3774],[-11.35127,8.3792],[-11.34516,8.3774],[-11.34077,8.37594],[-11.34092,8.37283],[-11.32197,8.37561],[-11.31155,8.37273],[-11.30148,8.37237],[-11.29106,8.37992],[-11.28423,8.381],[-11.26841,8.38028],[-11.25619,8.37525],[-11.24468,8.36554],[-11.24022,8.36423]]]}},{"type":"Feature","properties":{"name":"Gorama Kono","district":"Kono"},"geometry":{"type":"Polygon","coordinates":[[[-11.01731,8.44052],[-11.02749,8.437],[-11.03534,8.43238],[-11.04204,8.42661],[-11.04874,8.42915],[-11.06306,8.41668],[-11.0656,8.41552],[-11.06884,8.41598],[-11.06999,8.41344],[-11.07531,8.4139],[-11.07831,8.41229],[-11.08362,8.4146],[-11.08778,8.4139],[-11.08963,8.41483],[-11.09286,8.41668],[-11.09679,8.42245],[-11.10487,8.43862],[-11.09956,8.4474],[-11.11642,8.4541],[-11.11896,8.45456],[-11.12358,8.45248],[-11.13675,8.4437],[-11.14495,8.44185],[-11.15858,8.44763],[-11.16435,8.45271],[-11.16689,8.4534],[-11.17175,8.45156],[-11.17683,8.44139],[-11.18075,8.43908],[-11.19069,8.4437],[-11.193,8.4437],[-11.19461,8.44116],[-11.20131,8.44416],[-11.21078,8.44486],[-11.21979,8.44855],[-11.22487,8.44463],[-11.23144,8.449],[-11.23669,8.44427],[-11.24261,8.43544],[-11.25058,8.43132],[-11.24731,8.40792],[-11.2504,8.40185],[-11.23923,8.37436],[-11.23827,8.36082],[-11.23977,8.34916],[-11.23711,8.34392],[-11.22737,8.33451],[-11.20482,8.36037],[-11.19753,8.36568],[-11.18559,8.36568],[-11.17101,8.36369],[-11.1604,8.35905],[-11.15244,8.35706],[-11.14808,8.35433],[-11.13984,8.34512],[-11.13321,8.34114],[-11.1173,8.34114],[-11.10934,8.34645],[-11.10072,8.34645],[-11.09343,8.34446],[-11.08646,8.33982],[-11.08116,8.34446],[-11.07254,8.34844],[-11.06876,8.34737],[-11.05994,8.33451],[-11.05198,8.33527],[-11.04325,8.33831],[-11.02546,8.35441],[-11.00142,8.36299],[-10.99937,8.36423],[-10.99562,8.37032],[-10.98634,8.37231],[-10.97507,8.37231],[-10.96645,8.3743],[-10.95749,8.37878],[-10.95186,8.3869],[-10.94788,8.38822],[-10.93793,8.39021],[-10.92605,8.38689],[-10.92666,8.3979],[-10.92948,8.406],[-10.92948,8.41235],[-10.93476,8.42221],[-10.9323,8.42856],[-10.93829,8.43666],[-10.95168,8.44688],[-10.962,8.45133],[-10.96293,8.44832],[-10.96847,8.44278],[-10.98372,8.43608],[-10.99319,8.43839],[-11.00127,8.43492],[-11.01731,8.44052]]]}},{"type":"Feature","properties":{"name":"Gbonkolenken","district":"Tonkolili"},"geometry":{"type":"Polygon","coordinates":[[[-11.9964,8.39144],[-11.99622,8.37616],[-11.99356,8.37403],[-11.99089,8.37349],[-11.98787,8.37047],[-11.9765,8.3639],[-11.96762,8.36123],[-11.96389,8.36212],[-11.9598,8.35839],[-11.9566,8.35999],[-11.95536,8.3575],[-11.95305,8.35839],[-11.95092,8.35626],[-11.94896,8.35821],[-11.94825,8.35448],[-11.94496,8.35644],[-11.94336,8.35573],[-11.94177,8.35164],[-11.93857,8.35075],[-11.93661,8.352],[-11.93111,8.3488],[-11.93022,8.35093],[-11.92755,8.35022],[-11.92453,8.35146],[-11.92275,8.35608],[-11.92116,8.35466],[-11.92045,8.35679],[-11.91636,8.35821],[-11.91476,8.36052],[-11.91067,8.36017],[-11.90961,8.35857],[-11.89877,8.35999],[-11.89069,8.35537],[-11.88003,8.35573],[-11.87274,8.35395],[-11.86865,8.35057],[-11.86563,8.3504],[-11.85782,8.35324],[-11.8516,8.35964],[-11.8484,8.36052],[-11.84209,8.36088],[-11.83214,8.35608],[-11.82326,8.35768],[-11.81811,8.36301],[-11.81633,8.37189],[-11.81331,8.37509],[-11.80318,8.38167],[-11.79652,8.38202],[-11.79528,8.38362],[-11.79137,8.38184],[-11.78906,8.38344],[-11.78835,8.38717],[-11.78675,8.38877],[-11.78444,8.38877],[-11.7816,8.39233],[-11.78,8.39002],[-11.77289,8.39393],[-11.76667,8.39268],[-11.76525,8.39464],[-11.76649,8.39624],[-11.76596,8.3989],[-11.76383,8.39943],[-11.76365,8.39695],[-11.76205,8.39659],[-11.76099,8.39908],[-11.76223,8.40103],[-11.76187,8.40476],[-11.75939,8.40601],[-11.75885,8.40281],[-11.75708,8.40352],[-11.75335,8.4108],[-11.75406,8.41276],[-11.74855,8.41969],[-11.74659,8.42182],[-11.741,8.42218],[-11.73922,8.43106],[-11.73691,8.43461],[-11.73887,8.43888],[-11.73762,8.44048],[-11.733,8.43959],[-11.73016,8.44652],[-11.73158,8.44847],[-11.72678,8.45202],[-11.72696,8.45895],[-11.7298,8.46375],[-11.72892,8.46695],[-11.73283,8.47317],[-11.73185,8.47867],[-11.72678,8.48646],[-11.72636,8.49706],[-11.7272,8.49874],[-11.73066,8.5],[-11.72867,8.5064],[-11.73129,8.51039],[-11.72962,8.51605],[-11.73402,8.52728],[-11.73644,8.53001],[-11.74273,8.52959],[-11.74672,8.53127],[-11.74732,8.53433],[-11.74889,8.53535],[-11.75036,8.5347],[-11.75627,8.53968],[-11.76097,8.54024],[-11.76812,8.54997],[-11.76572,8.55476],[-11.77255,8.56722],[-11.7761,8.56957],[-11.77601,8.57427],[-11.77905,8.57575],[-11.77923,8.57999],[-11.7844,8.58101],[-11.78874,8.58378],[-11.79962,8.58516],[-11.79893,8.58677],[-11.8016,8.58585],[-11.80576,8.58724],[-11.80852,8.59166],[-11.8076,8.59369],[-11.81074,8.59489],[-11.80917,8.59812],[-11.81166,8.60504],[-11.81701,8.61306],[-11.82019,8.61191],[-11.82379,8.59817],[-11.83348,8.59632],[-11.84169,8.58876],[-11.84288,8.5906],[-11.84538,8.59106],[-11.84611,8.58903],[-11.85013,8.59083],[-11.85262,8.58963],[-11.85262,8.5877],[-11.85723,8.58853],[-11.85695,8.58687],[-11.86009,8.58641],[-11.86193,8.5901],[-11.86424,8.58816],[-11.86728,8.59028],[-11.86793,8.58641],[-11.87282,8.58751],[-11.87683,8.5835],[-11.87831,8.58009],[-11.88191,8.57843],[-11.88015,8.56957],[-11.88596,8.56745],[-11.88707,8.56339],[-11.88836,8.56551],[-11.88975,8.56533],[-11.88919,8.56394],[-11.8944,8.55873],[-11.89606,8.55938],[-11.89625,8.56436],[-11.89773,8.56427],[-11.89791,8.55984],[-11.90012,8.55882],[-11.90003,8.56297],[-11.90409,8.56039],[-11.90649,8.56187],[-11.91027,8.55947],[-11.90981,8.55753],[-11.9123,8.55864],[-11.91484,8.55315],[-11.9188,8.55232],[-11.9212,8.55038],[-11.92176,8.55241],[-11.92397,8.55094],[-11.92425,8.54808],[-11.92591,8.54734],[-11.92886,8.55121],[-11.92683,8.5514],[-11.92701,8.55306],[-11.93587,8.55038],[-11.93753,8.54577],[-11.94007,8.546],[-11.94247,8.55089],[-11.94652,8.54775],[-11.94948,8.54831],[-11.94828,8.5508],[-11.95187,8.55089],[-11.95243,8.55393],[-11.95575,8.55089],[-11.95805,8.55495],[-11.95916,8.55061],[-11.96221,8.54923],[-11.96543,8.55024],[-11.96456,8.55546],[-11.96548,8.55933],[-11.96308,8.56071],[-11.96686,8.56533],[-11.96908,8.56357],[-11.97065,8.56671],[-11.97397,8.56773],[-11.97609,8.5657],[-11.97895,8.56514],[-11.97941,8.56754],[-11.98338,8.57252],[-11.98295,8.57379],[-11.98733,8.57453],[-11.98782,8.56832],[-11.99259,8.56207],[-11.99289,8.55272],[-11.99565,8.54938],[-12.00509,8.54554],[-12.01218,8.548],[-12.01558,8.54559],[-12.0145,8.53673],[-12.01538,8.53456],[-12.02134,8.53097],[-12.02252,8.52821],[-12.02104,8.52083],[-12.02301,8.51965],[-12.03591,8.52398],[-12.04324,8.52068],[-12.05062,8.52137],[-12.05446,8.51773],[-12.05594,8.51793],[-12.05722,8.52157],[-12.05938,8.52098],[-12.06106,8.51999],[-12.06165,8.51271],[-12.06352,8.50966],[-12.0676,8.50685],[-12.07725,8.50606],[-12.08365,8.50291],[-12.08867,8.50862],[-12.09142,8.50784],[-12.09152,8.50045],[-12.099,8.49228],[-12.09743,8.49169],[-12.0931,8.49415],[-12.08827,8.49248],[-12.08719,8.49445],[-12.08384,8.49593],[-12.07892,8.48854],[-12.07562,8.4878],[-12.06765,8.48967],[-12.06568,8.4884],[-12.06745,8.47855],[-12.06293,8.47009],[-12.06608,8.46339],[-12.05992,8.46206],[-12.05756,8.46059],[-12.05736,8.45852],[-12.06573,8.45478],[-12.06711,8.45222],[-12.06268,8.43765],[-12.06297,8.43549],[-12.06701,8.43568],[-12.06893,8.43445],[-12.06932,8.4313],[-12.06617,8.4252],[-12.06224,8.42353],[-12.04826,8.42933],[-12.04659,8.43199],[-12.04353,8.43298],[-12.03999,8.42992],[-12.03891,8.42402],[-12.03517,8.42323],[-12.03005,8.42481],[-12.02513,8.43091],[-12.0208,8.43209],[-12.0207,8.42707],[-12.0269,8.41772],[-12.027,8.41093],[-12.00583,8.40522],[-12.00495,8.39784],[-11.99747,8.40089],[-11.99609,8.39951],[-11.9964,8.39144]]]}},{"type":"Feature","properties":{"name":"Gbo","district":"Bo"},"geometry":{"type":"Polygon","coordinates":[[[-11.81628,8.15268],[-11.82415,8.15536],[-11.8459,8.15486],[-11.85761,8.15067],[-11.8746,8.1408],[-11.88547,8.12775],[-11.88982,8.11738],[-11.89819,8.10533],[-11.90764,8.07806],[-11.91634,8.06768],[-11.91651,8.06434],[-11.91333,8.05831],[-11.89869,8.04794],[-11.88179,8.0292],[-11.88279,8.02619],[-11.89166,8.01548],[-11.89367,8.00845],[-11.89334,8.00427],[-11.88999,7.99992],[-11.88212,7.99389],[-11.87833,7.99371],[-11.87498,7.98684],[-11.87232,7.98564],[-11.87214,7.98315],[-11.86854,7.981],[-11.85626,7.99405],[-11.84647,8.00221],[-11.83733,8.0068],[-11.83587,8.01393],[-11.83355,8.0183],[-11.8196,8.02959],[-11.81892,8.03363],[-11.82192,8.04273],[-11.82029,8.04505],[-11.79011,8.05024],[-11.78797,8.05187],[-11.79011,8.05599],[-11.78951,8.05908],[-11.77844,8.06827],[-11.77526,8.07239],[-11.7747,8.0751],[-11.77685,8.08514],[-11.77453,8.12583],[-11.77384,8.13287],[-11.77135,8.13794],[-11.77281,8.13871],[-11.77436,8.14275],[-11.77628,8.14341],[-11.77914,8.13976],[-11.79078,8.14886],[-11.79764,8.15199],[-11.81427,8.15147],[-11.81628,8.15268]]]}},{"type":"Feature","properties":{"name":"Gbinle Dixing","district":"Kambia"},"geometry":{"type":"Polygon","coordinates":[[[-12.9768,9.0462],[-12.97286,9.0524],[-12.96987,9.0547],[-12.95998,9.05745],[-12.95815,9.05998],[-12.95677,9.06228],[-12.96562,9.0755],[-12.96447,9.07734],[-12.95642,9.08079],[-12.95205,9.08745],[-12.94309,9.09297],[-12.94447,9.10539],[-12.94378,9.10975],[-12.93481,9.11803],[-12.92585,9.12171],[-12.92044,9.13585],[-12.91792,9.14044],[-12.91516,9.14182],[-12.91907,9.15079],[-12.91746,9.15447],[-12.91447,9.1586],[-12.90481,9.15998],[-12.90274,9.16136],[-12.90022,9.16619],[-12.8993,9.17079],[-12.90022,9.1724],[-12.90504,9.1724],[-12.9101,9.1763],[-12.91171,9.1809],[-12.91102,9.18711],[-12.90734,9.19768],[-12.90849,9.20826],[-12.90504,9.21194],[-12.89562,9.21263],[-12.89332,9.21493],[-12.88849,9.23079],[-12.88941,9.23355],[-12.89378,9.23561],[-12.90366,9.23194],[-12.90734,9.23263],[-12.90872,9.23653],[-12.90803,9.23952],[-12.9009,9.24504],[-12.89815,9.24987],[-12.89884,9.25286],[-12.90734,9.25584],[-12.90938,9.26444],[-12.91338,9.26394],[-12.91488,9.26719],[-12.91811,9.26898],[-12.91492,9.2694],[-12.91425,9.27248],[-12.92133,9.28172],[-12.92441,9.28131],[-12.93083,9.28614],[-12.94213,9.28885],[-12.95414,9.27931],[-12.94944,9.26563],[-12.94964,9.25754],[-12.95698,9.24658],[-12.96009,9.2393],[-12.95713,9.23795],[-12.96007,9.23928],[-12.96222,9.23429],[-12.95505,9.22047],[-12.95609,9.18417],[-12.95768,9.18222],[-12.95437,9.18058],[-12.9577,9.18222],[-12.97079,9.17349],[-12.97564,9.16735],[-12.99041,9.14168],[-12.98958,9.13443],[-12.99891,9.12327],[-13.04238,9.09419],[-13.05331,9.08487],[-13.05401,9.08021],[-13.05401,9.07745],[-13.05194,9.07562],[-13.0547,9.06826],[-13.05493,9.06389],[-13.04964,9.05723],[-13.04389,9.05493],[-13.03378,9.04527],[-13.03171,9.04504],[-13.02964,9.04941],[-13.02849,9.04849],[-13.02688,9.04964],[-13.02504,9.04826],[-13.01998,9.04895],[-13.01861,9.05125],[-13.01493,9.05033],[-13.01562,9.04642],[-13.00826,9.04527],[-13.00596,9.04688],[-13.00826,9.04987],[-13.00711,9.05148],[-12.99975,9.05102],[-12.99746,9.05263],[-12.98734,9.04734],[-12.9768,9.0462]]]}},{"type":"Feature","properties":{"name":"Gbense","district":"Kono"},"geometry":{"type":"Polygon","coordinates":[[[-10.90798,8.63916],[-10.90506,8.64421],[-10.89975,8.64721],[-10.89369,8.65396],[-10.89484,8.66609],[-10.8934,8.67382],[-10.89015,8.6814],[-10.89051,8.68645],[-10.88401,8.70052],[-10.87066,8.71785],[-10.86705,8.72759],[-10.86308,8.73084],[-10.85478,8.7312],[-10.84973,8.73301],[-10.84828,8.74095],[-10.84612,8.74131],[-10.84106,8.74744],[-10.83168,8.75069],[-10.82879,8.75322],[-10.83168,8.76549],[-10.83116,8.7695],[-10.83332,8.77085],[-10.83207,8.77583],[-10.83409,8.77583],[-10.83604,8.78011],[-10.83561,8.78302],[-10.83829,8.78353],[-10.84069,8.78079],[-10.84275,8.78044],[-10.84481,8.78147],[-10.84481,8.78456],[-10.84651,8.78728],[-10.84937,8.78486],[-10.85639,8.78793],[-10.86122,8.78618],[-10.86407,8.78881],[-10.86429,8.78662],[-10.86869,8.78859],[-10.86825,8.7943],[-10.87066,8.79913],[-10.87308,8.7954],[-10.87461,8.79781],[-10.87813,8.79716],[-10.87988,8.79957],[-10.88449,8.80089],[-10.89723,8.80835],[-10.90337,8.80418],[-10.90689,8.80572],[-10.92445,8.79891],[-10.92774,8.80067],[-10.94245,8.79781],[-10.94443,8.79847],[-10.95211,8.79584],[-10.95387,8.79408],[-10.95541,8.79496],[-10.9655,8.79342],[-10.96836,8.79189],[-10.96836,8.78376],[-10.97012,8.78091],[-10.96924,8.77366],[-10.96375,8.77279],[-10.96221,8.77169],[-10.96375,8.76993],[-10.9655,8.76905],[-10.96814,8.77103],[-10.97879,8.76971],[-10.98054,8.77301],[-10.98296,8.77323],[-10.98691,8.77081],[-10.98936,8.77071],[-10.99094,8.76762],[-10.99037,8.76254],[-10.99206,8.76142],[-10.98417,8.75409],[-10.98304,8.75155],[-10.96923,8.74901],[-10.96838,8.74591],[-10.96584,8.74422],[-10.95879,8.74168],[-10.95823,8.73971],[-10.95033,8.73717],[-10.94864,8.73548],[-10.94893,8.7335],[-10.95033,8.73097],[-10.96105,8.72561],[-10.97754,8.71264],[-10.98628,8.7101],[-10.98995,8.70644],[-10.99333,8.70192],[-10.99502,8.696],[-10.99418,8.68698],[-10.997,8.6757],[-11.00799,8.66724],[-11.00715,8.66443],[-11.00461,8.66217],[-11.00856,8.6554],[-11.01069,8.65412],[-10.9996,8.64172],[-10.99322,8.6423],[-10.99264,8.64335],[-10.99149,8.6464],[-10.99408,8.65184],[-10.99354,8.65334],[-10.97712,8.65968],[-10.95862,8.65714],[-10.94965,8.65352],[-10.94323,8.65451],[-10.94203,8.65282],[-10.94491,8.64576],[-10.94052,8.64405],[-10.93053,8.63674],[-10.9276,8.6382],[-10.92224,8.63699],[-10.91834,8.63918],[-10.91298,8.6382],[-10.91054,8.63967],[-10.90798,8.63916]]]}},{"type":"Feature","properties":{"name":"Gbendembu Ngowa","district":"Bombali"},"geometry":{"type":"Polygon","coordinates":[[[-12.38426,9.07278],[-12.38871,9.06904],[-12.38643,9.05791],[-12.37929,9.05306],[-12.37929,9.05106],[-12.37301,9.05049],[-12.37073,9.05163],[-12.3673,9.0482],[-12.36159,9.04563],[-12.35874,9.04078],[-12.35931,9.03707],[-12.35788,9.03279],[-12.36388,9.03165],[-12.36359,9.02765],[-12.36045,9.02422],[-12.35817,9.01452],[-12.35246,9.01338],[-12.34675,9.00681],[-12.34361,9.00653],[-12.34389,8.99967],[-12.34218,8.99739],[-12.34047,8.98854],[-12.34247,8.98632],[-12.3427,8.9838],[-12.3395,8.97946],[-12.33546,8.96827],[-12.33125,8.96955],[-12.32322,8.96864],[-12.30111,8.95932],[-12.28375,8.96115],[-12.2812,8.95987],[-12.28302,8.95439],[-12.28038,8.95183],[-12.27124,8.95549],[-12.2685,8.95402],[-12.26211,8.95366],[-12.26412,8.95037],[-12.26813,8.94909],[-12.27106,8.95019],[-12.27343,8.948],[-12.27416,8.94434],[-12.26211,8.93429],[-12.26412,8.92954],[-12.2696,8.92973],[-12.27124,8.92826],[-12.27964,8.92772],[-12.27727,8.91438],[-12.27288,8.91073],[-12.2696,8.91036],[-12.26156,8.91347],[-12.25133,8.91274],[-12.24512,8.91785],[-12.24731,8.92406],[-12.24073,8.93137],[-12.2358,8.93411],[-12.23269,8.93356],[-12.23178,8.93155],[-12.23324,8.92936],[-12.23214,8.92662],[-12.22749,8.92954],[-12.22438,8.92991],[-12.21707,8.92406],[-12.21177,8.92607],[-12.20556,8.92406],[-12.2052,8.92735],[-12.20721,8.93301],[-12.20995,8.93813],[-12.21342,8.94142],[-12.21324,8.9427],[-12.201,8.94361],[-12.19314,8.93722],[-12.18857,8.94014],[-12.18327,8.94745],[-12.17816,8.94891],[-12.17578,8.94763],[-12.17688,8.93265],[-12.17405,8.93174],[-12.17058,8.93484],[-12.16327,8.9458],[-12.16363,8.95311],[-12.1598,8.95841],[-12.15688,8.95932],[-12.15121,8.95859],[-12.1503,8.96115],[-12.14902,8.96115],[-12.14537,8.95476],[-12.1408,8.95786],[-12.14116,8.96005],[-12.13879,8.96298],[-12.13477,8.95951],[-12.13203,8.95969],[-12.1302,8.96389],[-12.12728,8.96371],[-12.12582,8.96517],[-12.12545,8.96846],[-12.12417,8.96901],[-12.11568,8.96773],[-12.1091,8.9648],[-12.1038,8.96736],[-12.10216,8.96681],[-12.10216,8.96352],[-12.09558,8.9617],[-12.09595,8.9575],[-12.09412,8.9575],[-12.09138,8.96042],[-12.08846,8.95932],[-12.08645,8.96115],[-12.08499,8.96608],[-12.08206,8.96736],[-12.07841,8.96736],[-12.07603,8.96499],[-12.07238,8.96992],[-12.07074,8.97028],[-12.06937,8.96974],[-12.06991,8.96535],[-12.0679,8.96572],[-12.0648,8.96955],[-12.06736,8.97284],[-12.06644,8.98161],[-12.06827,8.98746],[-12.0679,8.99476],[-12.06516,8.99732],[-12.0553,9.00025],[-12.0553,9.00335],[-12.05329,9.00536],[-12.05311,9.00755],[-12.05749,9.01139],[-12.05502,9.02582],[-12.05557,9.03112],[-12.05247,9.03441],[-12.05247,9.04482],[-12.05009,9.04829],[-12.04142,9.05237],[-12.04266,9.05361],[-12.04712,9.05361],[-12.04935,9.06005],[-12.04724,9.07045],[-12.04105,9.07615],[-12.04501,9.09002],[-12.0356,9.10042],[-12.0361,9.10191],[-12.03833,9.09993],[-12.03981,9.10042],[-12.04179,9.10637],[-12.04105,9.10909],[-12.03486,9.12717],[-12.0304,9.1289],[-12.02904,9.14674],[-12.0273,9.1502],[-12.01814,9.15144],[-12.01839,9.15664],[-12.01269,9.16011],[-12.01269,9.16135],[-12.02062,9.16259],[-12.02359,9.15912],[-12.02384,9.16234],[-12.02235,9.16878],[-12.01616,9.17225],[-12.01541,9.17448],[-12.01715,9.17571],[-12.0169,9.17745],[-12.0122,9.18686],[-12.01294,9.19454],[-12.01764,9.20023],[-12.01628,9.2037],[-12.01876,9.20915],[-12.01603,9.22277],[-12.0195,9.22079],[-12.02,9.22203],[-12.01975,9.22451],[-12.01603,9.22723],[-12.01378,9.2261],[-12.01234,9.23029],[-12.01185,9.23343],[-12.01524,9.24575],[-12.01499,9.24913],[-12.02031,9.24986],[-12.02418,9.24285],[-12.0278,9.24285],[-12.03312,9.24648],[-12.03626,9.24503],[-12.03819,9.2414],[-12.0464,9.23609],[-12.04882,9.23585],[-12.05389,9.23899],[-12.06223,9.23705],[-12.11095,9.23584],[-12.11418,9.23005],[-12.11393,9.2228],[-12.11224,9.21869],[-12.11297,9.21168],[-12.1178,9.20613],[-12.11611,9.19598],[-12.11852,9.19308],[-12.11587,9.19187],[-12.11538,9.18897],[-12.12022,9.18245],[-12.1323,9.1752],[-12.13761,9.16795],[-12.14124,9.1653],[-12.14389,9.1595],[-12.148,9.15853],[-12.14921,9.15346],[-12.15211,9.14887],[-12.15138,9.14693],[-12.15501,9.14307],[-12.15525,9.13944],[-12.15839,9.13848],[-12.16129,9.13993],[-12.16298,9.1421],[-12.16153,9.14548],[-12.16443,9.14718],[-12.17675,9.14911],[-12.18038,9.15974],[-12.17965,9.18366],[-12.18461,9.1849],[-12.19475,9.17776],[-12.1973,9.1738],[-12.2007,9.17323],[-12.21458,9.16303],[-12.21288,9.15198],[-12.21571,9.14574],[-12.23187,9.13696],[-12.23527,9.13356],[-12.23187,9.13129],[-12.23045,9.12789],[-12.23413,9.12874],[-12.23668,9.12336],[-12.23442,9.11854],[-12.24037,9.11911],[-12.24178,9.11684],[-12.25567,9.10693],[-12.25737,9.10381],[-12.26686,9.09616],[-12.29888,9.09276],[-12.30993,9.08624],[-12.32069,9.08313],[-12.32069,9.08681],[-12.32239,9.08936],[-12.31984,9.09304],[-12.33571,9.09956],[-12.33769,9.09758],[-12.3435,9.09673],[-12.34747,9.09446],[-12.35059,9.09644],[-12.35257,9.09418],[-12.35115,9.09078],[-12.35484,9.08823],[-12.35824,9.07831],[-12.37042,9.06868],[-12.3775,9.06641],[-12.37977,9.06726],[-12.38426,9.07278]]]}},{"type":"Feature","properties":{"name":"Gbanti Kamarank","district":"Bombali"},"geometry":{"type":"Polygon","coordinates":[[[-12.36691,9.35684],[-12.36608,9.35453],[-12.3718,9.34989],[-12.37563,9.34864],[-12.38083,9.35306],[-12.38231,9.35969],[-12.38796,9.36255],[-12.39479,9.3578],[-12.39927,9.35158],[-12.40003,9.34381],[-12.40345,9.33856],[-12.41219,9.33024],[-12.4114,9.32128],[-12.40899,9.31479],[-12.40324,9.30896],[-12.39487,9.305],[-12.38821,9.29834],[-12.38779,9.28993],[-12.39042,9.28742],[-12.39706,9.28521],[-12.40296,9.28521],[-12.41033,9.28963],[-12.41623,9.29996],[-12.42287,9.30364],[-12.42435,9.31471],[-12.42906,9.3135],[-12.43176,9.30775],[-12.43062,9.28594],[-12.4393,9.27081],[-12.43813,9.25923],[-12.42231,9.26947],[-12.41356,9.26619],[-12.40345,9.25553],[-12.40126,9.2517],[-12.40181,9.2435],[-12.3988,9.2312],[-12.40071,9.2271],[-12.40987,9.21781],[-12.41698,9.19266],[-12.41643,9.18938],[-12.40924,9.1825],[-12.40491,9.18671],[-12.37471,9.20483],[-12.36037,9.2188],[-12.35735,9.21766],[-12.3547,9.21955],[-12.33923,9.22182],[-12.30563,9.2237],[-12.29128,9.22899],[-12.28713,9.22937],[-12.2758,9.22333],[-12.26976,9.22295],[-12.25844,9.22823],[-12.24372,9.23881],[-12.22427,9.24485],[-12.20852,9.24817],[-12.19064,9.24527],[-12.1863,9.24309],[-12.18509,9.24092],[-12.17856,9.23899],[-12.15054,9.23826],[-12.1486,9.24479],[-12.1486,9.25638],[-12.14691,9.26798],[-12.15078,9.27523],[-12.13761,9.30036],[-12.13157,9.30543],[-12.13012,9.31219],[-12.13278,9.31558],[-12.13689,9.31654],[-12.13858,9.31944],[-12.14124,9.32041],[-12.14277,9.32407],[-12.1556,9.32457],[-12.1561,9.32878],[-12.18904,9.33175],[-12.20501,9.34364],[-12.20972,9.34983],[-12.2112,9.35404],[-12.21021,9.36494],[-12.21145,9.3689],[-12.21492,9.3694],[-12.22161,9.36519],[-12.22334,9.35726],[-12.23226,9.3481],[-12.25108,9.34067],[-12.25529,9.34017],[-12.26099,9.34265],[-12.26644,9.35379],[-12.27287,9.34909],[-12.27387,9.35008],[-12.2756,9.34834],[-12.27981,9.34859],[-12.2803,9.35429],[-12.28402,9.35602],[-12.28476,9.36147],[-12.28922,9.36568],[-12.29541,9.36296],[-12.29591,9.35627],[-12.30012,9.35751],[-12.30284,9.35429],[-12.31201,9.35181],[-12.31325,9.3481],[-12.31523,9.34686],[-12.31746,9.35231],[-12.32117,9.35082],[-12.32513,9.35231],[-12.33157,9.34785],[-12.33678,9.35231],[-12.35337,9.36221],[-12.35486,9.36593],[-12.3707,9.36688],[-12.36655,9.35947],[-12.36691,9.35684]]]}},{"type":"Feature","properties":{"name":"Gbane Kandor","district":"Kono"},"geometry":{"type":"Polygon","coordinates":[[[-10.60739,8.54305],[-10.6047,8.54614],[-10.60062,8.54555],[-10.59612,8.54736],[-10.59346,8.55001],[-10.5895,8.56288],[-10.58488,8.57047],[-10.57917,8.57399],[-10.57684,8.57225],[-10.57409,8.57274],[-10.57301,8.58982],[-10.5757,8.59566],[-10.57525,8.59754],[-10.569,8.60237],[-10.56051,8.59879],[-10.55859,8.6042],[-10.55551,8.60328],[-10.55168,8.60678],[-10.54735,8.60695],[-10.54377,8.60903],[-10.54135,8.61494],[-10.53627,8.61652],[-10.52944,8.61528],[-10.51987,8.61994],[-10.51692,8.63311],[-10.53372,8.6499],[-10.53465,8.66203],[-10.53838,8.66545],[-10.53962,8.67447],[-10.54242,8.67882],[-10.54351,8.68349],[-10.546,8.69779],[-10.54476,8.70868],[-10.54755,8.71832],[-10.54165,8.72547],[-10.5414,8.73452],[-10.57259,8.7121],[-10.58192,8.70899],[-10.58472,8.70681],[-10.58721,8.70059],[-10.59125,8.68193],[-10.59125,8.67322],[-10.60835,8.63871],[-10.60866,8.61134],[-10.60633,8.60108],[-10.60633,8.5905],[-10.60415,8.57309],[-10.60789,8.54852],[-10.60739,8.54305]]]}},{"type":"Feature","properties":{"name":"Gbane","district":"Kono"},"geometry":{"type":"Polygon","coordinates":[[[-10.77661,8.56667],[-10.8096,8.56758],[-10.81666,8.57298],[-10.83744,8.57423],[-10.84983,8.56475],[-10.85448,8.55843],[-10.85648,8.55178],[-10.86346,8.5448],[-10.86845,8.54314],[-10.8731,8.54513],[-10.89006,8.54779],[-10.89904,8.54646],[-10.90502,8.54414],[-10.90835,8.54547],[-10.92142,8.54374],[-10.92539,8.53564],[-10.92909,8.5331],[-10.93925,8.51739],[-10.94641,8.51115],[-10.95426,8.49983],[-10.9538,8.49013],[-10.96316,8.45872],[-10.962,8.45133],[-10.95168,8.44688],[-10.93829,8.43666],[-10.93335,8.43102],[-10.9323,8.42856],[-10.93476,8.42221],[-10.92948,8.41235],[-10.92948,8.406],[-10.92666,8.3979],[-10.9258,8.38331],[-10.92401,8.3796],[-10.91089,8.38094],[-10.9069,8.37986],[-10.9019,8.3762],[-10.89407,8.3747],[-10.88691,8.37995],[-10.88333,8.38428],[-10.86264,8.39154],[-10.84502,8.39152],[-10.84452,8.39827],[-10.84677,8.40035],[-10.84602,8.4041],[-10.83503,8.41159],[-10.82995,8.41326],[-10.81845,8.41259],[-10.81196,8.40959],[-10.80146,8.40759],[-10.78089,8.41009],[-10.77473,8.40968],[-10.75941,8.41326],[-10.74192,8.41401],[-10.73067,8.42625],[-10.72734,8.43483],[-10.72215,8.4426],[-10.7121,8.44124],[-10.71173,8.44455],[-10.71392,8.44634],[-10.71113,8.44754],[-10.71093,8.44993],[-10.71272,8.44933],[-10.71133,8.45231],[-10.71432,8.4547],[-10.71292,8.45729],[-10.71372,8.45828],[-10.71591,8.45769],[-10.7169,8.45888],[-10.7173,8.46286],[-10.72865,8.46724],[-10.73462,8.46744],[-10.73522,8.4746],[-10.7386,8.47441],[-10.74059,8.47679],[-10.74397,8.47361],[-10.74915,8.47301],[-10.76079,8.48495],[-10.77273,8.50068],[-10.77671,8.51162],[-10.77671,8.53133],[-10.779,8.54486],[-10.77801,8.55641],[-10.77641,8.55979],[-10.77661,8.56667]]]}},{"type":"Feature","properties":{"name":"Gaura","district":"Kenema"},"geometry":{"type":"Polygon","coordinates":[[[-11.0348,7.61417],[-11.02989,7.62072],[-11.02826,7.62508],[-11.0228,7.6229],[-11.00753,7.61036],[-10.98763,7.60518],[-10.97972,7.60518],[-10.97563,7.61799],[-10.97208,7.62263],[-10.96418,7.62645],[-10.95818,7.62699],[-10.95463,7.63081],[-10.94045,7.63299],[-10.93909,7.63681],[-10.93527,7.64062],[-10.91782,7.65426],[-10.91389,7.65512],[-10.91806,7.67491],[-10.9268,7.68059],[-10.93139,7.68606],[-10.93161,7.70376],[-10.92779,7.71949],[-10.92429,7.72714],[-10.91817,7.73369],[-10.91424,7.74112],[-10.90834,7.74702],[-10.90877,7.76057],[-10.91314,7.76276],[-10.91555,7.7621],[-10.91992,7.76538],[-10.92298,7.76494],[-10.92582,7.76756],[-10.92866,7.76254],[-10.92866,7.75839],[-10.93565,7.76188],[-10.93696,7.75948],[-10.94068,7.76363],[-10.94308,7.76385],[-10.94483,7.76232],[-10.95204,7.77499],[-10.95521,7.78614],[-10.9598,7.79553],[-10.96417,7.80078],[-10.97466,7.79597],[-10.98165,7.79903],[-10.9956,7.81926],[-11.01673,7.80812],[-11.0192,7.80282],[-11.0238,7.79858],[-11.04685,7.78663],[-11.05431,7.77849],[-11.06199,7.76176],[-11.06222,7.73191],[-11.06821,7.70794],[-11.07025,7.70387],[-11.07567,7.70116],[-11.09015,7.69867],[-11.1469,7.69483],[-11.15933,7.68578],[-11.16827,7.67742],[-11.17867,7.6591],[-11.18121,7.65171],[-11.1781,7.64881],[-11.15601,7.63899],[-11.15083,7.63435],[-11.11402,7.61117],[-11.10284,7.60136],[-11.09166,7.60354],[-11.0648,7.60436],[-11.06071,7.60981],[-11.05607,7.61336],[-11.04707,7.61745],[-11.03998,7.61717],[-11.0348,7.61417]]]}},{"type":"Feature","properties":{"name":"Galliness Perri","district":"Pujehun"},"geometry":{"type":"Polygon","coordinates":[[[-11.46742,7.30403],[-11.46465,7.31426],[-11.45565,7.32261],[-11.45532,7.32555],[-11.46056,7.33864],[-11.46547,7.34224],[-11.47725,7.34355],[-11.47823,7.34519],[-11.4671,7.35369],[-11.4635,7.35828],[-11.46907,7.3622],[-11.47168,7.36744],[-11.47594,7.37038],[-11.47627,7.37366],[-11.4815,7.38184],[-11.48706,7.38053],[-11.49263,7.38118],[-11.49655,7.38511],[-11.49655,7.38805],[-11.48968,7.39624],[-11.48968,7.39787],[-11.49999,7.41865],[-11.50065,7.44385],[-11.50195,7.44679],[-11.51537,7.45399],[-11.52453,7.45628],[-11.52617,7.4589],[-11.52453,7.46774],[-11.52486,7.48508],[-11.52781,7.48508],[-11.52879,7.4805],[-11.5337,7.47756],[-11.53861,7.47723],[-11.54384,7.47297],[-11.54384,7.47003],[-11.5494,7.46905],[-11.55235,7.47068],[-11.55922,7.46217],[-11.56282,7.46054],[-11.56642,7.4625],[-11.57722,7.45628],[-11.57755,7.45465],[-11.58147,7.45432],[-11.58409,7.45268],[-11.58704,7.44581],[-11.58769,7.43927],[-11.59554,7.43207],[-11.59914,7.42651],[-11.60274,7.42454],[-11.60209,7.41603],[-11.59195,7.41211],[-11.59325,7.40164],[-11.59587,7.4],[-11.59784,7.39934],[-11.60994,7.40883],[-11.61878,7.40425],[-11.62434,7.41374],[-11.62565,7.41898],[-11.62794,7.42029],[-11.63285,7.418],[-11.6389,7.41849],[-11.65101,7.40998],[-11.66377,7.41423],[-11.66672,7.40769],[-11.66999,7.40573],[-11.66999,7.40213],[-11.67228,7.39885],[-11.67752,7.3982],[-11.67932,7.39509],[-11.67343,7.39084],[-11.67212,7.38658],[-11.66427,7.37447],[-11.66361,7.3712],[-11.66983,7.3604],[-11.67899,7.35189],[-11.6803,7.34895],[-11.67965,7.34666],[-11.67016,7.34339],[-11.66263,7.33586],[-11.66067,7.33193],[-11.65887,7.32228],[-11.65854,7.31148],[-11.6497,7.30461],[-11.6425,7.30134],[-11.62483,7.28563],[-11.61894,7.27123],[-11.616,7.26207],[-11.61632,7.25945],[-11.60585,7.25683],[-11.60454,7.2552],[-11.60618,7.24309],[-11.60896,7.2354],[-11.61976,7.21576],[-11.61878,7.20922],[-11.61943,7.20202],[-11.61649,7.19449],[-11.61256,7.19122],[-11.60503,7.17813],[-11.59424,7.16504],[-11.5962,7.16013],[-11.59914,7.15686],[-11.6034,7.14475],[-11.60258,7.13772],[-11.59767,7.1243],[-11.59996,7.12299],[-11.60585,7.11317],[-11.61927,7.09779],[-11.62745,7.08896],[-11.634,7.08503],[-11.63727,7.0811],[-11.6389,7.07423],[-11.63694,7.06605],[-11.6376,7.06245],[-11.63563,7.06147],[-11.62418,7.06736],[-11.61142,7.07129],[-11.59669,7.0811],[-11.59538,7.08078],[-11.58426,7.05918],[-11.57967,7.06638],[-11.58,7.06834],[-11.57215,7.07979],[-11.56691,7.07521],[-11.55186,7.05558],[-11.54433,7.04936],[-11.54008,7.04903],[-11.53746,7.051],[-11.53582,7.05427],[-11.54073,7.06441],[-11.53746,7.0739],[-11.53059,7.08372],[-11.52862,7.09321],[-11.53386,7.10237],[-11.53255,7.11612],[-11.53353,7.12594],[-11.53451,7.12888],[-11.5427,7.1351],[-11.54368,7.14099],[-11.5391,7.14819],[-11.52764,7.15702],[-11.52404,7.1616],[-11.52044,7.17175],[-11.51324,7.18386],[-11.5139,7.19335],[-11.51161,7.20087],[-11.51063,7.21331],[-11.50081,7.22084],[-11.50359,7.22983],[-11.51079,7.23638],[-11.51341,7.24554],[-11.51341,7.25503],[-11.50981,7.26289],[-11.50588,7.26649],[-11.50032,7.26845],[-11.49737,7.27172],[-11.49345,7.27303],[-11.49181,7.27761],[-11.48461,7.28514],[-11.47283,7.29168],[-11.46742,7.30403]]]}},{"type":"Feature","properties":{"name":"Folosaba Dembel","district":"Falaba"},"geometry":{"type":"Polygon","coordinates":[[[-11.51024,9.63823],[-11.47131,9.6383],[-11.46886,9.64279],[-11.46845,9.65707],[-11.48029,9.67339],[-11.48681,9.68563],[-11.48885,9.6995],[-11.49375,9.70644],[-11.49946,9.71133],[-11.50273,9.71664],[-11.50436,9.72643],[-11.50273,9.7354],[-11.50599,9.73908],[-11.51782,9.7403],[-11.52149,9.74193],[-11.52231,9.74846],[-11.52353,9.75091],[-11.52721,9.75254],[-11.52965,9.76029],[-11.52802,9.77947],[-11.53394,9.79416],[-11.53435,9.80395],[-11.51354,9.82557],[-11.51109,9.83251],[-11.51272,9.83618],[-11.51803,9.83944],[-11.5217,9.84679],[-11.51762,9.85291],[-11.51191,9.85821],[-11.5115,9.86311],[-11.51721,9.87535],[-11.52455,9.88473],[-11.52333,9.89411],[-11.52904,9.90472],[-11.53129,9.91859],[-11.53985,9.93206],[-11.5423,9.93532],[-11.55658,9.94593],[-11.57698,9.95613],[-11.58473,9.96429],[-11.59575,9.96551],[-11.60146,9.96796],[-11.60064,9.97571],[-11.60513,9.98958],[-11.6084,9.99366],[-11.62064,9.99925],[-11.75263,9.99887],[-11.75303,9.98265],[-11.75629,9.97816],[-11.75589,9.97245],[-11.76323,9.96715],[-11.76445,9.96184],[-11.76282,9.95572],[-11.75874,9.9496],[-11.76119,9.94389],[-11.75874,9.93695],[-11.75997,9.93247],[-11.75548,9.92757],[-11.75425,9.92349],[-11.75466,9.91982],[-11.75915,9.919],[-11.75752,9.91247],[-11.75915,9.90717],[-11.75793,9.89411],[-11.76119,9.89085],[-11.75629,9.8831],[-11.75629,9.87657],[-11.75956,9.87086],[-11.75629,9.868],[-11.75466,9.85739],[-11.7514,9.85535],[-11.75507,9.84311],[-11.75425,9.83863],[-11.75344,9.83659],[-11.74895,9.83577],[-11.73834,9.82802],[-11.73549,9.82272],[-11.73386,9.81252],[-11.72529,9.80762],[-11.72121,9.81292],[-11.71794,9.81496],[-11.71509,9.8219],[-11.70978,9.81945],[-11.70774,9.82272],[-11.70081,9.82435],[-11.69958,9.81986],[-11.69591,9.817],[-11.69387,9.81292],[-11.68653,9.8068],[-11.68734,9.80232],[-11.68367,9.80109],[-11.68082,9.79579],[-11.68122,9.79171],[-11.67755,9.78559],[-11.67633,9.77947],[-11.68347,9.76845],[-11.68673,9.7607],[-11.68796,9.7558],[-11.68714,9.7505],[-11.6696,9.73826],[-11.6545,9.73092],[-11.64756,9.72602],[-11.63043,9.71011],[-11.63084,9.70113],[-11.63573,9.68481],[-11.63655,9.67176],[-11.6394,9.66278],[-11.64042,9.65136],[-11.63267,9.6534],[-11.59677,9.64524],[-11.59147,9.64524],[-11.57025,9.65258],[-11.55352,9.65625],[-11.5372,9.66401],[-11.53435,9.66074],[-11.52537,9.66605],[-11.52292,9.66401],[-11.51333,9.66564],[-11.51497,9.66319],[-11.51293,9.65421],[-11.51456,9.65177],[-11.51252,9.64769],[-11.51374,9.64524],[-11.51024,9.63823]]]}},{"type":"Feature","properties":{"name":"Fiama","district":"Kono"},"geometry":{"type":"Polygon","coordinates":[[[-10.92142,8.54374],[-10.90835,8.54547],[-10.90502,8.54414],[-10.89904,8.54646],[-10.89006,8.54779],[-10.8731,8.54513],[-10.86845,8.54314],[-10.86346,8.5448],[-10.85648,8.55178],[-10.85448,8.55843],[-10.84983,8.56475],[-10.83744,8.57423],[-10.81666,8.57298],[-10.8096,8.56758],[-10.77661,8.56667],[-10.77781,8.57711],[-10.77751,8.59223],[-10.77552,8.60358],[-10.77791,8.61074],[-10.77612,8.62985],[-10.76786,8.64119],[-10.75952,8.64791],[-10.75728,8.65289],[-10.75787,8.72141],[-10.76683,8.72141],[-10.77802,8.72414],[-10.78026,8.72589],[-10.78375,8.73559],[-10.78947,8.7341],[-10.7922,8.73758],[-10.79419,8.73808],[-10.79395,8.74007],[-10.79793,8.74056],[-10.79942,8.73808],[-10.80166,8.73857],[-10.80589,8.73385],[-10.80657,8.73634],[-10.80906,8.73478],[-10.81155,8.73696],[-10.81652,8.73696],[-10.81435,8.74038],[-10.81559,8.7466],[-10.81994,8.7466],[-10.82057,8.74815],[-10.81808,8.75064],[-10.81932,8.7522],[-10.81839,8.75655],[-10.82243,8.76184],[-10.82274,8.76495],[-10.82616,8.76992],[-10.83116,8.7695],[-10.83168,8.76549],[-10.82879,8.75322],[-10.83168,8.75069],[-10.84106,8.74744],[-10.84612,8.74131],[-10.84828,8.74095],[-10.84973,8.73301],[-10.85478,8.7312],[-10.86308,8.73084],[-10.86705,8.72759],[-10.87066,8.71785],[-10.88149,8.70449],[-10.88654,8.69619],[-10.89051,8.68645],[-10.89015,8.6814],[-10.8934,8.67382],[-10.89484,8.66609],[-10.89369,8.65396],[-10.89975,8.64721],[-10.90506,8.64421],[-10.90853,8.63797],[-10.9083,8.62873],[-10.90483,8.62041],[-10.90437,8.61556],[-10.90495,8.60009],[-10.91904,8.57075],[-10.9232,8.55897],[-10.92366,8.54927],[-10.92142,8.54374]]]}},{"type":"Feature","properties":{"name":"Fakunya","district":"Moyamba"},"geometry":{"type":"Polygon","coordinates":[[[-12.46243,8.29278],[-12.46133,8.28728],[-12.45638,8.28347],[-12.45771,8.27976],[-12.46124,8.27681],[-12.4619,8.27043],[-12.4599,8.26958],[-12.45524,8.27081],[-12.45258,8.26939],[-12.44953,8.26396],[-12.44287,8.26168],[-12.44106,8.25168],[-12.44401,8.24911],[-12.44787,8.24129],[-12.44606,8.23463],[-12.44168,8.23054],[-12.44035,8.22987],[-12.43826,8.2313],[-12.43007,8.24253],[-12.42274,8.24786],[-12.40766,8.25148],[-12.40176,8.25424],[-12.39976,8.23625],[-12.399,8.23444],[-12.39262,8.22978],[-12.39119,8.22559],[-12.39095,8.21169],[-12.3841,8.2016],[-12.3832,8.19846],[-12.38443,8.19237],[-12.38139,8.17705],[-12.37039,8.17191],[-12.36287,8.1641],[-12.35707,8.16011],[-12.35669,8.15811],[-12.35897,8.15639],[-12.35745,8.15401],[-12.35088,8.14916],[-12.34336,8.14907],[-12.33803,8.14611],[-12.30962,8.1405],[-12.29577,8.13593],[-12.29016,8.14164],[-12.28083,8.14402],[-12.27407,8.14335],[-12.26674,8.13983],[-12.26246,8.13488],[-12.25661,8.11585],[-12.24547,8.11128],[-12.24554,8.10965],[-12.23772,8.1128],[-12.23524,8.11642],[-12.22058,8.12641],[-12.2134,8.13526],[-12.21216,8.14088],[-12.20693,8.14935],[-12.2153,8.15411],[-12.21625,8.15658],[-12.20355,8.16839],[-12.19822,8.182],[-12.19598,8.19142],[-12.19903,8.19456],[-12.20873,8.19732],[-12.21835,8.20446],[-12.20883,8.21093],[-12.20255,8.21131],[-12.20107,8.21417],[-12.20136,8.21721],[-12.2044,8.22235],[-12.21364,8.2254],[-12.21601,8.22806],[-12.21592,8.23206],[-12.20883,8.25528],[-12.20983,8.28251],[-12.20712,8.31127],[-12.20404,8.31802],[-12.20806,8.32628],[-12.20531,8.33025],[-12.20535,8.33666],[-12.20307,8.33866],[-12.19765,8.33961],[-12.16554,8.33903],[-12.16963,8.3488],[-12.16643,8.35733],[-12.16945,8.3607],[-12.17469,8.36141],[-12.19974,8.35413],[-12.20561,8.35057],[-12.21556,8.35253],[-12.21893,8.35093],[-12.21929,8.35271],[-12.22213,8.35093],[-12.22364,8.34809],[-12.22648,8.34773],[-12.22702,8.34507],[-12.23021,8.34418],[-12.24496,8.34951],[-12.24674,8.35413],[-12.25047,8.35217],[-12.25775,8.35217],[-12.27019,8.3488],[-12.27552,8.34507],[-12.28076,8.33725],[-12.28538,8.33405],[-12.28574,8.33103],[-12.28769,8.32872],[-12.29213,8.32694],[-12.29107,8.32375],[-12.29195,8.32019],[-12.29409,8.31948],[-12.29533,8.32197],[-12.29959,8.32197],[-12.30101,8.32783],[-12.31701,8.3289],[-12.32624,8.33156],[-12.33646,8.34116],[-12.34197,8.3504],[-12.34446,8.352],[-12.34907,8.352],[-12.34979,8.35377],[-12.3521,8.35448],[-12.36027,8.34986],[-12.37057,8.35306],[-12.37235,8.34738],[-12.37955,8.34205],[-12.38399,8.33601],[-12.39109,8.33192],[-12.39216,8.32552],[-12.39749,8.31682],[-12.40442,8.31699],[-12.40762,8.31451],[-12.41508,8.31344],[-12.41774,8.31131],[-12.42148,8.31166],[-12.42592,8.31451],[-12.43205,8.31522],[-12.43578,8.3138],[-12.44075,8.30811],[-12.45319,8.30225],[-12.46243,8.29278]]]}},{"type":"Feature","properties":{"name":"East III","district":"Western Area Urban"},"geometry":{"type":"MultiPolygon","coordinates":[[[[-13.13369,8.4183],[-13.13224,8.41943],[-13.12729,8.41808],[-13.12612,8.41926],[-13.13076,8.42643],[-13.13163,8.4274],[-13.13509,8.42472],[-13.14305,8.4275],[-13.14283,8.42951],[-13.15145,8.43778],[-13.15053,8.43819],[-13.15294,8.44434],[-13.15886,8.4537],[-13.16232,8.45582],[-13.16589,8.45612],[-13.16905,8.45875],[-13.16933,8.46226],[-13.17137,8.4639],[-13.17202,8.46766],[-13.17929,8.47343],[-13.18205,8.47794],[-13.18605,8.47713],[-13.18552,8.48145],[-13.18755,8.4823],[-13.19143,8.4809],[-13.19386,8.48243],[-13.19653,8.48059],[-13.19939,8.4818],[-13.20178,8.48089],[-13.20331,8.48285],[-13.2026,8.48577],[-13.20538,8.48583],[-13.20612,8.48479],[-13.20725,8.48567],[-13.20959,8.48312],[-13.20921,8.47945],[-13.21042,8.47893],[-13.21043,8.47684],[-13.20905,8.47562],[-13.21178,8.47131],[-13.2086,8.46126],[-13.20037,8.45412],[-13.19041,8.43978],[-13.17882,8.42669],[-13.17991,8.42289],[-13.17913,8.41385],[-13.17613,8.41074],[-13.17204,8.4081],[-13.16996,8.40911],[-13.16946,8.40763],[-13.16716,8.40694],[-13.16717,8.40534],[-13.16264,8.40404],[-13.16235,8.40122],[-13.14665,8.39806],[-13.14123,8.39965],[-13.13957,8.40354],[-13.13714,8.40511],[-13.1406,8.40914],[-13.14062,8.41079],[-13.13674,8.41544],[-13.13423,8.4127],[-13.13191,8.4145],[-13.13369,8.4183]]],[[[-13.07518,8.56543],[-13.07923,8.56855],[-13.08412,8.56534],[-13.08845,8.5659],[-13.08542,8.5489],[-13.08777,8.53921],[-13.08656,8.53812],[-13.08236,8.5377],[-13.07218,8.54317],[-13.06052,8.54581],[-13.05753,8.54836],[-13.05739,8.54957],[-13.06278,8.55472],[-13.06042,8.56495],[-13.06395,8.56457],[-13.06719,8.56633],[-13.07085,8.56433],[-13.07518,8.56543]]]]}},{"type":"Feature","properties":{"name":"East II","district":"Western Area Urban"},"geometry":{"type":"Polygon","coordinates":[[[-13.21164,8.46881],[-13.21177,8.47148],[-13.20905,8.47562],[-13.21043,8.47684],[-13.20952,8.4807],[-13.21191,8.48301],[-13.22306,8.48695],[-13.22158,8.49086],[-13.22739,8.49177],[-13.22644,8.48951],[-13.22751,8.48279],[-13.22521,8.47922],[-13.22312,8.48356],[-13.22133,8.48028],[-13.21587,8.47721],[-13.21346,8.47319],[-13.21423,8.47155],[-13.21164,8.46881]]]}},{"type":"Feature","properties":{"name":"East I","district":"Western Area Urban"},"geometry":{"type":"Polygon","coordinates":[[[-13.20725,8.48567],[-13.20628,8.48778],[-13.20331,8.48765],[-13.20255,8.48969],[-13.2096,8.49403],[-13.21621,8.49407],[-13.21652,8.49183],[-13.22158,8.49086],[-13.22306,8.48695],[-13.21191,8.48301],[-13.2097,8.48088],[-13.20966,8.48298],[-13.20725,8.48567]]]}},{"type":"Feature","properties":{"name":"Dodo","district":"Kenema"},"geometry":{"type":"Polygon","coordinates":[[[-11.23798,8.30682],[-11.23869,8.30099],[-11.24018,8.2995],[-11.23975,8.29717],[-11.24293,8.29229],[-11.24166,8.29017],[-11.2423,8.28826],[-11.24506,8.28571],[-11.24506,8.28338],[-11.24272,8.28147],[-11.24442,8.25791],[-11.2493,8.23754],[-11.25673,8.2229],[-11.25715,8.20996],[-11.25524,8.20444],[-11.23413,8.18811],[-11.22925,8.16774],[-11.22904,8.15988],[-11.2354,8.15607],[-11.23561,8.15416],[-11.2388,8.15076],[-11.24156,8.14185],[-11.24601,8.13527],[-11.26352,8.12742],[-11.27582,8.127],[-11.28067,8.12568],[-11.27035,8.11218],[-11.26356,8.10607],[-11.25473,8.09198],[-11.24777,8.0779],[-11.24132,8.05888],[-11.23793,8.05379],[-11.21,8.04327],[-11.19744,8.05413],[-11.19201,8.05702],[-11.18437,8.04955],[-11.18132,8.04836],[-11.17571,8.05108],[-11.16986,8.0582],[-11.16799,8.07569],[-11.16969,8.08129],[-11.17223,8.08435],[-11.17206,8.08621],[-11.1573,8.09623],[-11.15492,8.1003],[-11.15483,8.11507],[-11.14669,8.14936],[-11.14304,8.15462],[-11.1354,8.16022],[-11.14253,8.17567],[-11.15373,8.18246],[-11.15865,8.18908],[-11.16103,8.19044],[-11.16561,8.19774],[-11.16655,8.20198],[-11.16417,8.20436],[-11.15314,8.20809],[-11.15093,8.2103],[-11.14838,8.21437],[-11.15229,8.21896],[-11.14821,8.22065],[-11.14686,8.22269],[-11.14974,8.22761],[-11.14915,8.25579],[-11.15509,8.26632],[-11.15458,8.27905],[-11.16443,8.29331],[-11.17232,8.31079],[-11.1713,8.32946],[-11.17436,8.34152],[-11.17342,8.36121],[-11.179,8.36478],[-11.19753,8.36568],[-11.20482,8.36037],[-11.22737,8.33451],[-11.23016,8.33695],[-11.23293,8.33341],[-11.23173,8.33042],[-11.23253,8.32524],[-11.23552,8.32504],[-11.2399,8.31967],[-11.24109,8.31549],[-11.24069,8.31111],[-11.23798,8.30682]]]}},{"type":"Feature","properties":{"name":"Dibia","district":"Karene"},"geometry":{"type":"Polygon","coordinates":[[[-12.54153,8.99968],[-12.54463,9.00022],[-12.54682,9.00678],[-12.54736,9.01034],[-12.54545,9.02537],[-12.54791,9.02619],[-12.56623,9.0199],[-12.58071,9.01854],[-12.58563,9.01936],[-12.58988,9.02197],[-12.5964,9.02252],[-12.60583,9.02016],[-12.61054,9.01612],[-12.61357,9.01646],[-12.61761,9.01074],[-12.61458,9.0067],[-12.61996,8.98953],[-12.62872,8.98448],[-12.63141,8.98145],[-12.63242,8.97573],[-12.63478,8.9727],[-12.64151,8.96563],[-12.64925,8.9626],[-12.65295,8.95654],[-12.65767,8.95586],[-12.66002,8.95384],[-12.66238,8.94577],[-12.67282,8.94038],[-12.67484,8.936],[-12.67955,8.93331],[-12.692,8.93331],[-12.69099,8.92422],[-12.7122,8.90369],[-12.71254,8.90167],[-12.70446,8.89123],[-12.70345,8.88786],[-12.7048,8.87777],[-12.70614,8.87642],[-12.70749,8.86935],[-12.70614,8.86632],[-12.69436,8.85555],[-12.68628,8.85184],[-12.68056,8.86699],[-12.67585,8.87474],[-12.66911,8.88248],[-12.6681,8.88551],[-12.66406,8.88652],[-12.66171,8.8919],[-12.65026,8.89392],[-12.64925,8.89258],[-12.64588,8.89258],[-12.63848,8.88517],[-12.63781,8.88315],[-12.63612,8.88281],[-12.63545,8.88012],[-12.63141,8.87844],[-12.62939,8.87608],[-12.62333,8.87541],[-12.61996,8.87339],[-12.62064,8.87474],[-12.60616,8.87777],[-12.60044,8.88315],[-12.58933,8.88854],[-12.58428,8.88955],[-12.56947,8.88887],[-12.56476,8.88517],[-12.5624,8.8845],[-12.55802,8.88584],[-12.54591,8.88012],[-12.54355,8.88214],[-12.55196,8.8919],[-12.55264,8.89662],[-12.55062,8.90369],[-12.55802,8.91076],[-12.56004,8.91479],[-12.55701,8.92893],[-12.56105,8.94139],[-12.56038,8.94543],[-12.5624,8.95418],[-12.55971,8.96058],[-12.56307,8.97034],[-12.54288,8.99626],[-12.54153,8.99968]]]}},{"type":"Feature","properties":{"name":"Diang","district":"Koinadugu"},"geometry":{"type":"Polygon","coordinates":[[[-11.71219,9.43695],[-11.71685,9.42824],[-11.71978,9.42629],[-11.72173,9.42043],[-11.72075,9.41775],[-11.72271,9.41628],[-11.72807,9.4014],[-11.73003,9.40018],[-11.72954,9.39725],[-11.73125,9.3953],[-11.731,9.38383],[-11.73295,9.37846],[-11.731,9.37553],[-11.73198,9.3726],[-11.73125,9.36406],[-11.72149,9.3604],[-11.7188,9.35723],[-11.71636,9.35674],[-11.71563,9.35235],[-11.71368,9.35161],[-11.71172,9.35357],[-11.70709,9.34258],[-11.70513,9.34234],[-11.69928,9.33551],[-11.70074,9.33087],[-11.70794,9.31964],[-11.7171,9.28969],[-11.71346,9.28263],[-11.71275,9.27588],[-11.71302,9.25634],[-11.70911,9.22951],[-11.70955,9.20588],[-11.70813,9.20233],[-11.70991,9.19948],[-11.70973,9.19628],[-11.70582,9.19326],[-11.70777,9.18989],[-11.70795,9.17212],[-11.7092,9.16804],[-11.70813,9.16537],[-11.70964,9.1508],[-11.70769,9.14778],[-11.71035,9.14405],[-11.71088,9.13925],[-11.71373,9.13446],[-11.71284,9.12913],[-11.71426,9.12095],[-11.71728,9.11349],[-11.68805,9.10461],[-11.66922,9.0943],[-11.6527,9.07902],[-11.64737,9.06747],[-11.64586,9.05379],[-11.64159,9.05912],[-11.63999,9.06392],[-11.6288,9.07174],[-11.62169,9.07991],[-11.61299,9.08595],[-11.60428,9.0975],[-11.58891,9.11438],[-11.58643,9.11616],[-11.58163,9.11669],[-11.57683,9.12024],[-11.57879,9.12344],[-11.57772,9.12557],[-11.57967,9.13019],[-11.56972,9.13659],[-11.56422,9.15009],[-11.56226,9.15151],[-11.55764,9.14796],[-11.55551,9.14778],[-11.55391,9.14956],[-11.54236,9.15169],[-11.54219,9.15453],[-11.53694,9.15542],[-11.52735,9.16359],[-11.52415,9.16004],[-11.51989,9.16395],[-11.51118,9.16573],[-11.50461,9.17425],[-11.50265,9.1787],[-11.49999,9.17941],[-11.49466,9.1858],[-11.49182,9.18438],[-11.49022,9.18634],[-11.48791,9.18669],[-11.48613,9.18562],[-11.48631,9.1842],[-11.48329,9.18527],[-11.4792,9.18065],[-11.47511,9.18118],[-11.47121,9.18456],[-11.46783,9.18189],[-11.4641,9.18243],[-11.4625,9.17923],[-11.46268,9.17603],[-11.4609,9.17354],[-11.45788,9.17639],[-11.45628,9.17088],[-11.45237,9.16732],[-11.45255,9.16519],[-11.43882,9.16835],[-11.42899,9.1692],[-11.41318,9.1816],[-11.40591,9.19527],[-11.39651,9.23246],[-11.38676,9.25626],[-11.39317,9.26695],[-11.40856,9.28148],[-11.42608,9.29558],[-11.44874,9.31054],[-11.45002,9.31866],[-11.44916,9.32807],[-11.44574,9.33661],[-11.44532,9.34174],[-11.45472,9.35414],[-11.45557,9.35969],[-11.46309,9.37345],[-11.46526,9.37502],[-11.47196,9.37562],[-11.51384,9.37555],[-11.53725,9.37155],[-11.54157,9.37709],[-11.54064,9.38017],[-11.54341,9.38202],[-11.53633,9.3888],[-11.54003,9.39527],[-11.53633,9.39588],[-11.53719,9.40155],[-11.53202,9.40451],[-11.53177,9.40796],[-11.53374,9.40968],[-11.53867,9.4087],[-11.54064,9.40968],[-11.54212,9.41338],[-11.53892,9.42324],[-11.53941,9.4326],[-11.54508,9.44443],[-11.54532,9.44911],[-11.54976,9.4533],[-11.55124,9.46094],[-11.55852,9.46313],[-11.55882,9.46097],[-11.56651,9.46097],[-11.57823,9.46866],[-11.61155,9.47892],[-11.62254,9.48404],[-11.6273,9.48185],[-11.64446,9.47984],[-11.65126,9.48171],[-11.65501,9.48007],[-11.65688,9.48195],[-11.65969,9.48218],[-11.66227,9.47609],[-11.66555,9.47586],[-11.66555,9.47398],[-11.68125,9.46554],[-11.685,9.45664],[-11.68782,9.45547],[-11.69743,9.45734],[-11.70539,9.44844],[-11.71219,9.43695]]]}},{"type":"Feature","properties":{"name":"Dembelia - Sink","district":"Falaba"},"geometry":{"type":"Polygon","coordinates":[[[-11.44056,9.99925],[-11.62064,9.99925],[-11.6084,9.99366],[-11.60513,9.98958],[-11.60064,9.97571],[-11.60146,9.96796],[-11.59575,9.96551],[-11.58473,9.96429],[-11.57698,9.95613],[-11.55658,9.94593],[-11.5423,9.93532],[-11.53129,9.91859],[-11.52904,9.90472],[-11.52333,9.89411],[-11.52455,9.88473],[-11.51721,9.87535],[-11.5115,9.86311],[-11.51191,9.85821],[-11.51762,9.85291],[-11.5217,9.84679],[-11.51803,9.83944],[-11.51272,9.83618],[-11.51109,9.83251],[-11.51354,9.82557],[-11.53435,9.80395],[-11.53394,9.79416],[-11.52802,9.77947],[-11.52965,9.76029],[-11.52721,9.75254],[-11.52353,9.75091],[-11.52231,9.74846],[-11.52149,9.74193],[-11.51782,9.7403],[-11.50599,9.73908],[-11.50273,9.7354],[-11.50436,9.72643],[-11.50273,9.71664],[-11.49946,9.71133],[-11.49375,9.70644],[-11.48885,9.6995],[-11.48681,9.68563],[-11.48029,9.67339],[-11.47677,9.66928],[-11.46642,9.68727],[-11.45329,9.71568],[-11.44685,9.72238],[-11.43332,9.73445],[-11.41697,9.73311],[-11.40973,9.73766],[-11.41027,9.74034],[-11.41589,9.74758],[-11.42983,9.75938],[-11.44779,9.78162],[-11.45021,9.78752],[-11.45074,9.7961],[-11.4486,9.80628],[-11.44994,9.82049],[-11.44913,9.8229],[-11.44645,9.82558],[-11.44216,9.82719],[-11.4368,9.82558],[-11.43385,9.8229],[-11.43278,9.81861],[-11.42715,9.81138],[-11.42367,9.80039],[-11.41053,9.77948],[-11.40651,9.7776],[-11.40276,9.77305],[-11.39633,9.7701],[-11.39177,9.7701],[-11.38775,9.77278],[-11.38802,9.79074],[-11.38534,9.80468],[-11.38628,9.81969],[-11.38762,9.82398],[-11.3844,9.83497],[-11.38574,9.83818],[-11.38494,9.84113],[-11.38654,9.84837],[-11.38547,9.85748],[-11.39137,9.87142],[-11.39003,9.87973],[-11.38158,9.88831],[-11.38239,9.89206],[-11.37596,9.90251],[-11.37569,9.91002],[-11.37381,9.91136],[-11.37354,9.91565],[-11.37167,9.91618],[-11.36899,9.92181],[-11.37408,9.92691],[-11.38158,9.93173],[-11.39579,9.93522],[-11.39901,9.93709],[-11.41429,9.94942],[-11.41965,9.96202],[-11.41992,9.9714],[-11.42206,9.98052],[-11.42581,9.98427],[-11.42715,9.98963],[-11.43734,9.99231],[-11.43975,9.99553],[-11.44056,9.99925]]]}},{"type":"Feature","properties":{"name":"Dema","district":"Bonthe"},"geometry":{"type":"MultiPolygon","coordinates":[[[[-12.97197,7.56367],[-12.974,7.56378],[-12.97341,7.56137],[-12.97197,7.56367]]],[[[-12.98892,7.58223],[-12.98968,7.58628],[-12.98855,7.58882],[-12.99043,7.59033],[-12.99231,7.5842],[-12.98921,7.58006],[-12.98892,7.58223]]],[[[-12.9244,7.58486],[-12.92082,7.58731],[-12.92232,7.58769],[-12.92487,7.5923],[-12.92826,7.58976],[-12.92948,7.58665],[-12.92694,7.58401],[-12.9244,7.58486]]],[[[-12.98043,7.59152],[-12.97904,7.59348],[-12.98143,7.5917],[-12.98043,7.59152]]],[[[-12.98082,7.58854],[-12.98836,7.594],[-12.99015,7.59127],[-12.98798,7.58986],[-12.98871,7.58635],[-12.98381,7.57996],[-12.9811,7.57836],[-12.97168,7.57676],[-12.97065,7.57431],[-12.97225,7.57346],[-12.97272,7.57092],[-12.97432,7.57045],[-12.97423,7.57224],[-12.97131,7.57507],[-12.97234,7.57563],[-12.97574,7.5746],[-12.97856,7.57102],[-12.97979,7.5713],[-12.98478,7.57346],[-12.9795,7.57648],[-12.98318,7.57554],[-12.98233,7.57686],[-12.98525,7.57752],[-12.98497,7.57893],[-12.991,7.57921],[-12.9957,7.58364],[-12.99467,7.58062],[-12.9958,7.58157],[-12.99721,7.58515],[-12.99627,7.58835],[-12.99335,7.5908],[-12.99712,7.59033],[-12.99815,7.59127],[-12.99985,7.58618],[-13.00535,7.58317],[-12.99943,7.57908],[-12.99392,7.57761],[-12.97545,7.56772],[-12.97347,7.56555],[-12.9649,7.58128],[-12.96697,7.58185],[-12.96858,7.58816],[-12.9719,7.58917],[-12.97941,7.58769],[-12.98082,7.58854]]],[[[-13.00315,7.5908],[-13.00447,7.59513],[-13.00541,7.59202],[-13.00691,7.59164],[-13.01652,7.59042],[-13.01878,7.59221],[-13.01379,7.58646],[-13.00569,7.58835],[-13.00315,7.5908]]],[[[-13.01795,7.59515],[-13.01931,7.59775],[-13.01951,7.59618],[-13.01795,7.59515]]],[[[-13.01615,7.60254],[-13.01578,7.60363],[-13.01671,7.60361],[-13.01919,7.60192],[-13.0201,7.59975],[-13.01883,7.59974],[-13.01831,7.60201],[-13.0174,7.59546],[-13.01737,7.60041],[-13.01701,7.60189],[-13.01612,7.60039],[-13.01615,7.60254]]],[[[-13.01087,7.60427],[-13.01379,7.60342],[-13.01294,7.59786],[-13.01464,7.5956],[-13.01323,7.59287],[-13.01106,7.59513],[-13.01144,7.59786],[-13.00899,7.5972],[-13.00974,7.59475],[-13.00701,7.59409],[-13.00399,7.60116],[-13.00663,7.60389],[-13.00983,7.60323],[-13.01087,7.60427]]],[[[-12.94505,7.60839],[-12.9442,7.60658],[-12.93965,7.60627],[-12.94505,7.60839]]],[[[-12.81077,7.61806],[-12.8144,7.61915],[-12.81622,7.62242],[-12.82102,7.62468],[-12.83009,7.62088],[-12.84045,7.61846],[-12.8439,7.61587],[-12.85168,7.61725],[-12.85522,7.61656],[-12.85738,7.61898],[-12.86049,7.61941],[-12.8627,7.61733],[-12.86998,7.61881],[-12.89131,7.61078],[-12.89956,7.60589],[-12.90824,7.60551],[-12.91446,7.60145],[-12.92266,7.5916],[-12.91878,7.59022],[-12.91714,7.58781],[-12.91239,7.58496],[-12.91074,7.58556],[-12.90833,7.58271],[-12.90435,7.58236],[-12.90028,7.58011],[-12.89796,7.57736],[-12.89629,7.57067],[-12.90101,7.57612],[-12.91735,7.57975],[-12.92171,7.57938],[-12.92643,7.57612],[-12.9395,7.57721],[-12.9435,7.57975],[-12.9487,7.58044],[-12.95869,7.5746],[-12.95887,7.5713],[-12.95699,7.56998],[-12.94168,7.57031],[-12.89883,7.56087],[-12.86564,7.55095],[-12.86557,7.55566],[-12.85988,7.56008],[-12.84313,7.56703],[-12.83302,7.57367],[-12.81342,7.58378],[-12.80192,7.59812],[-12.80276,7.6012],[-12.79909,7.6002],[-12.79984,7.60403],[-12.79468,7.60828],[-12.79418,7.61036],[-12.79968,7.61411],[-12.80184,7.61977],[-12.80534,7.61994],[-12.81077,7.61806]]],[[[-13.01737,7.61651],[-13.01822,7.6199],[-13.0201,7.62122],[-13.02104,7.6249],[-13.02189,7.62461],[-13.0217,7.62198],[-13.01784,7.61538],[-13.01643,7.61444],[-13.01737,7.61651]]],[[[-12.95663,7.63046],[-12.95283,7.63281],[-12.95577,7.63323],[-12.95815,7.63081],[-12.95663,7.63046]]],[[[-12.99354,7.63319],[-12.99034,7.63714],[-12.99316,7.6427],[-12.99542,7.64223],[-13.00399,7.6345],[-13.00409,7.6329],[-12.99354,7.63319]]],[[[-13.06875,7.65314],[-13.06964,7.65106],[-13.06843,7.65015],[-13.06768,7.65247],[-13.06875,7.65314]]],[[[-13.04698,7.63863],[-13.0449,7.64061],[-13.04346,7.64523],[-13.03477,7.65207],[-13.0201,7.65721],[-13.02472,7.66079],[-13.03159,7.65834],[-13.03996,7.65322],[-13.05251,7.64072],[-13.05712,7.63856],[-13.05995,7.63921],[-13.05872,7.63743],[-13.05985,7.63695],[-13.06108,7.63827],[-13.06089,7.64129],[-13.0559,7.63959],[-13.05844,7.64166],[-13.06419,7.64289],[-13.06494,7.63856],[-13.06259,7.63281],[-13.06204,7.62764],[-13.06381,7.6232],[-13.06426,7.62613],[-13.06568,7.62541],[-13.06504,7.62187],[-13.06301,7.62228],[-13.06149,7.62726],[-13.05597,7.62779],[-13.04448,7.62436],[-13.04177,7.62122],[-13.04459,7.62122],[-13.04167,7.6183],[-13.03849,7.62196],[-13.04092,7.6233],[-13.04412,7.62831],[-13.04529,7.62828],[-13.04698,7.63863]]],[[[-13.07458,7.6533],[-13.08564,7.66417],[-13.08573,7.66299],[-13.08067,7.65787],[-13.07458,7.6533]]],[[[-13.07279,7.66783],[-13.05688,7.67231],[-13.05959,7.67392],[-13.06579,7.67407],[-13.07455,7.66933],[-13.07687,7.6654],[-13.07279,7.66783]]]]}},{"type":"Feature","properties":{"name":"Dea","district":"Kailahun"},"geometry":{"type":"Polygon","coordinates":[[[-10.69811,8.0339],[-10.70335,8.02328],[-10.69996,8.00868],[-10.70113,7.99725],[-10.70515,7.98751],[-10.70451,7.98286],[-10.70134,7.97122],[-10.69139,7.95746],[-10.69181,7.95005],[-10.68938,7.94032],[-10.68219,7.92593],[-10.6733,7.91619],[-10.67372,7.90286],[-10.67922,7.89799],[-10.67499,7.89503],[-10.66187,7.89059],[-10.64557,7.86963],[-10.60592,7.86858],[-10.60616,7.97911],[-10.61657,7.98156],[-10.61657,7.98571],[-10.61864,7.98882],[-10.61761,7.99063],[-10.61994,7.99089],[-10.6202,7.99323],[-10.62201,7.99271],[-10.62383,7.994],[-10.62124,7.99478],[-10.62461,7.99685],[-10.62512,7.99867],[-10.62694,7.99737],[-10.6272,7.99841],[-10.63005,7.99815],[-10.62849,7.99971],[-10.63135,7.99971],[-10.6329,8.00126],[-10.63783,8.00256],[-10.6399,8.00178],[-10.6399,8.00334],[-10.64327,8.00308],[-10.64534,8.00826],[-10.64716,8.00671],[-10.64872,8.00826],[-10.65027,8.00748],[-10.65027,8.01267],[-10.6526,8.01371],[-10.65105,8.01837],[-10.65494,8.01708],[-10.65468,8.02304],[-10.65649,8.0233],[-10.65597,8.02485],[-10.65753,8.02485],[-10.65701,8.02693],[-10.65883,8.02693],[-10.65831,8.02874],[-10.66064,8.02978],[-10.6631,8.0373],[-10.66725,8.03963],[-10.67581,8.03859],[-10.68566,8.03133],[-10.6854,8.02874],[-10.68669,8.02874],[-10.69162,8.0347],[-10.69811,8.0339]]]}},{"type":"Feature","properties":{"name":"Dasse","district":"Moyamba"},"geometry":{"type":"Polygon","coordinates":[[[-12.13994,7.94497],[-12.14114,7.94637],[-12.14164,7.95608],[-12.13688,7.96612],[-12.13286,7.96628],[-12.12943,7.97448],[-12.12592,7.97666],[-12.11705,7.97465],[-12.11554,7.97616],[-12.10316,7.97682],[-12.09094,7.98017],[-12.07873,7.97867],[-12.07622,7.97733],[-12.06685,7.97733],[-12.06434,7.97231],[-12.06066,7.97214],[-12.04585,7.97883],[-12.03493,7.98723],[-12.03685,7.99703],[-12.03852,8.02043],[-12.04121,8.02981],[-12.04008,8.03369],[-12.0459,8.05321],[-12.04612,8.06345],[-12.04946,8.06959],[-12.05345,8.06798],[-12.0555,8.07693],[-12.06003,8.07854],[-12.06693,8.08663],[-12.07918,8.0886],[-12.09388,8.09512],[-12.1062,8.09181],[-12.11676,8.09698],[-12.11976,8.09377],[-12.12152,8.08901],[-12.12494,8.08808],[-12.13032,8.09512],[-12.13798,8.09678],[-12.14538,8.10444],[-12.14994,8.10516],[-12.15822,8.10019],[-12.1637,8.10123],[-12.17054,8.09895],[-12.18234,8.08984],[-12.18964,8.08963],[-12.2003,8.08083],[-12.20361,8.07266],[-12.19662,8.05723],[-12.21691,8.06324],[-12.22188,8.06852],[-12.23534,8.06789],[-12.23782,8.07317],[-12.24388,8.07783],[-12.25516,8.07328],[-12.26003,8.07328],[-12.26303,8.065],[-12.27131,8.05589],[-12.27954,8.03974],[-12.28027,8.03777],[-12.27902,8.03456],[-12.26686,8.01148],[-12.26241,7.99885],[-12.25796,7.99315],[-12.23285,7.9828],[-12.21759,7.94761],[-12.21127,7.9385],[-12.19838,7.92763],[-12.19321,7.91779],[-12.1916,7.90755],[-12.18933,7.90485],[-12.18042,7.90289],[-12.1769,7.90423],[-12.17463,7.9061],[-12.1767,7.91365],[-12.16986,7.92328],[-12.15403,7.9297],[-12.14771,7.93032],[-12.14652,7.9328],[-12.15087,7.93694],[-12.15066,7.94005],[-12.13994,7.94497]]]}},{"type":"Feature","properties":{"name":"Dama","district":"Kenema"},"geometry":{"type":"Polygon","coordinates":[[[-11.18121,7.65171],[-11.17867,7.6591],[-11.16827,7.67742],[-11.15933,7.68578],[-11.1469,7.69483],[-11.09015,7.69867],[-11.07567,7.70116],[-11.07025,7.70387],[-11.06821,7.70794],[-11.06222,7.73191],[-11.06199,7.76176],[-11.05431,7.77849],[-11.04685,7.78663],[-11.0238,7.79858],[-11.0192,7.80282],[-11.01673,7.80812],[-10.9956,7.81926],[-11.00459,7.84033],[-11.00733,7.84405],[-11.0117,7.85694],[-11.02219,7.87486],[-11.02525,7.8777],[-11.02765,7.87748],[-11.02983,7.87245],[-11.03683,7.87049],[-11.04109,7.87263],[-11.04217,7.87098],[-11.04665,7.87151],[-11.05641,7.87731],[-11.07355,7.87652],[-11.07988,7.87283],[-11.09175,7.86914],[-11.10335,7.86887],[-11.12603,7.87151],[-11.13658,7.85727],[-11.14476,7.852],[-11.14897,7.83776],[-11.16849,7.8156],[-11.18774,7.80215],[-11.19684,7.79292],[-11.20557,7.7894],[-11.21044,7.78505],[-11.21879,7.77113],[-11.2292,7.75927],[-11.23305,7.75316],[-11.23384,7.73802],[-11.24039,7.72083],[-11.25125,7.70998],[-11.25984,7.70523],[-11.26165,7.69732],[-11.26276,7.66528],[-11.27137,7.64802],[-11.26007,7.64599],[-11.24718,7.64056],[-11.23791,7.64124],[-11.22751,7.64011],[-11.21982,7.63649],[-11.22027,7.653],[-11.21055,7.65368],[-11.1911,7.65029],[-11.18161,7.65051],[-11.18121,7.65171]]]}},{"type":"Feature","properties":{"name":"Central II","district":"Western Area Urban"},"geometry":{"type":"Polygon","coordinates":[[[-13.23631,8.47669],[-13.2356,8.48708],[-13.23067,8.49069],[-13.23216,8.49317],[-13.2363,8.4913],[-13.23915,8.48737],[-13.2405,8.48786],[-13.24084,8.48689],[-13.23873,8.48375],[-13.24022,8.48218],[-13.23895,8.47914],[-13.24055,8.47817],[-13.23631,8.47669]]]}},{"type":"Feature","properties":{"name":"Central I","district":"Western Area Urban"},"geometry":{"type":"Polygon","coordinates":[[[-13.22336,8.46815],[-13.2224,8.46805],[-13.22129,8.47226],[-13.22751,8.48279],[-13.22667,8.4905],[-13.2271,8.49132],[-13.22901,8.48961],[-13.23063,8.49097],[-13.2356,8.48708],[-13.23631,8.47669],[-13.23293,8.47611],[-13.2302,8.47092],[-13.22336,8.46815]]]}},{"type":"Feature","properties":{"name":"Buya Romende","district":"Karene"},"geometry":{"type":"Polygon","coordinates":[[[-12.5759,8.75967],[-12.55887,8.75641],[-12.55382,8.7517],[-12.5491,8.74362],[-12.5491,8.74059],[-12.5592,8.73285],[-12.56122,8.72982],[-12.56324,8.72106],[-12.56324,8.715],[-12.55988,8.70356],[-12.56077,8.70369],[-12.556,8.70272],[-12.53997,8.70263],[-12.53853,8.70515],[-12.53171,8.70722],[-12.53042,8.71012],[-12.51931,8.71046],[-12.51729,8.7145],[-12.51594,8.72359],[-12.5045,8.72258],[-12.50147,8.7246],[-12.50181,8.73571],[-12.49911,8.73739],[-12.48228,8.73571],[-12.48026,8.73402],[-12.4742,8.73335],[-12.46276,8.72864],[-12.44963,8.73268],[-12.43987,8.73941],[-12.43583,8.73907],[-12.42775,8.74985],[-12.41462,8.75658],[-12.40385,8.75321],[-12.38836,8.75186],[-12.38028,8.74816],[-12.37119,8.75893],[-12.36783,8.75961],[-12.3647,8.76235],[-12.36723,8.76446],[-12.37099,8.77471],[-12.37201,8.78393],[-12.3703,8.79077],[-12.36569,8.79248],[-12.35817,8.79863],[-12.35476,8.79829],[-12.3428,8.79282],[-12.33733,8.79316],[-12.33289,8.7976],[-12.3264,8.80102],[-12.31922,8.81537],[-12.31717,8.8246],[-12.3199,8.83553],[-12.32458,8.84082],[-12.33186,8.85637],[-12.34143,8.86594],[-12.34416,8.88883],[-12.35185,8.89874],[-12.35459,8.90455],[-12.36313,8.90762],[-12.37092,8.9081],[-12.38732,8.90236],[-12.39361,8.90646],[-12.39415,8.91494],[-12.39634,8.91685],[-12.3988,8.92259],[-12.39935,8.92724],[-12.407,8.92614],[-12.41001,8.93106],[-12.41356,8.9338],[-12.42149,8.93079],[-12.4286,8.93079],[-12.4327,8.93653],[-12.43488,8.93708],[-12.44035,8.92478],[-12.44718,8.91439],[-12.44964,8.91275],[-12.45602,8.91177],[-12.46276,8.90739],[-12.46579,8.90705],[-12.4668,8.90402],[-12.46983,8.90234],[-12.48262,8.90604],[-12.48969,8.90402],[-12.49507,8.89763],[-12.49507,8.88921],[-12.49709,8.88618],[-12.50147,8.88551],[-12.51998,8.87709],[-12.52604,8.87238],[-12.53816,8.86733],[-12.54355,8.86161],[-12.54557,8.85891],[-12.54658,8.85117],[-12.54591,8.84074],[-12.54389,8.83266],[-12.54624,8.8202],[-12.5587,8.81246],[-12.56072,8.80842],[-12.56476,8.80573],[-12.56577,8.8027],[-12.56173,8.79596],[-12.5661,8.78452],[-12.56307,8.78048],[-12.56442,8.77981],[-12.56375,8.77644],[-12.56173,8.77476],[-12.56173,8.76836],[-12.56442,8.76634],[-12.57317,8.76567],[-12.57553,8.76264],[-12.5759,8.75967]]]}},{"type":"Feature","properties":{"name":"Bureh Kasseh Ma","district":"Port Loko"},"geometry":{"type":"Polygon","coordinates":[[[-12.73788,9.02173],[-12.74295,9.0197],[-12.75844,9.00717],[-12.7577,8.99979],[-12.75106,8.99684],[-12.74664,8.99242],[-12.74442,8.98209],[-12.75475,8.98652],[-12.76065,8.99389],[-12.76655,8.99315],[-12.77097,8.99463],[-12.77687,8.99979],[-12.78056,8.99979],[-12.78056,9.00422],[-12.79679,9.01602],[-12.81154,9.03224],[-12.82481,9.02782],[-12.82924,9.02487],[-12.83219,9.0197],[-12.83882,9.01454],[-12.84325,9.0138],[-12.84989,9.01675],[-12.85652,8.99463],[-12.86169,8.9843],[-12.86169,8.97545],[-12.86464,8.9725],[-12.86611,8.96734],[-12.86242,8.95923],[-12.86242,8.95259],[-12.86685,8.95112],[-12.87717,8.95112],[-12.8816,8.94669],[-12.89561,8.94448],[-12.89635,8.93932],[-12.90446,8.93563],[-12.91184,8.92752],[-12.92069,8.9253],[-12.92511,8.91867],[-12.93101,8.91424],[-12.9229,8.90244],[-12.91405,8.89285],[-12.91294,8.84787],[-12.92096,8.84452],[-12.92007,8.84158],[-12.90644,8.83535],[-12.90139,8.83636],[-12.89062,8.84309],[-12.88388,8.84343],[-12.88085,8.84511],[-12.87311,8.85353],[-12.86941,8.85184],[-12.86402,8.85184],[-12.86099,8.84982],[-12.85039,8.83417],[-12.83591,8.83383],[-12.83255,8.83552],[-12.82581,8.84326],[-12.82178,8.84494],[-12.81471,8.84292],[-12.80494,8.84865],[-12.77734,8.85673],[-12.77498,8.85841],[-12.77902,8.86312],[-12.77734,8.86615],[-12.77566,8.87894],[-12.77869,8.885],[-12.78677,8.89443],[-12.78576,8.89679],[-12.78172,8.89679],[-12.77633,8.89275],[-12.75108,8.88029],[-12.74536,8.87322],[-12.74132,8.87086],[-12.73459,8.87322],[-12.73156,8.88803],[-12.72954,8.8914],[-12.72516,8.89174],[-12.72213,8.89039],[-12.72112,8.88231],[-12.71961,8.88147],[-12.71355,8.87979],[-12.70439,8.88201],[-12.70345,8.88786],[-12.70446,8.89123],[-12.70984,8.89729],[-12.71254,8.90167],[-12.7122,8.90369],[-12.69099,8.92422],[-12.692,8.93331],[-12.67955,8.93331],[-12.67484,8.936],[-12.67282,8.94038],[-12.66238,8.94577],[-12.66002,8.95384],[-12.65767,8.95586],[-12.65295,8.95654],[-12.64925,8.9626],[-12.64151,8.96563],[-12.63242,8.97573],[-12.63141,8.98145],[-12.62872,8.98448],[-12.61996,8.98953],[-12.61458,9.0067],[-12.61761,9.01074],[-12.62569,9.0104],[-12.63175,9.01646],[-12.63612,9.01814],[-12.65969,9.00131],[-12.66373,9.00535],[-12.66608,9.00973],[-12.66642,9.01376],[-12.67248,9.01511],[-12.68089,9.01275],[-12.68695,9.00804],[-12.692,8.99895],[-12.69503,9.00097],[-12.69638,9.00569],[-12.69402,9.01208],[-12.69503,9.01376],[-12.70244,9.01747],[-12.7048,9.02151],[-12.70311,9.02757],[-12.70547,9.03093],[-12.7085,9.03127],[-12.71523,9.02689],[-12.71523,9.01982],[-12.72365,9.01107],[-12.72903,9.00771],[-12.73442,9.01242],[-12.73509,9.01477],[-12.72735,9.01848],[-12.72802,9.02016],[-12.73711,9.01949],[-12.73788,9.02173]]]}},{"type":"Feature","properties":{"name":"Bumpeh","district":"Moyamba"},"geometry":{"type":"Polygon","coordinates":[[[-12.89832,8.08989],[-12.89845,8.08207],[-12.90414,8.06885],[-12.90297,8.06517],[-12.90338,8.05948],[-12.9064,8.04058],[-12.90454,8.03217],[-12.89948,8.03297],[-12.89648,8.0371],[-12.89291,8.03832],[-12.88198,8.03822],[-12.87194,8.03522],[-12.86508,8.0386],[-12.86171,8.03869],[-12.8488,8.03541],[-12.84758,8.03137],[-12.84439,8.02856],[-12.83679,8.02677],[-12.82637,8.0416],[-12.82168,8.0432],[-12.80887,8.04367],[-12.79573,8.03935],[-12.78024,8.03184],[-12.77138,8.01617],[-12.76959,8.01495],[-12.75176,8.02039],[-12.74773,8.01983],[-12.73994,8.02546],[-12.73937,8.00998],[-12.73797,8.0051],[-12.72788,7.99712],[-12.71981,8.00078],[-12.71136,8.00716],[-12.70892,8.00697],[-12.70319,8.01101],[-12.69775,8.0127],[-12.69494,8.01645],[-12.69048,8.01955],[-12.67593,8.01307],[-12.66974,8.01476],[-12.66748,8.01242],[-12.65092,8.00913],[-12.64538,8.01082],[-12.64163,8.01411],[-12.63919,8.02218],[-12.62793,8.01927],[-12.62314,8.01617],[-12.61957,8.0112],[-12.61427,8.01016],[-12.6032,8.00312],[-12.59653,8.00162],[-12.5818,8.01223],[-12.57615,8.01353],[-12.57464,8.02771],[-12.57786,8.02771],[-12.57908,8.02846],[-12.5787,8.02997],[-12.57504,8.03381],[-12.56838,8.04676],[-12.56406,8.05136],[-12.56125,8.05718],[-12.56097,8.0645],[-12.56237,8.06657],[-12.57913,8.07698],[-12.5932,8.08956],[-12.59879,8.09801],[-12.60198,8.1073],[-12.61324,8.1194],[-12.61911,8.12982],[-12.62389,8.13236],[-12.63337,8.1438],[-12.63201,8.15347],[-12.62891,8.15657],[-12.62131,8.15807],[-12.61052,8.15666],[-12.60798,8.15788],[-12.60798,8.16539],[-12.60442,8.16473],[-12.60376,8.16567],[-12.60376,8.16849],[-12.60198,8.17036],[-12.59855,8.18078],[-12.59846,8.18444],[-12.60127,8.19392],[-12.60015,8.1988],[-12.60752,8.2079],[-12.61174,8.211],[-12.61333,8.21597],[-12.62239,8.22677],[-12.62042,8.23362],[-12.62201,8.24957],[-12.63788,8.2842],[-12.64229,8.2888],[-12.64698,8.29762],[-12.65904,8.29941],[-12.66608,8.29837],[-12.69982,8.28561],[-12.71061,8.28467],[-12.71915,8.27426],[-12.72849,8.25933],[-12.74538,8.24779],[-12.74942,8.23512],[-12.74974,8.22818],[-12.75509,8.22151],[-12.76448,8.21485],[-12.77518,8.21363],[-12.78137,8.20987],[-12.78968,8.20209],[-12.79071,8.19645],[-12.79531,8.19861],[-12.79756,8.19674],[-12.79831,8.20011],[-12.79953,8.19983],[-12.80235,8.19786],[-12.80206,8.19373],[-12.80572,8.19157],[-12.81276,8.19514],[-12.81624,8.19289],[-12.81708,8.18773],[-12.8199,8.18895],[-12.8222,8.1881],[-12.8221,8.18425],[-12.82445,8.18425],[-12.82642,8.18679],[-12.82679,8.18134],[-12.82144,8.18106],[-12.82154,8.17956],[-12.82323,8.17778],[-12.82792,8.17787],[-12.82933,8.17262],[-12.8283,8.17102],[-12.82426,8.17233],[-12.82388,8.16652],[-12.82182,8.1637],[-12.82205,8.16182],[-12.82318,8.15967],[-12.82581,8.15948],[-12.82806,8.16126],[-12.83003,8.15948],[-12.83041,8.15788],[-12.82909,8.15694],[-12.82412,8.15629],[-12.82553,8.15244],[-12.8305,8.15253],[-12.8321,8.15647],[-12.83435,8.15629],[-12.83604,8.15375],[-12.83594,8.14897],[-12.83247,8.14671],[-12.8351,8.14409],[-12.83313,8.14108],[-12.83332,8.13986],[-12.83641,8.13846],[-12.83693,8.13517],[-12.8389,8.13433],[-12.83834,8.1317],[-12.83956,8.13067],[-12.83843,8.12757],[-12.83956,8.1241],[-12.8404,8.12335],[-12.84406,8.12541],[-12.84641,8.12372],[-12.84857,8.1241],[-12.84951,8.1286],[-12.8511,8.12682],[-12.85157,8.12353],[-12.85626,8.12278],[-12.85851,8.12381],[-12.8587,8.12813],[-12.86124,8.12954],[-12.86349,8.12794],[-12.86349,8.12579],[-12.85945,8.12137],[-12.85908,8.11875],[-12.86457,8.10861],[-12.86241,8.10777],[-12.85884,8.11011],[-12.85734,8.10955],[-12.85612,8.10711],[-12.85659,8.10251],[-12.8579,8.10157],[-12.86372,8.10232],[-12.86485,8.09763],[-12.87433,8.092],[-12.89832,8.08989]]]}},{"type":"Feature","properties":{"name":"Bumpe Ngao","district":"Bo"},"geometry":{"type":"Polygon","coordinates":[[[-12.10805,7.67916],[-12.1037,7.67907],[-12.0848,7.6894],[-12.07985,7.69085],[-12.05011,7.69144],[-12.04385,7.68693],[-12.03382,7.67631],[-12.02974,7.66729],[-12.02175,7.65755],[-12.01462,7.65958],[-12.00909,7.66816],[-12.00415,7.66875],[-12.00211,7.66787],[-11.99964,7.66147],[-11.98995,7.66163],[-11.98785,7.65969],[-11.98573,7.65274],[-11.97973,7.65086],[-11.97699,7.65174],[-11.9744,7.65536],[-11.97359,7.65468],[-11.97373,7.65955],[-11.97172,7.66186],[-11.96632,7.66569],[-11.95754,7.66764],[-11.95493,7.66984],[-11.94614,7.68289],[-11.94491,7.68757],[-11.94534,7.69365],[-11.94096,7.70505],[-11.93784,7.71027],[-11.92658,7.72048],[-11.92465,7.72553],[-11.93374,7.7397],[-11.93296,7.74612],[-11.93557,7.74956],[-11.9333,7.75619],[-11.9349,7.75734],[-11.93445,7.75899],[-11.9377,7.76092],[-11.93667,7.76296],[-11.93786,7.76461],[-11.92743,7.77647],[-11.92009,7.78225],[-11.91307,7.78555],[-11.91075,7.79094],[-11.89158,7.81567],[-11.88773,7.81869],[-11.88039,7.81938],[-11.87791,7.8209],[-11.87857,7.83294],[-11.87708,7.83479],[-11.86295,7.83924],[-11.85263,7.8575],[-11.85117,7.86392],[-11.85174,7.86904],[-11.85612,7.88608],[-11.85447,7.88952],[-11.85463,7.89564],[-11.85011,7.90356],[-11.8485,7.91003],[-11.85098,7.92787],[-11.85314,7.93333],[-11.84681,7.94448],[-11.84786,7.95718],[-11.85422,7.96899],[-11.85912,7.96849],[-11.86188,7.97032],[-11.86311,7.97464],[-11.86756,7.97789],[-11.86791,7.98086],[-11.87214,7.98315],[-11.87232,7.98564],[-11.87498,7.98684],[-11.87833,7.99371],[-11.88463,7.99372],[-11.89367,7.98887],[-11.91191,8.00125],[-11.92789,8.00276],[-11.94144,8.00611],[-11.95901,8.00644],[-11.96662,8.00929],[-11.98218,8.01246],[-12.00912,8.0138],[-12.01808,8.00945],[-12.02243,8.00159],[-12.03682,7.98502],[-12.05556,7.97365],[-12.06434,7.97231],[-12.06685,7.97733],[-12.07622,7.97733],[-12.07873,7.97867],[-12.09094,7.98017],[-12.10316,7.97682],[-12.11554,7.97616],[-12.11705,7.97465],[-12.12592,7.97666],[-12.12943,7.97448],[-12.13286,7.96628],[-12.13688,7.96612],[-12.14164,7.95608],[-12.14114,7.94637],[-12.13662,7.94303],[-12.13529,7.93934],[-12.13529,7.93232],[-12.13294,7.92328],[-12.1357,7.90956],[-12.13386,7.90404],[-12.13821,7.89199],[-12.1357,7.8766],[-12.14491,7.86438],[-12.14666,7.86087],[-12.147,7.85552],[-12.14449,7.85033],[-12.13579,7.8433],[-12.13495,7.83895],[-12.1383,7.8259],[-12.13913,7.81586],[-12.13654,7.80967],[-12.13704,7.79929],[-12.13286,7.79762],[-12.12935,7.79126],[-12.12968,7.78925],[-12.13721,7.78658],[-12.13738,7.78424],[-12.13286,7.77754],[-12.13696,7.76516],[-12.12357,7.75127],[-12.12257,7.74324],[-12.11454,7.72969],[-12.11253,7.72383],[-12.10918,7.71982],[-12.10793,7.70978],[-12.11178,7.70409],[-12.11747,7.68869],[-12.1173,7.68719],[-12.10805,7.67916]]]}},{"type":"Feature","properties":{"name":"Bum","district":"Bonthe"},"geometry":{"type":"Polygon","coordinates":[[[-12.01183,7.33686],[-12.00078,7.32963],[-11.99329,7.32902],[-11.9688,7.33732],[-11.95625,7.34016],[-11.94694,7.34076],[-11.93379,7.33813],[-11.93156,7.33611],[-11.92184,7.33813],[-11.92002,7.33388],[-11.91638,7.33206],[-11.9101,7.33166],[-11.90164,7.33657],[-11.90241,7.33767],[-11.89786,7.34023],[-11.88849,7.34875],[-11.89161,7.35301],[-11.88906,7.36437],[-11.88025,7.37971],[-11.87812,7.39392],[-11.88039,7.39505],[-11.88352,7.3942],[-11.88437,7.39903],[-11.88664,7.39903],[-11.88863,7.40102],[-11.88636,7.40272],[-11.88579,7.40869],[-11.88096,7.40784],[-11.88494,7.41267],[-11.88465,7.41465],[-11.88068,7.41664],[-11.8803,7.41829],[-11.88437,7.41945],[-11.88612,7.42134],[-11.88393,7.42323],[-11.88633,7.42716],[-11.89128,7.43036],[-11.89433,7.43676],[-11.89841,7.43952],[-11.89564,7.44127],[-11.89419,7.44738],[-11.89375,7.46061],[-11.88735,7.46439],[-11.8899,7.47108],[-11.88844,7.47588],[-11.8899,7.48228],[-11.89353,7.48345],[-11.89993,7.49101],[-11.89252,7.49639],[-11.87935,7.51006],[-11.89462,7.51923],[-11.89972,7.52577],[-11.91106,7.53319],[-11.91644,7.53552],[-11.92517,7.53101],[-11.93855,7.53086],[-11.94713,7.52941],[-11.95004,7.53057],[-11.95309,7.52955],[-11.96129,7.53044],[-11.96162,7.5285],[-11.96506,7.52607],[-11.96981,7.52536],[-11.9939,7.52678],[-11.99937,7.52313],[-12.01515,7.52799],[-12.02507,7.52799],[-12.03114,7.52354],[-12.03661,7.51645],[-12.04045,7.50573],[-12.05351,7.49186],[-12.06414,7.48629],[-12.06454,7.47901],[-12.06231,7.47071],[-12.06272,7.46727],[-12.0696,7.45796],[-12.07021,7.45492],[-12.07203,7.45452],[-12.07183,7.4529],[-12.07107,7.45115],[-12.05968,7.44723],[-12.05361,7.44035],[-12.05068,7.43397],[-12.04784,7.4198],[-12.0446,7.41211],[-12.044,7.40887],[-12.04541,7.40523],[-12.04258,7.39734],[-12.04217,7.39046],[-12.04997,7.37335],[-12.03782,7.37214],[-12.0273,7.37274],[-12.02446,7.35918],[-12.0194,7.34825],[-12.01183,7.33686]]]}},{"type":"Feature","properties":{"name":"Bramaia","district":"Kambia"},"geometry":{"type":"Polygon","coordinates":[[[-12.44213,9.50041],[-12.46749,9.51383],[-12.48667,9.53006],[-12.49183,9.53596],[-12.51604,9.55385],[-12.52529,9.55884],[-12.52663,9.55534],[-12.5255,9.5588],[-12.53499,9.56155],[-12.53829,9.56398],[-12.54567,9.57726],[-12.54965,9.58037],[-12.5539,9.58154],[-12.56042,9.58021],[-12.57959,9.58685],[-12.58071,9.5922],[-12.58746,9.60086],[-12.59762,9.60019],[-12.60003,9.60252],[-12.6,9.60159],[-12.61219,9.6081],[-12.61702,9.60486],[-12.61786,9.59444],[-12.6221,9.5907],[-12.62747,9.57092],[-12.63297,9.56725],[-12.63339,9.56317],[-12.62772,9.54993],[-12.6307,9.54712],[-12.63963,9.55001],[-12.64781,9.54554],[-12.655,9.53673],[-12.65371,9.53227],[-12.64781,9.52711],[-12.64434,9.51982],[-12.6455,9.51116],[-12.65954,9.49172],[-12.66645,9.47964],[-12.67028,9.47656],[-12.66772,9.47032],[-12.66945,9.4674],[-12.67311,9.46548],[-12.67046,9.46287],[-12.6732,9.46548],[-12.67694,9.46165],[-12.67761,9.44899],[-12.68136,9.44316],[-12.67486,9.43767],[-12.68386,9.43092],[-12.67911,9.42068],[-12.68369,9.41826],[-12.68319,9.4106],[-12.6846,9.40744],[-12.6876,9.40977],[-12.69302,9.4176],[-12.69944,9.41648],[-12.70597,9.41131],[-12.70888,9.40673],[-12.70938,9.39882],[-12.70663,9.39399],[-12.70705,9.38932],[-12.71071,9.38974],[-12.71513,9.39449],[-12.71889,9.39589],[-12.7223,9.39657],[-12.72508,9.39486],[-12.73115,9.39436],[-12.7394,9.39978],[-12.74881,9.40027],[-12.7509,9.39486],[-12.75564,9.38903],[-12.75586,9.37371],[-12.75217,9.36525],[-12.75373,9.3638],[-12.7534,9.35922],[-12.75106,9.35705],[-12.74774,9.35658],[-12.74648,9.35389],[-12.74773,9.34456],[-12.75073,9.3414],[-12.76102,9.33831],[-12.77263,9.34231],[-12.77455,9.34123],[-12.77455,9.33881],[-12.77205,9.33698],[-12.77134,9.33167],[-12.77713,9.32307],[-12.77798,9.31987],[-12.78683,9.31323],[-12.78318,9.30314],[-12.78779,9.29851],[-12.80078,9.29617],[-12.80896,9.28447],[-12.82302,9.29376],[-12.83384,9.2876],[-12.83568,9.28893],[-12.84288,9.28742],[-12.84731,9.27783],[-12.84933,9.28268],[-12.8555,9.28926],[-12.86058,9.29226],[-12.86501,9.28742],[-12.87164,9.28816],[-12.87902,9.29184],[-12.88639,9.28447],[-12.8876,9.28122],[-12.88492,9.27857],[-12.88336,9.27348],[-12.88861,9.27046],[-12.89589,9.27119],[-12.89964,9.26861],[-12.90778,9.25866],[-12.90734,9.25584],[-12.90573,9.2547],[-12.89999,9.25401],[-12.89815,9.24987],[-12.9009,9.24504],[-12.90803,9.23952],[-12.90872,9.23653],[-12.90734,9.23263],[-12.90366,9.23194],[-12.89378,9.23561],[-12.88941,9.23355],[-12.88849,9.23079],[-12.89332,9.21493],[-12.89148,9.21424],[-12.87654,9.21998],[-12.86918,9.22044],[-12.86527,9.21814],[-12.84872,9.22205],[-12.82987,9.22228],[-12.81861,9.23653],[-12.80895,9.24435],[-12.79815,9.25745],[-12.79516,9.27768],[-12.79171,9.27906],[-12.78838,9.27872],[-12.77849,9.27251],[-12.77412,9.27228],[-12.76539,9.26929],[-12.76493,9.2709],[-12.76332,9.27067],[-12.76148,9.27389],[-12.76217,9.27527],[-12.75826,9.28745],[-12.74953,9.3024],[-12.73435,9.31159],[-12.72493,9.31895],[-12.72148,9.32607],[-12.71343,9.3355],[-12.69309,9.34987],[-12.67654,9.35584],[-12.63217,9.35745],[-12.6224,9.35918],[-12.61344,9.36331],[-12.60516,9.37573],[-12.60079,9.38745],[-12.59344,9.4001],[-12.58401,9.41228],[-12.57206,9.42285],[-12.55907,9.43745],[-12.51861,9.46527],[-12.48803,9.46872],[-12.48183,9.4701],[-12.46976,9.4755],[-12.44213,9.50041]]]}},{"type":"Feature","properties":{"name":"Bombali Sebora","district":"Bombali"},"geometry":{"type":"Polygon","coordinates":[[[-12.00471,8.86447],[-12.00816,8.8625],[-12.00981,8.85811],[-12.01136,8.85829],[-12.01648,8.85373],[-12.02378,8.85446],[-12.02196,8.85702],[-12.02013,8.86597],[-12.01721,8.86871],[-12.01721,8.87181],[-12.0205,8.87857],[-12.01885,8.88241],[-12.02913,8.89421],[-12.03429,8.89055],[-12.03418,8.88872],[-12.02781,8.88697],[-12.02915,8.88243],[-12.03155,8.87963],[-12.02247,8.87048],[-12.02182,8.86862],[-12.02485,8.86594],[-12.03409,8.85978],[-12.05245,8.85954],[-12.06303,8.85972],[-12.06324,8.87025],[-12.07001,8.86597],[-12.07987,8.85683],[-12.08426,8.84934],[-12.09193,8.84459],[-12.09193,8.83838],[-12.09704,8.83235],[-12.09768,8.8234],[-12.10371,8.80824],[-12.11687,8.79965],[-12.13367,8.78376],[-12.13952,8.77645],[-12.14747,8.77499],[-12.14911,8.77298],[-12.15222,8.77206],[-12.15697,8.77426],[-12.16208,8.77261],[-12.16939,8.77444],[-12.17743,8.76549],[-12.18053,8.7527],[-12.18099,8.74215],[-12.17469,8.73781],[-12.16128,8.71645],[-12.15359,8.70919],[-12.14291,8.70492],[-12.13565,8.70449],[-12.12924,8.69382],[-12.12625,8.69125],[-12.12156,8.67759],[-12.11857,8.6746],[-12.11472,8.66392],[-12.10832,8.66434],[-12.10319,8.67417],[-12.09379,8.67545],[-12.08098,8.68314],[-12.07287,8.681],[-12.07158,8.68442],[-12.07415,8.68741],[-12.07586,8.69253],[-12.07287,8.70407],[-12.067,8.70492],[-12.06259,8.7099],[-12.05933,8.70745],[-12.05048,8.71126],[-12.04884,8.70976],[-12.04666,8.71058],[-12.04503,8.70853],[-12.04108,8.71017],[-12.03427,8.70962],[-12.03455,8.71153],[-12.0321,8.71276],[-12.03223,8.71384],[-12.02992,8.71412],[-12.02971,8.71915],[-12.02726,8.72583],[-12.02753,8.7295],[-12.02222,8.73481],[-12.02236,8.73808],[-12.01297,8.74434],[-12.00235,8.74625],[-12.00194,8.75033],[-11.99874,8.75265],[-11.9922,8.76109],[-11.97818,8.7649],[-11.97641,8.76708],[-12.0003,8.79377],[-12.00493,8.80752],[-12.01378,8.81433],[-12.01746,8.8195],[-12.02195,8.81296],[-12.02549,8.81868],[-12.01685,8.82685],[-12.0193,8.83039],[-12.01753,8.83393],[-12.01549,8.83379],[-12.01467,8.83529],[-12.01603,8.8391],[-12.00977,8.84156],[-12.00786,8.84945],[-12.00418,8.84945],[-11.9986,8.85408],[-11.99561,8.85258],[-11.99356,8.85326],[-11.99152,8.85776],[-11.9888,8.86007],[-11.98798,8.86221],[-11.99401,8.86323],[-11.99766,8.86889],[-12.00277,8.86341],[-12.00471,8.86447]]]}},{"type":"Feature","properties":{"name":"Boama","district":"Bo"},"geometry":{"type":"Polygon","coordinates":[[[-11.35637,7.95803],[-11.3537,7.96036],[-11.35735,7.96146],[-11.36064,7.96547],[-11.36027,7.97095],[-11.36319,7.97496],[-11.36685,7.99321],[-11.3778,7.99942],[-11.38765,8.00891],[-11.38747,8.01658],[-11.38491,8.02205],[-11.37761,8.02607],[-11.36995,8.02424],[-11.33783,8.02169],[-11.336,8.02424],[-11.33637,8.03227],[-11.33491,8.03884],[-11.33819,8.04432],[-11.33637,8.05162],[-11.33637,8.05931],[-11.33994,8.05914],[-11.34536,8.06144],[-11.34619,8.06378],[-11.35063,8.06383],[-11.35418,8.0655],[-11.36035,8.06167],[-11.36284,8.06194],[-11.36704,8.05675],[-11.37137,8.05409],[-11.37769,8.05664],[-11.38058,8.05647],[-11.38547,8.04837],[-11.38824,8.04759],[-11.39177,8.05084],[-11.39321,8.05006],[-11.39521,8.05106],[-11.39843,8.04545],[-11.41031,8.04096],[-11.41045,8.03244],[-11.41467,8.03316],[-11.41506,8.02683],[-11.41717,8.02539],[-11.41833,8.02217],[-11.42178,8.01994],[-11.42797,8.02175],[-11.43751,8.01981],[-11.44085,8.02203],[-11.44487,8.0215],[-11.45409,8.01545],[-11.45558,8.0099],[-11.46149,8.00977],[-11.45847,7.99917],[-11.45896,7.99754],[-11.47752,7.99509],[-11.48447,7.99644],[-11.48675,7.9953],[-11.49065,7.98821],[-11.49235,7.98728],[-11.49672,7.99229],[-11.50204,7.99108],[-11.50786,7.99605],[-11.52599,7.99765],[-11.53109,7.99617],[-11.53406,7.99059],[-11.537,7.99197],[-11.55004,7.99034],[-11.55151,7.98839],[-11.55297,7.97893],[-11.55477,7.97608],[-11.55375,7.97],[-11.55587,7.96894],[-11.55742,7.96584],[-11.56369,7.96161],[-11.5628,7.95924],[-11.56451,7.95231],[-11.56052,7.95117],[-11.55897,7.94946],[-11.55994,7.94815],[-11.56096,7.94901],[-11.56219,7.94689],[-11.57026,7.94648],[-11.57246,7.94534],[-11.57172,7.94257],[-11.57327,7.94004],[-11.57515,7.94061],[-11.58167,7.93743],[-11.58306,7.93222],[-11.58599,7.93295],[-11.58803,7.93222],[-11.58942,7.92977],[-11.59194,7.92985],[-11.595,7.92777],[-11.60136,7.92728],[-11.60071,7.92443],[-11.59687,7.92329],[-11.59793,7.92044],[-11.60217,7.91718],[-11.60609,7.91783],[-11.60584,7.91253],[-11.60976,7.90911],[-11.6226,7.90238],[-11.62471,7.90303],[-11.62659,7.90132],[-11.62496,7.89838],[-11.6283,7.89708],[-11.6301,7.8948],[-11.63352,7.89325],[-11.64069,7.89651],[-11.65113,7.89463],[-11.65296,7.89003],[-11.65174,7.88799],[-11.64848,7.88766],[-11.64872,7.8853],[-11.64701,7.88196],[-11.6475,7.88106],[-11.65044,7.88171],[-11.65101,7.87992],[-11.64636,7.86622],[-11.64721,7.86234],[-11.64564,7.8615],[-11.63886,7.86437],[-11.62394,7.86668],[-11.61261,7.87131],[-11.61054,7.87099],[-11.60846,7.86796],[-11.60679,7.86804],[-11.57891,7.88172],[-11.5663,7.88603],[-11.56315,7.88495],[-11.55972,7.88152],[-11.56124,7.87745],[-11.57129,7.86397],[-11.57428,7.85587],[-11.57815,7.83581],[-11.57775,7.82121],[-11.57986,7.81319],[-11.558,7.81957],[-11.55106,7.82388],[-11.53036,7.83062],[-11.52725,7.83118],[-11.51488,7.82751],[-11.50774,7.83577],[-11.5012,7.83864],[-11.49315,7.84438],[-11.48529,7.8544],[-11.48257,7.85527],[-11.47483,7.85463],[-11.47033,7.86144],[-11.45317,7.86838],[-11.44733,7.87422],[-11.44587,7.88261],[-11.44989,7.89064],[-11.44843,7.89539],[-11.44952,7.89758],[-11.44697,7.90305],[-11.43803,7.90853],[-11.43584,7.91254],[-11.42817,7.91327],[-11.42488,7.91729],[-11.42123,7.91327],[-11.41868,7.91291],[-11.41722,7.91035],[-11.41211,7.90853],[-11.40773,7.91145],[-11.39897,7.91072],[-11.39057,7.91254],[-11.38729,7.9078],[-11.384,7.90816],[-11.38473,7.9151],[-11.38875,7.92094],[-11.39021,7.92605],[-11.39021,7.93627],[-11.36867,7.94321],[-11.35637,7.95803]]]}},{"type":"Feature","properties":{"name":"Bo Town","district":"Bo"},"geometry":{"type":"Polygon","coordinates":[[[-11.72398,7.93737],[-11.71752,7.943],[-11.71452,7.9427],[-11.71311,7.94467],[-11.70997,7.94578],[-11.70847,7.94832],[-11.71028,7.95834],[-11.70861,7.96756],[-11.7103,7.97174],[-11.71417,7.97387],[-11.72353,7.97245],[-11.72495,7.9733],[-11.72369,7.97996],[-11.72671,7.98285],[-11.73208,7.97685],[-11.73405,7.98117],[-11.73282,7.98427],[-11.73731,7.98497],[-11.74483,7.98045],[-11.76177,7.9752],[-11.75383,7.95443],[-11.7519,7.95241],[-11.75637,7.95094],[-11.76012,7.94283],[-11.75122,7.93705],[-11.74256,7.93683],[-11.7344,7.93444],[-11.72398,7.93737]]]}},{"type":"Feature","properties":{"name":"Biriwa","district":"Bombali"},"geometry":{"type":"Polygon","coordinates":[[[-11.98781,9.40464],[-11.98446,9.40927],[-11.97368,9.41026],[-11.9613,9.39664],[-11.95956,9.39119],[-11.95461,9.39218],[-11.94842,9.38995],[-11.94124,9.3907],[-11.93925,9.38971],[-11.93901,9.38352],[-11.93727,9.37881],[-11.93331,9.37386],[-11.9348,9.36519],[-11.93752,9.3637],[-11.93876,9.35652],[-11.94346,9.35206],[-11.9452,9.34513],[-11.94929,9.33943],[-11.95077,9.33373],[-11.95672,9.32308],[-11.95672,9.31937],[-11.96068,9.31664],[-11.96117,9.31317],[-11.96712,9.30203],[-11.96959,9.30203],[-11.96935,9.29955],[-11.97133,9.29708],[-11.97207,9.28742],[-11.97083,9.28568],[-11.97306,9.27726],[-11.97455,9.27701],[-11.97678,9.28296],[-11.97876,9.28321],[-11.98148,9.28197],[-11.98024,9.27949],[-11.98198,9.27553],[-11.98545,9.27479],[-11.98792,9.2785],[-11.99411,9.2785],[-11.99882,9.27726],[-11.99981,9.27528],[-11.99374,9.25373],[-11.99498,9.24506],[-11.9987,9.23813],[-11.99548,9.2203],[-11.99696,9.21931],[-12.00563,9.22079],[-12.01603,9.22723],[-12.01975,9.22451],[-12.0195,9.22079],[-12.01603,9.22277],[-12.01876,9.20915],[-12.01628,9.2037],[-12.01764,9.20023],[-12.01294,9.19454],[-12.0122,9.18686],[-12.0169,9.17745],[-12.01715,9.17571],[-12.01541,9.17448],[-12.01616,9.17225],[-12.02235,9.16878],[-12.02359,9.15912],[-12.02062,9.16259],[-12.01269,9.16135],[-12.01269,9.16011],[-12.01839,9.15664],[-12.01814,9.15144],[-12.0273,9.1502],[-12.02904,9.14674],[-12.0304,9.1289],[-12.03486,9.12717],[-12.04179,9.10637],[-12.03981,9.10042],[-12.03833,9.09993],[-12.0361,9.10191],[-12.0356,9.10042],[-12.04501,9.09002],[-12.04105,9.07615],[-12.04724,9.07045],[-12.04935,9.06005],[-12.04712,9.05361],[-12.04266,9.05361],[-12.04142,9.05237],[-12.04216,9.05064],[-12.03993,9.04866],[-12.04241,9.039],[-12.04117,9.03404],[-12.03498,9.03875],[-12.03399,9.03801],[-12.03622,9.03503],[-12.03622,9.03281],[-12.03176,9.03429],[-12.03176,9.03206],[-12.03028,9.03132],[-12.02829,9.03602],[-12.02607,9.02909],[-12.02458,9.03132],[-12.02185,9.03082],[-12.02235,9.03503],[-12.01269,9.04172],[-12.00675,9.04989],[-12.00402,9.04965],[-12.00031,9.04469],[-11.99981,9.05014],[-11.9956,9.0489],[-11.98768,9.05584],[-11.98495,9.05534],[-11.98396,9.05039],[-11.98099,9.05411],[-11.97925,9.05411],[-11.97925,9.05064],[-11.97752,9.04989],[-11.97628,9.05138],[-11.97542,9.04618],[-11.97393,9.04494],[-11.97071,9.04965],[-11.96898,9.04915],[-11.96724,9.04519],[-11.96798,9.0442],[-11.96947,9.04469],[-11.96798,9.03924],[-11.96229,9.03702],[-11.96303,9.03454],[-11.95783,9.03058],[-11.95833,9.02934],[-11.96105,9.02934],[-11.95907,9.02736],[-11.96179,9.02612],[-11.95758,9.0172],[-11.94916,9.01373],[-11.94569,9.01522],[-11.94322,9.01225],[-11.93703,9.01151],[-11.93851,9.00928],[-11.93703,9.00729],[-11.94049,9.00457],[-11.93975,9.00308],[-11.93331,9.00407],[-11.93083,9.00829],[-11.92712,9.00878],[-11.91919,9.01547],[-11.91994,9.01993],[-11.91696,9.02092],[-11.91449,9.02364],[-11.91647,9.02438],[-11.91597,9.02711],[-11.91721,9.02884],[-11.913,9.03058],[-11.91176,9.03702],[-11.90408,9.03825],[-11.89752,9.03181],[-11.88935,9.03256],[-11.88737,9.0338],[-11.88786,9.03924],[-11.87795,9.0494],[-11.87696,9.05708],[-11.88018,9.06451],[-11.87944,9.07194],[-11.88093,9.07788],[-11.87994,9.09398],[-11.87771,9.10389],[-11.87944,9.10637],[-11.88006,9.11429],[-11.87684,9.1294],[-11.87684,9.14575],[-11.8709,9.14921],[-11.85901,9.14897],[-11.85059,9.15119],[-11.83672,9.15838],[-11.8334,9.15735],[-11.82493,9.16235],[-11.8181,9.17004],[-11.82151,9.18584],[-11.81254,9.19994],[-11.80571,9.2025],[-11.79717,9.21019],[-11.79631,9.23112],[-11.80101,9.22983],[-11.80486,9.23325],[-11.82066,9.2324],[-11.82536,9.22813],[-11.83176,9.22941],[-11.83646,9.23368],[-11.83945,9.24094],[-11.84073,9.25333],[-11.84629,9.2529],[-11.85056,9.25034],[-11.85419,9.25973],[-11.85718,9.26144],[-11.85931,9.25973],[-11.86487,9.26144],[-11.86487,9.26657],[-11.86017,9.26785],[-11.85376,9.26827],[-11.85034,9.26528],[-11.8371,9.26614],[-11.83796,9.2734],[-11.84266,9.28194],[-11.84821,9.30885],[-11.84436,9.31696],[-11.80806,9.34686],[-11.81062,9.35455],[-11.81788,9.36096],[-11.82472,9.36053],[-11.82429,9.36523],[-11.81617,9.39043],[-11.81233,9.39769],[-11.81874,9.40324],[-11.83219,9.42032],[-11.83518,9.42716],[-11.84073,9.43143],[-11.8433,9.43869],[-11.84116,9.44638],[-11.85526,9.45065],[-11.8617,9.46116],[-11.86721,9.46218],[-11.87319,9.46645],[-11.88003,9.48781],[-11.87405,9.49635],[-11.87576,9.5019],[-11.87277,9.50489],[-11.86807,9.50446],[-11.86721,9.50831],[-11.87704,9.51899],[-11.88195,9.52069],[-11.88665,9.5113],[-11.88964,9.51386],[-11.88793,9.52667],[-11.88579,9.52924],[-11.88494,9.53863],[-11.89519,9.54077],[-11.91356,9.53778],[-11.91953,9.53949],[-11.9268,9.53821],[-11.93406,9.5365],[-11.93662,9.53351],[-11.94132,9.53351],[-11.94345,9.53052],[-11.94986,9.53351],[-11.95285,9.52625],[-11.95627,9.5224],[-11.96096,9.52112],[-11.96395,9.51258],[-11.96011,9.51258],[-11.96096,9.50703],[-11.96566,9.50617],[-11.96865,9.50147],[-11.96951,9.49464],[-11.971,9.49576],[-11.9699,9.48232],[-11.97403,9.48301],[-11.97471,9.46821],[-11.97231,9.46064],[-11.97712,9.45961],[-11.97781,9.44688],[-11.97953,9.4486],[-11.98194,9.44688],[-11.98607,9.44756],[-11.9871,9.44378],[-11.98504,9.44068],[-11.9847,9.43517],[-11.98642,9.43827],[-11.98882,9.43793],[-11.99123,9.43449],[-11.98951,9.43001],[-11.99433,9.42554],[-11.99227,9.4159],[-11.9964,9.41108],[-11.98781,9.40464]]]}},{"type":"Feature","properties":{"name":"Bendu-Cha","district":"Bonthe"},"geometry":{"type":"Polygon","coordinates":[[[-12.30871,7.45185],[-12.30517,7.46084],[-12.29574,7.47117],[-12.29596,7.47431],[-12.29708,7.47499],[-12.29663,7.47791],[-12.29866,7.47836],[-12.29686,7.48262],[-12.29551,7.4824],[-12.29529,7.48757],[-12.29821,7.48824],[-12.29326,7.49206],[-12.30495,7.50059],[-12.30562,7.50688],[-12.31483,7.5107],[-12.31809,7.51329],[-12.31809,7.51463],[-12.3109,7.51778],[-12.30977,7.52654],[-12.32101,7.52654],[-12.34279,7.55008],[-12.35039,7.55546],[-12.3567,7.55546],[-12.36189,7.55194],[-12.37023,7.5384],[-12.3795,7.53729],[-12.38562,7.53395],[-12.39156,7.5358],[-12.41956,7.52709],[-12.42216,7.53042],[-12.42976,7.52987],[-12.44255,7.52023],[-12.44858,7.51253],[-12.45285,7.5103],[-12.4573,7.50585],[-12.46249,7.49028],[-12.48001,7.46218],[-12.4878,7.45402],[-12.48966,7.4492],[-12.47742,7.439],[-12.47,7.42862],[-12.46555,7.42547],[-12.45869,7.42343],[-12.44255,7.42788],[-12.42512,7.4301],[-12.41602,7.42883],[-12.40838,7.42523],[-12.39401,7.41468],[-12.38435,7.40457],[-12.37806,7.4021],[-12.3693,7.40187],[-12.35829,7.38615],[-12.33942,7.40547],[-12.33224,7.41041],[-12.3255,7.41939],[-12.31157,7.44433],[-12.30871,7.45185]]]}},{"type":"Feature","properties":{"name":"Barri","district":"Pujehun"},"geometry":{"type":"Polygon","coordinates":[[[-11.35107,7.46482],[-11.35468,7.47432],[-11.35422,7.47853],[-11.35211,7.48226],[-11.35608,7.48997],[-11.36076,7.49535],[-11.35912,7.49792],[-11.36391,7.50352],[-11.36111,7.51474],[-11.36508,7.52104],[-11.36671,7.52642],[-11.36508,7.53319],[-11.36531,7.5388],[-11.35947,7.55375],[-11.36204,7.55889],[-11.35784,7.56426],[-11.34207,7.57688],[-11.33155,7.58833],[-11.32151,7.58763],[-11.31053,7.5965],[-11.32455,7.60001],[-11.34861,7.5958],[-11.35305,7.59744],[-11.36146,7.60678],[-11.36449,7.61216],[-11.36882,7.63692],[-11.36928,7.65094],[-11.37069,7.65421],[-11.37325,7.65537],[-11.39872,7.62804],[-11.40363,7.62033],[-11.40503,7.61636],[-11.40479,7.61216],[-11.41601,7.5979],[-11.43668,7.55959],[-11.44953,7.54417],[-11.4521,7.54254],[-11.45724,7.54184],[-11.47476,7.54277],[-11.50069,7.5409],[-11.50548,7.54169],[-11.50719,7.53417],[-11.50915,7.53188],[-11.51275,7.53057],[-11.52224,7.51519],[-11.52322,7.51126],[-11.51701,7.49817],[-11.51995,7.48835],[-11.52486,7.48508],[-11.52453,7.46774],[-11.52617,7.4589],[-11.52453,7.45628],[-11.51537,7.45399],[-11.50195,7.44679],[-11.50065,7.44385],[-11.49999,7.41865],[-11.48968,7.39787],[-11.48968,7.39624],[-11.49655,7.38805],[-11.49655,7.38511],[-11.49263,7.38118],[-11.48706,7.38053],[-11.4815,7.38184],[-11.47627,7.37366],[-11.47594,7.37038],[-11.47168,7.36744],[-11.46907,7.3622],[-11.4635,7.35828],[-11.4671,7.35369],[-11.47823,7.34519],[-11.47725,7.34355],[-11.46547,7.34224],[-11.46056,7.33864],[-11.45532,7.32555],[-11.45565,7.32261],[-11.46465,7.31426],[-11.46742,7.30403],[-11.44763,7.30608],[-11.4388,7.30837],[-11.42473,7.30772],[-11.41196,7.30477],[-11.39756,7.30903],[-11.37368,7.31295],[-11.36451,7.32015],[-11.36026,7.33161],[-11.35601,7.33324],[-11.35601,7.3447],[-11.35241,7.35124],[-11.34979,7.35255],[-11.36779,7.3712],[-11.37171,7.37382],[-11.37302,7.37644],[-11.37269,7.38102],[-11.3668,7.38756],[-11.35928,7.38953],[-11.34848,7.39542],[-11.33212,7.39705],[-11.32754,7.39902],[-11.31837,7.40785],[-11.31426,7.41684],[-11.3277,7.42549],[-11.3409,7.4311],[-11.34277,7.43484],[-11.34277,7.43928],[-11.34931,7.44091],[-11.35048,7.44862],[-11.34837,7.45166],[-11.35165,7.45143],[-11.35422,7.45563],[-11.34861,7.46007],[-11.35107,7.46482]]]}},{"type":"Feature","properties":{"name":"Bagruwa","district":"Moyamba"},"geometry":{"type":"Polygon","coordinates":[[[-12.6226,7.69637],[-12.62368,7.69446],[-12.62343,7.68954],[-12.59674,7.68667],[-12.58933,7.68434],[-12.58633,7.685],[-12.56988,7.70037],[-12.55564,7.70845],[-12.54132,7.72044],[-12.53161,7.72639],[-12.52512,7.72864],[-12.51121,7.74163],[-12.49776,7.74859],[-12.49135,7.75625],[-12.48677,7.76783],[-12.48502,7.77032],[-12.48169,7.77199],[-12.47969,7.77149],[-12.47815,7.7632],[-12.4784,7.75887],[-12.48148,7.75071],[-12.47411,7.74201],[-12.47078,7.72893],[-12.46603,7.72494],[-12.46261,7.72452],[-12.45903,7.72644],[-12.45012,7.73726],[-12.44846,7.74084],[-12.44871,7.74967],[-12.44621,7.75317],[-12.43222,7.75625],[-12.42632,7.76014],[-12.43569,7.76177],[-12.43712,7.76406],[-12.43759,7.76986],[-12.43112,7.76929],[-12.42998,7.77129],[-12.43083,7.77224],[-12.43988,7.77405],[-12.44349,7.78119],[-12.4571,7.78471],[-12.45805,7.78909],[-12.45282,7.79499],[-12.45111,7.7988],[-12.45063,7.80279],[-12.45225,7.80622],[-12.45153,7.80831],[-12.44706,7.81241],[-12.44392,7.80965],[-12.44145,7.80984],[-12.43764,7.81507],[-12.44011,7.81897],[-12.43659,7.81964],[-12.43545,7.82354],[-12.4285,7.82231],[-12.42745,7.82507],[-12.42412,7.82726],[-12.42698,7.83297],[-12.42503,7.84515],[-12.4167,7.86133],[-12.41603,7.86599],[-12.41146,7.87085],[-12.40057,7.89093],[-12.39676,7.89426],[-12.39181,7.90226],[-12.38762,7.90368],[-12.38486,7.9013],[-12.38286,7.90492],[-12.37953,7.9054],[-12.37782,7.90445],[-12.3763,7.89902],[-12.37506,7.8994],[-12.37344,7.90559],[-12.36811,7.89635],[-12.3742,7.89207],[-12.37573,7.88922],[-12.37411,7.88874],[-12.3684,7.89226],[-12.36226,7.89321],[-12.35997,7.89655],[-12.35864,7.89664],[-12.35702,7.89588],[-12.35617,7.89207],[-12.35226,7.89293],[-12.3536,7.88817],[-12.35055,7.8876],[-12.3476,7.88474],[-12.34722,7.88075],[-12.34208,7.88246],[-12.33675,7.88065],[-12.33856,7.88579],[-12.3378,7.88703],[-12.33389,7.88636],[-12.32971,7.88255],[-12.32799,7.88379],[-12.32262,7.89407],[-12.32147,7.89388],[-12.32062,7.88884],[-12.31909,7.89179],[-12.31729,7.89245],[-12.31262,7.8915],[-12.31129,7.88979],[-12.31281,7.88436],[-12.31177,7.88313],[-12.31043,7.88351],[-12.30377,7.89036],[-12.29806,7.89083],[-12.29511,7.89531],[-12.28683,7.89921],[-12.28778,7.90597],[-12.2805,7.90216],[-12.27869,7.90416],[-12.27288,7.91948],[-12.27764,7.92538],[-12.27507,7.9309],[-12.27798,7.93709],[-12.27731,7.94337],[-12.28207,7.9448],[-12.28435,7.94918],[-12.29282,7.9527],[-12.29468,7.95527],[-12.28688,7.96298],[-12.27945,7.96498],[-12.27755,7.97621],[-12.26908,7.97735],[-12.2667,7.98259],[-12.25647,7.99251],[-12.26241,7.99885],[-12.26686,8.01148],[-12.27058,8.01763],[-12.28906,8.00021],[-12.29086,7.99231],[-12.30048,7.98964],[-12.30191,7.98821],[-12.30219,7.98412],[-12.31171,7.98717],[-12.32308,7.99345],[-12.32775,7.99211],[-12.33251,7.99345],[-12.33584,8.00021],[-12.35202,8.01029],[-12.35692,8.0162],[-12.36796,8.02543],[-12.38443,8.03466],[-12.39485,8.04332],[-12.39818,8.04475],[-12.40713,8.04494],[-12.41674,8.03942],[-12.41874,8.03923],[-12.42188,8.04142],[-12.42978,8.03818],[-12.44239,8.02666],[-12.45567,8.01153],[-12.45938,8.00972],[-12.46556,8.00991],[-12.47765,8.01572],[-12.48289,8.02067],[-12.48574,8.02809],[-12.49578,8.03399],[-12.50007,8.03418],[-12.52748,8.0418],[-12.53723,8.04123],[-12.55218,8.03666],[-12.56189,8.03028],[-12.56398,8.0299],[-12.56731,8.03323],[-12.57112,8.03199],[-12.57464,8.02771],[-12.5765,8.00106],[-12.57949,7.99164],[-12.57902,7.98212],[-12.57664,7.97755],[-12.57659,7.97279],[-12.57849,7.95985],[-12.58049,7.95585],[-12.60072,7.93996],[-12.61814,7.93139],[-12.6267,7.9292],[-12.63717,7.92349],[-12.64231,7.91826],[-12.64526,7.91321],[-12.64517,7.91178],[-12.64117,7.9114],[-12.62756,7.91226],[-12.61133,7.90093],[-12.60962,7.89637],[-12.62071,7.86391],[-12.61195,7.85848],[-12.59325,7.84982],[-12.58953,7.84449],[-12.58915,7.84202],[-12.58915,7.83774],[-12.59258,7.83174],[-12.5922,7.82888],[-12.5872,7.81794],[-12.58121,7.81204],[-12.56683,7.80547],[-12.56541,7.80033],[-12.5626,7.79709],[-12.56327,7.79195],[-12.56498,7.789],[-12.56155,7.78358],[-12.56365,7.78358],[-12.56536,7.77834],[-12.5635,7.7693],[-12.56388,7.76787],[-12.56703,7.76787],[-12.56693,7.76226],[-12.56446,7.7594],[-12.56046,7.75883],[-12.55979,7.75769],[-12.56246,7.75588],[-12.5616,7.75331],[-12.55789,7.7515],[-12.55732,7.74951],[-12.55951,7.74779],[-12.56636,7.74903],[-12.56593,7.74674],[-12.56184,7.74389],[-12.56726,7.7417],[-12.56802,7.73323],[-12.56288,7.73142],[-12.56308,7.72971],[-12.56717,7.7279],[-12.57088,7.72895],[-12.5725,7.72419],[-12.57564,7.72628],[-12.57659,7.73247],[-12.58087,7.73304],[-12.58601,7.73647],[-12.5923,7.73504],[-12.59448,7.7357],[-12.59739,7.73983],[-12.61219,7.73335],[-12.62052,7.73451],[-12.62168,7.72852],[-12.61077,7.71844],[-12.60952,7.71328],[-12.61061,7.70936],[-12.61448,7.70382],[-12.6226,7.69637]]]}},{"type":"Feature","properties":{"name":"Bagbwe(Bagbe)","district":"Bo"},"geometry":{"type":"Polygon","coordinates":[[[-11.59673,8.03328],[-11.59334,8.03176],[-11.58439,8.01397],[-11.57868,8.00982],[-11.57116,8.00116],[-11.55838,8.00208],[-11.5504,8.00645],[-11.54281,8.0068],[-11.53067,8.00254],[-11.52911,7.99715],[-11.50786,7.99605],[-11.50204,7.99108],[-11.49672,7.99229],[-11.49235,7.98728],[-11.49065,7.98821],[-11.48675,7.9953],[-11.48447,7.99644],[-11.47752,7.99509],[-11.45896,7.99754],[-11.45847,7.99917],[-11.46149,8.00977],[-11.46783,8.02003],[-11.47599,8.02958],[-11.48384,8.03488],[-11.49928,8.04182],[-11.50311,8.04071],[-11.50805,8.04282],[-11.5008,8.05256],[-11.49825,8.05323],[-11.49042,8.05933],[-11.48462,8.06791],[-11.48606,8.06969],[-11.48334,8.07296],[-11.46566,8.08892],[-11.46536,8.0904],[-11.47904,8.11757],[-11.47668,8.1231],[-11.47874,8.12854],[-11.47743,8.13534],[-11.46885,8.15407],[-11.47224,8.15629],[-11.47163,8.15913],[-11.4703,8.16301],[-11.46508,8.16865],[-11.46489,8.17136],[-11.46816,8.17536],[-11.4703,8.18142],[-11.48017,8.18198],[-11.49461,8.17117],[-11.49885,8.16991],[-11.50603,8.16963],[-11.51814,8.16618],[-11.53556,8.16404],[-11.54711,8.14778],[-11.54839,8.14297],[-11.55649,8.14065],[-11.5637,8.14185],[-11.56677,8.1411],[-11.56752,8.13945],[-11.5664,8.13562],[-11.56887,8.13382],[-11.56839,8.13183],[-11.57101,8.12688],[-11.57319,8.1268],[-11.57626,8.12328],[-11.58137,8.1247],[-11.58812,8.12335],[-11.5879,8.1208],[-11.59052,8.11907],[-11.59007,8.11645],[-11.59765,8.11344],[-11.59784,8.10395],[-11.59604,8.1002],[-11.59716,8.09427],[-11.59799,8.09345],[-11.60197,8.09645],[-11.60294,8.09622],[-11.60287,8.09277],[-11.60519,8.0936],[-11.60744,8.09277],[-11.60831,8.0862],[-11.60688,8.08035],[-11.61056,8.08028],[-11.61604,8.08448],[-11.62091,8.0832],[-11.62444,8.0838],[-11.62429,8.07742],[-11.62684,8.07555],[-11.6324,8.07442],[-11.63217,8.07307],[-11.62594,8.07127],[-11.62362,8.0727],[-11.62144,8.07195],[-11.619,8.06763],[-11.61547,8.06726],[-11.61547,8.06283],[-11.61187,8.05705],[-11.60362,8.05307],[-11.60065,8.04148],[-11.596,8.03473],[-11.59673,8.03328]]]}},{"type":"Feature","properties":{"name":"Bagbo","district":"Bo"},"geometry":{"type":"Polygon","coordinates":[[[-11.77469,7.71542],[-11.77961,7.70971],[-11.79771,7.7005],[-11.80299,7.69434],[-11.80577,7.67965],[-11.80478,7.66794],[-11.80652,7.66667],[-11.81375,7.66525],[-11.82097,7.65985],[-11.83391,7.65421],[-11.83665,7.65234],[-11.83927,7.64814],[-11.84491,7.64861],[-11.85523,7.64409],[-11.8698,7.64365],[-11.87536,7.64151],[-11.88147,7.6323],[-11.88314,7.62761],[-11.88838,7.62785],[-11.891,7.62563],[-11.89314,7.62579],[-11.89659,7.62281],[-11.89731,7.61916],[-11.89874,7.61836],[-11.92517,7.6267],[-11.93784,7.60689],[-11.9522,7.60302],[-11.95382,7.59966],[-11.96269,7.59515],[-11.97157,7.58366],[-11.97418,7.57697],[-11.984,7.56533],[-11.9872,7.55966],[-11.98938,7.55268],[-11.98647,7.54599],[-11.98153,7.53959],[-11.96655,7.53086],[-11.956,7.52955],[-11.92517,7.53101],[-11.91921,7.53464],[-11.91644,7.53552],[-11.91397,7.53464],[-11.89972,7.52577],[-11.89462,7.51923],[-11.87935,7.51006],[-11.89252,7.49639],[-11.89993,7.49101],[-11.89485,7.48486],[-11.8854,7.48075],[-11.88012,7.48075],[-11.86956,7.48319],[-11.86225,7.48725],[-11.85738,7.50715],[-11.85982,7.51284],[-11.86713,7.52056],[-11.87159,7.52909],[-11.86631,7.53559],[-11.86225,7.53884],[-11.85738,7.53965],[-11.85169,7.53599],[-11.846,7.5299],[-11.83748,7.53031],[-11.83341,7.52828],[-11.82366,7.52828],[-11.82163,7.53071],[-11.82407,7.53843],[-11.82854,7.5433],[-11.84113,7.55224],[-11.84804,7.56118],[-11.83971,7.57377],[-11.82671,7.58474],[-11.81331,7.58392],[-11.80721,7.58514],[-11.80315,7.59123],[-11.79787,7.59408],[-11.79219,7.58555],[-11.76903,7.6022],[-11.75522,7.62739],[-11.75075,7.63429],[-11.74629,7.63754],[-11.74466,7.64566],[-11.7406,7.65257],[-11.74344,7.65704],[-11.74304,7.66313],[-11.73671,7.66578],[-11.74509,7.6737],[-11.75649,7.69262],[-11.77469,7.71542]]]}},{"type":"Feature","properties":{"name":"Badjia","district":"Bo"},"geometry":{"type":"Polygon","coordinates":[[[-11.39963,8.15396],[-11.40983,8.15496],[-11.4185,8.15337],[-11.42879,8.15631],[-11.43429,8.16153],[-11.4342,8.16386],[-11.43038,8.16656],[-11.44333,8.17354],[-11.44398,8.17746],[-11.4546,8.17513],[-11.46508,8.16865],[-11.4703,8.16301],[-11.47224,8.15629],[-11.46885,8.15407],[-11.47743,8.13534],[-11.47874,8.12854],[-11.47668,8.1231],[-11.47904,8.11757],[-11.46536,8.0904],[-11.46566,8.08892],[-11.48334,8.07296],[-11.48606,8.06969],[-11.48462,8.06791],[-11.49042,8.05933],[-11.49825,8.05323],[-11.5008,8.05256],[-11.50805,8.04282],[-11.50311,8.04071],[-11.49928,8.04182],[-11.48384,8.03488],[-11.47599,8.02958],[-11.46783,8.02003],[-11.46108,8.00912],[-11.45558,8.0099],[-11.45409,8.01545],[-11.44487,8.0215],[-11.44085,8.02203],[-11.43751,8.01981],[-11.42797,8.02175],[-11.42178,8.01994],[-11.41833,8.02217],[-11.41717,8.02539],[-11.41506,8.02683],[-11.41467,8.03316],[-11.41045,8.03244],[-11.41031,8.04096],[-11.39843,8.04545],[-11.39521,8.05106],[-11.39321,8.05006],[-11.39177,8.05084],[-11.38824,8.04759],[-11.38547,8.04837],[-11.38058,8.05647],[-11.37769,8.05664],[-11.37137,8.05409],[-11.36704,8.05675],[-11.36284,8.06194],[-11.36035,8.06167],[-11.35418,8.0655],[-11.35063,8.06383],[-11.34619,8.06378],[-11.34536,8.06144],[-11.33994,8.05914],[-11.33637,8.05931],[-11.33454,8.09433],[-11.34348,8.11842],[-11.34239,8.12353],[-11.34567,8.12864],[-11.35735,8.12791],[-11.38473,8.13375],[-11.39897,8.13302],[-11.40335,8.1374],[-11.40152,8.14543],[-11.40262,8.14799],[-11.39963,8.15396]]]}}]}